k,h,s,yD,pplant_mw
2,1,1,0,0.0000000000
2,1,2,0,0.0000000000
2,1,3,0,0.0000000000
2,2,1,0,0.0000000000
2,2,2,0,0.0000000000
2,2,3,0,0.0000000000
2,3,1,0,0.0000000000
2,3,2,0,0.0000000000
2,3,3,0,0.0000000000
2,4,1,0,0.0000000000
2,4,2,0,0.0000000000
2,4,3,0,0.0000000000
2,5,1,0,0.0000000000
2,5,2,0,0.0000000000
2,5,3,0,0.0000000000
2,6,1,0,0.0000000000
2,6,2,0,0.0000000000
2,6,3,0,0.0000000000
2,7,1,0,0.0000000000
2,7,2,0,0.0000000000
2,7,3,0,0.0000000000
2,8,1,0,0.0000000000
2,8,2,0,0.0000000000
2,8,3,0,0.0000000000
2,9,1,0,0.0000000000
2,9,2,0,0.0000000000
2,9,3,0,0.0000000000
2,10,1,0,0.0000000000
2,10,2,0,0.0000000000
2,10,3,0,0.0000000000
2,11,1,0,0.0000000000
2,11,2,0,0.0000000000
2,11,3,0,0.0000000000
2,12,1,0,0.0000000000
2,12,2,0,0.0000000000
2,12,3,0,0.0000000000
2,13,1,0,0.0000000000
2,13,2,0,0.0000000000
2,13,3,0,0.0000000000
2,14,1,0,0.0000000000
2,14,2,0,0.0000000000
2,14,3,0,0.0000000000
2,15,1,0,0.0000000000
2,15,2,0,0.0000000000
2,15,3,0,0.0000000000
2,16,1,0,0.0000000000
2,16,2,0,0.0000000000
2,16,3,0,0.0000000000
2,17,1,0,0.0000000000
2,17,2,0,0.0000000000
2,17,3,0,0.0000000000
2,18,1,0,0.0000000000
2,18,2,0,0.0000000000
2,18,3,0,0.0000000000
2,19,1,0,0.0000000000
2,19,2,0,0.0000000000
2,19,3,0,0.0000000000
2,20,1,0,0.0000000000
2,20,2,0,0.0000000000
2,20,3,0,0.0000000000
2,21,1,0,0.0000000000
2,21,2,0,0.0000000000
2,21,3,0,0.0000000000
2,22,1,0,0.0000000000
2,22,2,0,0.0000000000
2,22,3,0,0.0000000000
2,23,1,0,0.0000000000
2,23,2,0,0.0000000000
2,23,3,0,0.0000000000
2,24,1,0,0.0000000000
2,24,2,0,0.0000000000
2,24,3,0,0.0000000000
2,25,1,0,0.0000000000
2,25,2,0,0.0000000000
2,25,3,0,0.0000000000
2,26,1,0,0.0000000000
2,26,2,0,0.0000000000
2,26,3,0,0.0000000000
2,27,1,0,0.0000000000
2,27,2,0,0.0000000000
2,27,3,0,0.0000000000
2,28,1,0,0.0000000000
2,28,2,0,0.0000000000
2,28,3,0,0.0000000000
2,29,1,0,0.0000000000
2,29,2,0,0.0000000000
2,29,3,0,0.0000000000
2,30,1,0,0.0000000000
2,30,2,0,0.0000000000
2,30,3,0,0.0000000000
2,31,1,0,0.0000000000
2,31,2,0,0.0000000000
2,31,3,0,0.0000000000
2,32,1,0,0.0000000000
2,32,2,0,0.0000000000
2,32,3,0,0.0000000000
2,33,1,0,0.0000000000
2,33,2,0,0.0000000000
2,33,3,0,0.0000000000
2,34,1,0,0.0000000000
2,34,2,0,0.0000000000
2,34,3,0,0.0000000000
2,35,1,0,0.0000000000
2,35,2,0,0.0000000000
2,35,3,0,0.0000000000
2,36,1,0,0.0000000000
2,36,2,0,0.0000000000
2,36,3,0,0.0000000000
2,37,1,0,0.0000000000
2,37,2,0,0.0000000000
2,37,3,0,0.0000000000
2,38,1,0,0.0000000000
2,38,2,0,0.0000000000
2,38,3,0,0.0000000000
2,39,1,0,0.0000000000
2,39,2,0,0.0000000000
2,39,3,0,0.0000000000
2,40,1,0,0.0000000000
2,40,2,0,0.0000000000
2,40,3,0,0.0000000000
2,41,1,0,0.0000000000
2,41,2,0,0.0000000000
2,41,3,0,0.0000000000
2,42,1,0,0.0000000000
2,42,2,0,0.0000000000
2,42,3,0,0.0000000000
2,43,1,0,0.0000000000
2,43,2,0,0.0000000000
2,43,3,0,0.0000000000
2,44,1,0,0.0000000000
2,44,2,0,0.0000000000
2,44,3,0,0.0000000000
2,45,1,0,0.0000000000
2,45,2,0,0.0000000000
2,45,3,0,0.0000000000
2,46,1,0,0.0000000000
2,46,2,0,0.0000000000
2,46,3,0,0.0000000000
2,47,1,0,0.0000000000
2,47,2,0,0.0000000000
2,47,3,0,0.0000000000
2,48,1,0,0.0000000000
2,48,2,0,0.0000000000
2,48,3,0,0.0000000000
2,49,1,0,0.0000000000
2,49,2,0,0.0000000000
2,49,3,0,0.0000000000
2,50,1,0,0.0000000000
2,50,2,0,0.0000000000
2,50,3,0,0.0000000000
2,51,1,0,0.0000000000
2,51,2,0,0.0000000000
2,51,3,0,0.0000000000
2,52,1,0,0.0000000000
2,52,2,0,0.0000000000
2,52,3,0,0.0000000000
2,53,1,0,0.0000000000
2,53,2,0,0.0000000000
2,53,3,0,0.0000000000
2,54,1,0,0.0000000000
2,54,2,0,0.0000000000
2,54,3,0,0.0000000000
2,55,1,0,0.0000000000
2,55,2,0,0.0000000000
2,55,3,0,0.0000000000
2,56,1,0,0.0000000000
2,56,2,0,0.0000000000
2,56,3,0,0.0000000000
2,57,1,0,0.0000000000
2,57,2,0,0.0000000000
2,57,3,0,0.0000000000
2,58,1,0,0.0000000000
2,58,2,0,0.0000000000
2,58,3,0,0.0000000000
2,59,1,0,0.0000000000
2,59,2,0,0.0000000000
2,59,3,0,0.0000000000
2,60,1,0,0.0000000000
2,60,2,0,0.0000000000
2,60,3,0,0.0000000000
2,61,1,0,0.0000000000
2,61,2,0,0.0000000000
2,61,3,0,0.0000000000
2,62,1,0,0.0000000000
2,62,2,0,0.0000000000
2,62,3,0,0.0000000000
2,63,1,0,0.0000000000
2,63,2,0,0.0000000000
2,63,3,0,0.0000000000
2,64,1,0,0.0000000000
2,64,2,0,0.0000000000
2,64,3,0,0.0000000000
2,65,1,0,0.0000000000
2,65,2,0,0.0000000000
2,65,3,0,0.0000000000
2,66,1,0,0.0000000000
2,66,2,0,0.0000000000
2,66,3,0,0.0000000000
2,67,1,0,0.0000000000
2,67,2,0,0.0000000000
2,67,3,0,0.0000000000
2,68,1,0,0.0000000000
2,68,2,0,0.0000000000
2,68,3,0,0.0000000000
2,69,1,0,0.0000000000
2,69,2,0,0.0000000000
2,69,3,0,0.0000000000
2,70,1,0,0.0000000000
2,70,2,0,0.0000000000
2,70,3,0,0.0000000000
2,71,1,0,0.0000000000
2,71,2,0,0.0000000000
2,71,3,0,0.0000000000
2,72,1,0,0.0000000000
2,72,2,0,0.0000000000
2,72,3,0,0.0000000000
2,73,1,0,0.0000000000
2,73,2,0,0.0000000000
2,73,3,0,0.0000000000
2,74,1,0,0.0000000000
2,74,2,0,0.0000000000
2,74,3,0,0.0000000000
2,75,1,0,0.0000000000
2,75,2,0,0.0000000000
2,75,3,0,0.0000000000
2,76,1,0,0.0000000000
2,76,2,0,0.0000000000
2,76,3,0,0.0000000000
2,77,1,0,0.0000000000
2,77,2,0,0.0000000000
2,77,3,0,0.0000000000
2,78,1,0,0.0000000000
2,78,2,0,0.0000000000
2,78,3,0,0.0000000000
2,79,1,0,0.0000000000
2,79,2,0,0.0000000000
2,79,3,0,0.0000000000
2,80,1,0,0.0000000000
2,80,2,0,0.0000000000
2,80,3,0,0.0000000000
2,81,1,0,0.0000000000
2,81,2,0,0.0000000000
2,81,3,0,0.0000000000
2,82,1,0,0.0000000000
2,82,2,0,0.0000000000
2,82,3,0,0.0000000000
2,83,1,0,0.0000000000
2,83,2,0,0.0000000000
2,83,3,0,0.0000000000
2,84,1,0,0.0000000000
2,84,2,0,0.0000000000
2,84,3,0,0.0000000000
2,85,1,0,0.0000000000
2,85,2,0,0.0000000000
2,85,3,0,0.0000000000
2,86,1,0,0.0000000000
2,86,2,0,0.0000000000
2,86,3,0,0.0000000000
2,87,1,0,0.0000000000
2,87,2,0,0.0000000000
2,87,3,0,0.0000000000
2,88,1,0,0.0000000000
2,88,2,0,0.0000000000
2,88,3,0,0.0000000000
2,89,1,0,0.0000000000
2,89,2,0,0.0000000000
2,89,3,0,0.0000000000
2,90,1,0,0.0000000000
2,90,2,0,0.0000000000
2,90,3,0,0.0000000000
2,91,1,0,0.0000000000
2,91,2,0,0.0000000000
2,91,3,0,0.0000000000
2,92,1,0,0.0000000000
2,92,2,0,0.0000000000
2,92,3,0,0.0000000000
2,93,1,0,0.0000000000
2,93,2,0,0.0000000000
2,93,3,0,0.0000000000
2,94,1,0,0.0000000000
2,94,2,0,0.0000000000
2,94,3,0,0.0000000000
2,95,1,0,0.0000000000
2,95,2,0,0.0000000000
2,95,3,0,0.0000000000
2,96,1,0,0.0000000000
2,96,2,0,0.0000000000
2,96,3,0,0.0000000000
2,97,1,0,0.0000000000
2,97,2,0,0.0000000000
2,97,3,0,0.0000000000
2,98,1,0,0.0000000000
2,98,2,0,0.0000000000
2,98,3,0,0.0000000000
2,99,1,0,0.0000000000
2,99,2,0,0.0000000000
2,99,3,0,0.0000000000
2,100,1,0,0.0000000000
2,100,2,0,0.0000000000
2,100,3,0,0.0000000000
2,101,1,0,0.0000000000
2,101,2,0,0.0000000000
2,101,3,0,0.0000000000
2,102,1,0,0.0000000000
2,102,2,0,0.0000000000
2,102,3,0,0.0000000000
2,103,1,0,0.0000000000
2,103,2,0,0.0000000000
2,103,3,0,0.0000000000
2,104,1,0,0.0000000000
2,104,2,0,0.0000000000
2,104,3,0,0.0000000000
2,105,1,0,0.0000000000
2,105,2,0,0.0000000000
2,105,3,0,0.0000000000
2,106,1,0,0.0000000000
2,106,2,0,0.0000000000
2,106,3,0,0.0000000000
2,107,1,0,0.0000000000
2,107,2,0,0.0000000000
2,107,3,0,0.0000000000
2,108,1,0,0.0000000000
2,108,2,0,0.0000000000
2,108,3,0,0.0000000000
2,109,1,0,0.0000000000
2,109,2,0,0.0000000000
2,109,3,0,0.0000000000
2,110,1,0,0.0000000000
2,110,2,0,0.0000000000
2,110,3,0,0.0000000000
2,111,1,0,0.0000000000
2,111,2,0,0.0000000000
2,111,3,0,0.0000000000
2,112,1,0,0.0000000000
2,112,2,0,0.0000000000
2,112,3,0,0.0000000000
2,113,1,0,0.0000000000
2,113,2,0,0.0000000000
2,113,3,0,0.0000000000
2,114,1,0,0.0000000000
2,114,2,0,0.0000000000
2,114,3,0,0.0000000000
2,115,1,0,0.0000000000
2,115,2,0,0.0000000000
2,115,3,0,0.0000000000
2,116,1,0,0.0000000000
2,116,2,0,0.0000000000
2,116,3,0,0.0000000000
2,117,1,0,0.0000000000
2,117,2,0,0.0000000000
2,117,3,0,0.0000000000
2,118,1,0,0.0000000000
2,118,2,0,0.0000000000
2,118,3,0,0.0000000000
2,119,1,0,0.0000000000
2,119,2,0,0.0000000000
2,119,3,0,0.0000000000
2,120,1,0,0.0000000000
2,120,2,0,0.0000000000
2,120,3,0,0.0000000000
2,121,1,0,0.0000000000
2,121,2,0,0.0000000000
2,121,3,0,0.0000000000
2,122,1,0,0.0000000000
2,122,2,0,0.0000000000
2,122,3,0,0.0000000000
2,123,1,0,0.0000000000
2,123,2,0,0.0000000000
2,123,3,0,0.0000000000
2,124,1,0,0.0000000000
2,124,2,0,0.0000000000
2,124,3,0,0.0000000000
2,125,1,0,0.0000000000
2,125,2,0,0.0000000000
2,125,3,0,0.0000000000
2,126,1,0,0.0000000000
2,126,2,0,0.0000000000
2,126,3,0,0.0000000000
2,127,1,0,0.0000000000
2,127,2,0,0.0000000000
2,127,3,0,0.0000000000
2,128,1,0,0.0000000000
2,128,2,0,0.0000000000
2,128,3,0,0.0000000000
2,129,1,0,0.0000000000
2,129,2,0,0.0000000000
2,129,3,0,0.0000000000
2,130,1,0,0.0000000000
2,130,2,0,0.0000000000
2,130,3,0,0.0000000000
2,131,1,0,0.0000000000
2,131,2,0,0.0000000000
2,131,3,0,0.0000000000
2,132,1,0,0.0000000000
2,132,2,0,0.0000000000
2,132,3,0,0.0000000000
2,133,1,0,0.0000000000
2,133,2,0,0.0000000000
2,133,3,0,0.0000000000
2,134,1,0,0.0000000000
2,134,2,0,0.0000000000
2,134,3,0,0.0000000000
2,135,1,0,0.0000000000
2,135,2,0,0.0000000000
2,135,3,0,0.0000000000
2,136,1,0,0.0000000000
2,136,2,0,0.0000000000
2,136,3,0,0.0000000000
2,137,1,0,0.0000000000
2,137,2,0,0.0000000000
2,137,3,0,0.0000000000
2,138,1,0,0.0000000000
2,138,2,0,0.0000000000
2,138,3,0,0.0000000000
2,139,1,0,0.0000000000
2,139,2,0,0.0000000000
2,139,3,0,0.0000000000
2,140,1,0,0.0000000000
2,140,2,0,0.0000000000
2,140,3,0,0.0000000000
2,141,1,0,0.0000000000
2,141,2,0,0.0000000000
2,141,3,0,0.0000000000
2,142,1,0,0.0000000000
2,142,2,0,0.0000000000
2,142,3,0,0.0000000000
2,143,1,0,0.0000000000
2,143,2,0,0.0000000000
2,143,3,0,0.0000000000
2,144,1,0,0.0000000000
2,144,2,0,0.0000000000
2,144,3,0,0.0000000000
2,145,1,0,0.0000000000
2,145,2,0,0.0000000000
2,145,3,0,0.0000000000
2,146,1,0,0.0000000000
2,146,2,0,0.0000000000
2,146,3,0,0.0000000000
2,147,1,0,0.0000000000
2,147,2,0,0.0000000000
2,147,3,0,0.0000000000
2,148,1,0,0.0000000000
2,148,2,0,0.0000000000
2,148,3,0,0.0000000000
2,149,1,0,0.0000000000
2,149,2,0,0.0000000000
2,149,3,0,0.0000000000
2,150,1,0,0.0000000000
2,150,2,0,0.0000000000
2,150,3,0,0.0000000000
2,151,1,0,0.0000000000
2,151,2,0,0.0000000000
2,151,3,0,0.0000000000
2,152,1,0,0.0000000000
2,152,2,0,0.0000000000
2,152,3,0,0.0000000000
2,153,1,0,0.0000000000
2,153,2,0,0.0000000000
2,153,3,0,0.0000000000
2,154,1,0,0.0000000000
2,154,2,0,0.0000000000
2,154,3,0,0.0000000000
2,155,1,0,0.0000000000
2,155,2,0,0.0000000000
2,155,3,0,0.0000000000
2,156,1,0,0.0000000000
2,156,2,0,0.0000000000
2,156,3,0,0.0000000000
2,157,1,0,0.0000000000
2,157,2,0,0.0000000000
2,157,3,0,0.0000000000
2,158,1,0,0.0000000000
2,158,2,0,0.0000000000
2,158,3,0,0.0000000000
2,159,1,0,0.0000000000
2,159,2,0,0.0000000000
2,159,3,0,0.0000000000
2,160,1,0,0.0000000000
2,160,2,0,0.0000000000
2,160,3,0,0.0000000000
2,161,1,0,0.0000000000
2,161,2,0,0.0000000000
2,161,3,0,0.0000000000
2,162,1,0,0.0000000000
2,162,2,0,0.0000000000
2,162,3,0,0.0000000000
2,163,1,0,0.0000000000
2,163,2,0,0.0000000000
2,163,3,0,0.0000000000
2,164,1,0,0.0000000000
2,164,2,0,0.0000000000
2,164,3,0,0.0000000000
2,165,1,0,0.0000000000
2,165,2,0,0.0000000000
2,165,3,0,0.0000000000
2,166,1,0,0.0000000000
2,166,2,0,0.0000000000
2,166,3,0,0.0000000000
2,167,1,0,0.0000000000
2,167,2,0,0.0000000000
2,167,3,0,0.0000000000
2,168,1,0,0.0000000000
2,168,2,0,0.0000000000
2,168,3,0,0.0000000000
3,1,1,0,0.0000000000
3,1,2,0,0.0000000000
3,1,3,0,0.0000000000
3,2,1,0,0.0000000000
3,2,2,0,0.0000000000
3,2,3,0,0.0000000000
3,3,1,0,0.0000000000
3,3,2,0,0.0000000000
3,3,3,0,0.0000000000
3,4,1,0,0.0000000000
3,4,2,0,0.0000000000
3,4,3,0,0.0000000000
3,5,1,0,0.0000000000
3,5,2,0,0.0000000000
3,5,3,0,0.0000000000
3,6,1,0,0.0000000000
3,6,2,0,0.0000000000
3,6,3,0,0.0000000000
3,7,1,0,0.0000000000
3,7,2,0,0.0000000000
3,7,3,0,0.0000000000
3,8,1,0,0.0000000000
3,8,2,0,0.0000000000
3,8,3,0,0.0000000000
3,9,1,0,0.0000000000
3,9,2,0,0.0000000000
3,9,3,0,0.0000000000
3,10,1,0,0.0000000000
3,10,2,0,0.0000000000
3,10,3,0,0.0000000000
3,11,1,0,0.0000000000
3,11,2,0,0.0000000000
3,11,3,0,0.0000000000
3,12,1,0,0.0000000000
3,12,2,0,0.0000000000
3,12,3,0,0.0000000000
3,13,1,0,0.0000000000
3,13,2,0,0.0000000000
3,13,3,0,0.0000000000
3,14,1,0,0.0000000000
3,14,2,0,0.0000000000
3,14,3,0,0.0000000000
3,15,1,0,0.0000000000
3,15,2,0,0.0000000000
3,15,3,0,0.0000000000
3,16,1,0,0.0000000000
3,16,2,0,0.0000000000
3,16,3,0,0.0000000000
3,17,1,0,0.0000000000
3,17,2,0,0.0000000000
3,17,3,0,0.0000000000
3,18,1,0,0.0000000000
3,18,2,0,0.0000000000
3,18,3,0,0.0000000000
3,19,1,0,0.0000000000
3,19,2,0,0.0000000000
3,19,3,0,0.0000000000
3,20,1,0,0.0000000000
3,20,2,0,0.0000000000
3,20,3,0,0.0000000000
3,21,1,0,0.0000000000
3,21,2,0,0.0000000000
3,21,3,0,0.0000000000
3,22,1,0,0.0000000000
3,22,2,0,0.0000000000
3,22,3,0,0.0000000000
3,23,1,0,0.0000000000
3,23,2,0,0.0000000000
3,23,3,0,0.0000000000
3,24,1,0,0.0000000000
3,24,2,0,0.0000000000
3,24,3,0,0.0000000000
3,25,1,0,0.0000000000
3,25,2,0,0.0000000000
3,25,3,0,0.0000000000
3,26,1,0,0.0000000000
3,26,2,0,0.0000000000
3,26,3,0,0.0000000000
3,27,1,0,0.0000000000
3,27,2,0,0.0000000000
3,27,3,0,0.0000000000
3,28,1,0,0.0000000000
3,28,2,0,0.0000000000
3,28,3,0,0.0000000000
3,29,1,0,0.0000000000
3,29,2,0,0.0000000000
3,29,3,0,0.0000000000
3,30,1,0,0.0000000000
3,30,2,0,0.0000000000
3,30,3,0,0.0000000000
3,31,1,0,0.0000000000
3,31,2,0,0.0000000000
3,31,3,0,0.0000000000
3,32,1,0,0.0000000000
3,32,2,0,0.0000000000
3,32,3,0,0.0000000000
3,33,1,0,0.0000000000
3,33,2,0,0.0000000000
3,33,3,0,0.0000000000
3,34,1,0,0.0000000000
3,34,2,0,0.0000000000
3,34,3,0,0.0000000000
3,35,1,0,0.0000000000
3,35,2,0,0.0000000000
3,35,3,0,0.0000000000
3,36,1,0,0.0000000000
3,36,2,0,0.0000000000
3,36,3,0,0.0000000000
3,37,1,0,0.0000000000
3,37,2,0,0.0000000000
3,37,3,0,0.0000000000
3,38,1,0,0.0000000000
3,38,2,0,0.0000000000
3,38,3,0,0.0000000000
3,39,1,0,0.0000000000
3,39,2,0,0.0000000000
3,39,3,0,0.0000000000
3,40,1,0,0.0000000000
3,40,2,0,0.0000000000
3,40,3,0,0.0000000000
3,41,1,0,0.0000000000
3,41,2,0,0.0000000000
3,41,3,0,0.0000000000
3,42,1,0,0.0000000000
3,42,2,0,0.0000000000
3,42,3,0,0.0000000000
3,43,1,0,0.0000000000
3,43,2,0,0.0000000000
3,43,3,0,0.0000000000
3,44,1,0,0.0000000000
3,44,2,0,0.0000000000
3,44,3,0,0.0000000000
3,45,1,0,0.0000000000
3,45,2,0,0.0000000000
3,45,3,0,0.0000000000
3,46,1,0,0.0000000000
3,46,2,0,0.0000000000
3,46,3,0,0.0000000000
3,47,1,0,0.0000000000
3,47,2,0,0.0000000000
3,47,3,0,0.0000000000
3,48,1,0,0.0000000000
3,48,2,0,0.0000000000
3,48,3,0,0.0000000000
3,49,1,0,0.0000000000
3,49,2,0,0.0000000000
3,49,3,0,0.0000000000
3,50,1,0,0.0000000000
3,50,2,0,0.0000000000
3,50,3,0,0.0000000000
3,51,1,0,0.0000000000
3,51,2,0,0.0000000000
3,51,3,0,0.0000000000
3,52,1,0,0.0000000000
3,52,2,0,0.0000000000
3,52,3,0,0.0000000000
3,53,1,0,0.0000000000
3,53,2,0,0.0000000000
3,53,3,0,0.0000000000
3,54,1,0,0.0000000000
3,54,2,0,0.0000000000
3,54,3,0,0.0000000000
3,55,1,0,0.0000000000
3,55,2,0,0.0000000000
3,55,3,0,0.0000000000
3,56,1,0,0.0000000000
3,56,2,0,0.0000000000
3,56,3,0,0.0000000000
3,57,1,0,0.0000000000
3,57,2,0,0.0000000000
3,57,3,0,0.0000000000
3,58,1,0,0.0000000000
3,58,2,0,0.0000000000
3,58,3,0,0.0000000000
3,59,1,0,0.0000000000
3,59,2,0,0.0000000000
3,59,3,0,0.0000000000
3,60,1,0,0.0000000000
3,60,2,0,0.0000000000
3,60,3,0,0.0000000000
3,61,1,0,0.0000000000
3,61,2,0,0.0000000000
3,61,3,0,0.0000000000
3,62,1,0,0.0000000000
3,62,2,0,0.0000000000
3,62,3,0,0.0000000000
3,63,1,0,0.0000000000
3,63,2,0,0.0000000000
3,63,3,0,0.0000000000
3,64,1,0,0.0000000000
3,64,2,0,0.0000000000
3,64,3,0,0.0000000000
3,65,1,0,0.0000000000
3,65,2,0,0.0000000000
3,65,3,0,0.0000000000
3,66,1,0,0.0000000000
3,66,2,0,0.0000000000
3,66,3,0,0.0000000000
3,67,1,0,0.0000000000
3,67,2,0,0.0000000000
3,67,3,0,0.0000000000
3,68,1,0,0.0000000000
3,68,2,0,0.0000000000
3,68,3,0,0.0000000000
3,69,1,0,0.0000000000
3,69,2,0,0.0000000000
3,69,3,0,0.0000000000
3,70,1,0,0.0000000000
3,70,2,0,0.0000000000
3,70,3,0,0.0000000000
3,71,1,0,0.0000000000
3,71,2,0,0.0000000000
3,71,3,0,0.0000000000
3,72,1,0,0.0000000000
3,72,2,0,0.0000000000
3,72,3,0,0.0000000000
3,73,1,0,0.0000000000
3,73,2,0,0.0000000000
3,73,3,0,0.0000000000
3,74,1,0,0.0000000000
3,74,2,0,0.0000000000
3,74,3,0,0.0000000000
3,75,1,0,0.0000000000
3,75,2,0,0.0000000000
3,75,3,0,0.0000000000
3,76,1,0,0.0000000000
3,76,2,0,0.0000000000
3,76,3,0,0.0000000000
3,77,1,0,0.0000000000
3,77,2,0,0.0000000000
3,77,3,0,0.0000000000
3,78,1,0,0.0000000000
3,78,2,0,0.0000000000
3,78,3,0,0.0000000000
3,79,1,0,0.0000000000
3,79,2,0,0.0000000000
3,79,3,0,0.0000000000
3,80,1,0,0.0000000000
3,80,2,0,0.0000000000
3,80,3,0,0.0000000000
3,81,1,0,0.0000000000
3,81,2,0,0.0000000000
3,81,3,0,0.0000000000
3,82,1,0,0.0000000000
3,82,2,0,0.0000000000
3,82,3,0,0.0000000000
3,83,1,0,0.0000000000
3,83,2,0,0.0000000000
3,83,3,0,0.0000000000
3,84,1,0,0.0000000000
3,84,2,0,0.0000000000
3,84,3,0,0.0000000000
3,85,1,0,0.0000000000
3,85,2,0,0.0000000000
3,85,3,0,0.0000000000
3,86,1,0,0.0000000000
3,86,2,0,0.0000000000
3,86,3,0,0.0000000000
3,87,1,0,0.0000000000
3,87,2,0,0.0000000000
3,87,3,0,0.0000000000
3,88,1,0,0.0000000000
3,88,2,0,0.0000000000
3,88,3,0,0.0000000000
3,89,1,0,0.0000000000
3,89,2,0,0.0000000000
3,89,3,0,0.0000000000
3,90,1,0,0.0000000000
3,90,2,0,0.0000000000
3,90,3,0,0.0000000000
3,91,1,0,0.0000000000
3,91,2,0,0.0000000000
3,91,3,0,0.0000000000
3,92,1,0,0.0000000000
3,92,2,0,0.0000000000
3,92,3,0,0.0000000000
3,93,1,0,0.0000000000
3,93,2,0,0.0000000000
3,93,3,0,0.0000000000
3,94,1,0,0.0000000000
3,94,2,0,0.0000000000
3,94,3,0,0.0000000000
3,95,1,0,0.0000000000
3,95,2,0,0.0000000000
3,95,3,0,0.0000000000
3,96,1,0,0.0000000000
3,96,2,0,0.0000000000
3,96,3,0,0.0000000000
3,97,1,0,0.0000000000
3,97,2,0,0.0000000000
3,97,3,0,0.0000000000
3,98,1,0,0.0000000000
3,98,2,0,0.0000000000
3,98,3,0,0.0000000000
3,99,1,0,0.0000000000
3,99,2,0,0.0000000000
3,99,3,0,0.0000000000
3,100,1,0,0.0000000000
3,100,2,0,0.0000000000
3,100,3,0,0.0000000000
3,101,1,0,0.0000000000
3,101,2,0,0.0000000000
3,101,3,0,0.0000000000
3,102,1,0,0.0000000000
3,102,2,0,0.0000000000
3,102,3,0,0.0000000000
3,103,1,0,0.0000000000
3,103,2,0,0.0000000000
3,103,3,0,0.0000000000
3,104,1,0,0.0000000000
3,104,2,0,0.0000000000
3,104,3,0,0.0000000000
3,105,1,0,0.0000000000
3,105,2,0,0.0000000000
3,105,3,0,0.0000000000
3,106,1,0,0.0000000000
3,106,2,0,0.0000000000
3,106,3,0,0.0000000000
3,107,1,0,0.0000000000
3,107,2,0,0.0000000000
3,107,3,0,0.0000000000
3,108,1,0,0.0000000000
3,108,2,0,0.0000000000
3,108,3,0,0.0000000000
3,109,1,0,0.0000000000
3,109,2,0,0.0000000000
3,109,3,0,0.0000000000
3,110,1,0,0.0000000000
3,110,2,0,0.0000000000
3,110,3,0,0.0000000000
3,111,1,0,0.0000000000
3,111,2,0,0.0000000000
3,111,3,0,0.0000000000
3,112,1,0,0.0000000000
3,112,2,0,0.0000000000
3,112,3,0,0.0000000000
3,113,1,0,0.0000000000
3,113,2,0,0.0000000000
3,113,3,0,0.0000000000
3,114,1,0,0.0000000000
3,114,2,0,0.0000000000
3,114,3,0,0.0000000000
3,115,1,0,0.0000000000
3,115,2,0,0.0000000000
3,115,3,0,0.0000000000
3,116,1,0,0.0000000000
3,116,2,0,0.0000000000
3,116,3,0,0.0000000000
3,117,1,0,0.0000000000
3,117,2,0,0.0000000000
3,117,3,0,0.0000000000
3,118,1,0,0.0000000000
3,118,2,0,0.0000000000
3,118,3,0,0.0000000000
3,119,1,0,0.0000000000
3,119,2,0,0.0000000000
3,119,3,0,0.0000000000
3,120,1,0,0.0000000000
3,120,2,0,0.0000000000
3,120,3,0,0.0000000000
3,121,1,0,0.0000000000
3,121,2,0,0.0000000000
3,121,3,0,0.0000000000
3,122,1,0,0.0000000000
3,122,2,0,0.0000000000
3,122,3,0,0.0000000000
3,123,1,0,0.0000000000
3,123,2,0,0.0000000000
3,123,3,0,0.0000000000
3,124,1,0,0.0000000000
3,124,2,0,0.0000000000
3,124,3,0,0.0000000000
3,125,1,0,0.0000000000
3,125,2,0,0.0000000000
3,125,3,0,0.0000000000
3,126,1,0,0.0000000000
3,126,2,0,0.0000000000
3,126,3,0,0.0000000000
3,127,1,0,0.0000000000
3,127,2,0,0.0000000000
3,127,3,0,0.0000000000
3,128,1,0,0.0000000000
3,128,2,0,0.0000000000
3,128,3,0,0.0000000000
3,129,1,0,0.0000000000
3,129,2,0,0.0000000000
3,129,3,0,0.0000000000
3,130,1,0,0.0000000000
3,130,2,0,0.0000000000
3,130,3,0,0.0000000000
3,131,1,0,0.0000000000
3,131,2,0,0.0000000000
3,131,3,0,0.0000000000
3,132,1,0,0.0000000000
3,132,2,0,0.0000000000
3,132,3,0,0.0000000000
3,133,1,0,0.0000000000
3,133,2,0,0.0000000000
3,133,3,0,0.0000000000
3,134,1,0,0.0000000000
3,134,2,0,0.0000000000
3,134,3,0,0.0000000000
3,135,1,0,0.0000000000
3,135,2,0,0.0000000000
3,135,3,0,0.0000000000
3,136,1,0,0.0000000000
3,136,2,0,0.0000000000
3,136,3,0,0.0000000000
3,137,1,0,0.0000000000
3,137,2,0,0.0000000000
3,137,3,0,0.0000000000
3,138,1,0,0.0000000000
3,138,2,0,0.0000000000
3,138,3,0,0.0000000000
3,139,1,0,0.0000000000
3,139,2,0,0.0000000000
3,139,3,0,0.0000000000
3,140,1,0,0.0000000000
3,140,2,0,0.0000000000
3,140,3,0,0.0000000000
3,141,1,0,0.0000000000
3,141,2,0,0.0000000000
3,141,3,0,0.0000000000
3,142,1,0,0.0000000000
3,142,2,0,0.0000000000
3,142,3,0,0.0000000000
3,143,1,0,0.0000000000
3,143,2,0,0.0000000000
3,143,3,0,0.0000000000
3,144,1,0,0.0000000000
3,144,2,0,0.0000000000
3,144,3,0,0.0000000000
3,145,1,0,0.0000000000
3,145,2,0,0.0000000000
3,145,3,0,0.0000000000
3,146,1,0,0.0000000000
3,146,2,0,0.0000000000
3,146,3,0,0.0000000000
3,147,1,0,0.0000000000
3,147,2,0,0.0000000000
3,147,3,0,0.0000000000
3,148,1,0,0.0000000000
3,148,2,0,0.0000000000
3,148,3,0,0.0000000000
3,149,1,0,0.0000000000
3,149,2,0,0.0000000000
3,149,3,0,0.0000000000
3,150,1,0,0.0000000000
3,150,2,0,0.0000000000
3,150,3,0,0.0000000000
3,151,1,0,0.0000000000
3,151,2,0,0.0000000000
3,151,3,0,0.0000000000
3,152,1,0,0.0000000000
3,152,2,0,0.0000000000
3,152,3,0,0.0000000000
3,153,1,0,0.0000000000
3,153,2,0,0.0000000000
3,153,3,0,0.0000000000
3,154,1,0,0.0000000000
3,154,2,0,0.0000000000
3,154,3,0,0.0000000000
3,155,1,0,0.0000000000
3,155,2,0,0.0000000000
3,155,3,0,0.0000000000
3,156,1,0,0.0000000000
3,156,2,0,0.0000000000
3,156,3,0,0.0000000000
3,157,1,0,0.0000000000
3,157,2,0,0.0000000000
3,157,3,0,0.0000000000
3,158,1,0,0.0000000000
3,158,2,0,0.0000000000
3,158,3,0,0.0000000000
3,159,1,0,0.0000000000
3,159,2,0,0.0000000000
3,159,3,0,0.0000000000
3,160,1,0,0.0000000000
3,160,2,0,0.0000000000
3,160,3,0,0.0000000000
3,161,1,0,0.0000000000
3,161,2,0,0.0000000000
3,161,3,0,0.0000000000
3,162,1,0,0.0000000000
3,162,2,0,0.0000000000
3,162,3,0,0.0000000000
3,163,1,0,0.0000000000
3,163,2,0,0.0000000000
3,163,3,0,0.0000000000
3,164,1,0,0.0000000000
3,164,2,0,0.0000000000
3,164,3,0,0.0000000000
3,165,1,0,0.0000000000
3,165,2,0,0.0000000000
3,165,3,0,0.0000000000
3,166,1,0,0.0000000000
3,166,2,0,0.0000000000
3,166,3,0,0.0000000000
3,167,1,0,0.0000000000
3,167,2,0,0.0000000000
3,167,3,0,0.0000000000
3,168,1,0,0.0000000000
3,168,2,0,0.0000000000
3,168,3,0,0.0000000000
5,1,1,0,0.0000000000
5,1,2,0,0.0000000000
5,1,3,0,0.0000000000
5,2,1,0,0.0000000000
5,2,2,0,0.0000000000
5,2,3,0,0.0000000000
5,3,1,0,0.0000000000
5,3,2,0,0.0000000000
5,3,3,0,0.0000000000
5,4,1,0,0.0000000000
5,4,2,0,0.0000000000
5,4,3,0,0.0000000000
5,5,1,0,0.0000000000
5,5,2,0,0.0000000000
5,5,3,0,0.0000000000
5,6,1,0,0.0000000000
5,6,2,0,0.0000000000
5,6,3,0,0.0000000000
5,7,1,0,0.0000000000
5,7,2,0,0.0000000000
5,7,3,0,0.0000000000
5,8,1,0,0.0000000000
5,8,2,0,0.0000000000
5,8,3,0,0.0000000000
5,9,1,0,0.0000000000
5,9,2,0,0.0000000000
5,9,3,0,0.0000000000
5,10,1,0,0.0000000000
5,10,2,0,0.0000000000
5,10,3,0,0.0000000000
5,11,1,0,0.0000000000
5,11,2,0,0.0000000000
5,11,3,0,0.0000000000
5,12,1,0,0.0000000000
5,12,2,0,0.0000000000
5,12,3,0,0.0000000000
5,13,1,0,0.0000000000
5,13,2,0,0.0000000000
5,13,3,0,0.0000000000
5,14,1,0,0.0000000000
5,14,2,0,0.0000000000
5,14,3,0,0.0000000000
5,15,1,0,0.0000000000
5,15,2,0,0.0000000000
5,15,3,0,0.0000000000
5,16,1,0,0.0000000000
5,16,2,0,0.0000000000
5,16,3,0,0.0000000000
5,17,1,0,0.0000000000
5,17,2,0,0.0000000000
5,17,3,0,0.0000000000
5,18,1,0,0.0000000000
5,18,2,0,0.0000000000
5,18,3,0,0.0000000000
5,19,1,0,0.0000000000
5,19,2,0,0.0000000000
5,19,3,0,0.0000000000
5,20,1,0,0.0000000000
5,20,2,0,0.0000000000
5,20,3,0,0.0000000000
5,21,1,0,0.0000000000
5,21,2,0,0.0000000000
5,21,3,0,0.0000000000
5,22,1,0,0.0000000000
5,22,2,0,0.0000000000
5,22,3,0,0.0000000000
5,23,1,0,0.0000000000
5,23,2,0,0.0000000000
5,23,3,0,0.0000000000
5,24,1,0,0.0000000000
5,24,2,0,0.0000000000
5,24,3,0,0.0000000000
5,25,1,0,0.0000000000
5,25,2,0,0.0000000000
5,25,3,0,0.0000000000
5,26,1,0,0.0000000000
5,26,2,0,0.0000000000
5,26,3,0,0.0000000000
5,27,1,0,0.0000000000
5,27,2,0,0.0000000000
5,27,3,0,0.0000000000
5,28,1,0,0.0000000000
5,28,2,0,0.0000000000
5,28,3,0,0.0000000000
5,29,1,0,0.0000000000
5,29,2,0,0.0000000000
5,29,3,0,0.0000000000
5,30,1,0,0.0000000000
5,30,2,0,0.0000000000
5,30,3,0,0.0000000000
5,31,1,0,0.0000000000
5,31,2,0,0.0000000000
5,31,3,0,0.0000000000
5,32,1,0,0.0000000000
5,32,2,0,0.0000000000
5,32,3,0,0.0000000000
5,33,1,0,0.0000000000
5,33,2,0,0.0000000000
5,33,3,0,0.0000000000
5,34,1,0,0.0000000000
5,34,2,0,0.0000000000
5,34,3,0,0.0000000000
5,35,1,0,0.0000000000
5,35,2,0,0.0000000000
5,35,3,0,0.0000000000
5,36,1,0,0.0000000000
5,36,2,0,0.0000000000
5,36,3,0,0.0000000000
5,37,1,0,0.0000000000
5,37,2,0,0.0000000000
5,37,3,0,0.0000000000
5,38,1,0,0.0000000000
5,38,2,0,0.0000000000
5,38,3,0,0.0000000000
5,39,1,0,0.0000000000
5,39,2,0,0.0000000000
5,39,3,0,0.0000000000
5,40,1,0,0.0000000000
5,40,2,0,0.0000000000
5,40,3,0,0.0000000000
5,41,1,0,0.0000000000
5,41,2,0,0.0000000000
5,41,3,0,0.0000000000
5,42,1,0,0.0000000000
5,42,2,0,0.0000000000
5,42,3,0,0.0000000000
5,43,1,0,0.0000000000
5,43,2,0,0.0000000000
5,43,3,0,0.0000000000
5,44,1,0,0.0000000000
5,44,2,0,0.0000000000
5,44,3,0,0.0000000000
5,45,1,0,0.0000000000
5,45,2,0,0.0000000000
5,45,3,0,0.0000000000
5,46,1,0,0.0000000000
5,46,2,0,0.0000000000
5,46,3,0,0.0000000000
5,47,1,0,0.0000000000
5,47,2,0,0.0000000000
5,47,3,0,0.0000000000
5,48,1,0,0.0000000000
5,48,2,0,0.0000000000
5,48,3,0,0.0000000000
5,49,1,0,0.0000000000
5,49,2,0,0.0000000000
5,49,3,0,0.0000000000
5,50,1,0,0.0000000000
5,50,2,0,0.0000000000
5,50,3,0,0.0000000000
5,51,1,0,0.0000000000
5,51,2,0,0.0000000000
5,51,3,0,0.0000000000
5,52,1,0,0.0000000000
5,52,2,0,0.0000000000
5,52,3,0,0.0000000000
5,53,1,0,0.0000000000
5,53,2,0,0.0000000000
5,53,3,0,0.0000000000
5,54,1,0,0.0000000000
5,54,2,0,0.0000000000
5,54,3,0,0.0000000000
5,55,1,0,0.0000000000
5,55,2,0,0.0000000000
5,55,3,0,0.0000000000
5,56,1,0,0.0000000000
5,56,2,0,0.0000000000
5,56,3,0,0.0000000000
5,57,1,0,0.0000000000
5,57,2,0,0.0000000000
5,57,3,0,0.0000000000
5,58,1,0,0.0000000000
5,58,2,0,0.0000000000
5,58,3,0,0.0000000000
5,59,1,0,0.0000000000
5,59,2,0,0.0000000000
5,59,3,0,0.0000000000
5,60,1,0,0.0000000000
5,60,2,0,0.0000000000
5,60,3,0,0.0000000000
5,61,1,0,0.0000000000
5,61,2,0,0.0000000000
5,61,3,0,0.0000000000
5,62,1,0,0.0000000000
5,62,2,0,0.0000000000
5,62,3,0,0.0000000000
5,63,1,0,0.0000000000
5,63,2,0,0.0000000000
5,63,3,0,0.0000000000
5,64,1,0,0.0000000000
5,64,2,0,0.0000000000
5,64,3,0,0.0000000000
5,65,1,0,0.0000000000
5,65,2,0,0.0000000000
5,65,3,0,0.0000000000
5,66,1,0,0.0000000000
5,66,2,0,0.0000000000
5,66,3,0,0.0000000000
5,67,1,0,0.0000000000
5,67,2,0,0.0000000000
5,67,3,0,0.0000000000
5,68,1,0,0.0000000000
5,68,2,0,0.0000000000
5,68,3,0,0.0000000000
5,69,1,0,0.0000000000
5,69,2,0,0.0000000000
5,69,3,0,0.0000000000
5,70,1,0,0.0000000000
5,70,2,0,0.0000000000
5,70,3,0,0.0000000000
5,71,1,0,0.0000000000
5,71,2,0,0.0000000000
5,71,3,0,0.0000000000
5,72,1,0,0.0000000000
5,72,2,0,0.0000000000
5,72,3,0,0.0000000000
5,73,1,0,0.0000000000
5,73,2,0,0.0000000000
5,73,3,0,0.0000000000
5,74,1,0,0.0000000000
5,74,2,0,0.0000000000
5,74,3,0,0.0000000000
5,75,1,0,0.0000000000
5,75,2,0,0.0000000000
5,75,3,0,0.0000000000
5,76,1,0,0.0000000000
5,76,2,0,0.0000000000
5,76,3,0,0.0000000000
5,77,1,0,0.0000000000
5,77,2,0,0.0000000000
5,77,3,0,0.0000000000
5,78,1,0,0.0000000000
5,78,2,0,0.0000000000
5,78,3,0,0.0000000000
5,79,1,0,0.0000000000
5,79,2,0,0.0000000000
5,79,3,0,0.0000000000
5,80,1,0,0.0000000000
5,80,2,0,0.0000000000
5,80,3,0,0.0000000000
5,81,1,0,0.0000000000
5,81,2,0,0.0000000000
5,81,3,0,0.0000000000
5,82,1,0,0.0000000000
5,82,2,0,0.0000000000
5,82,3,0,0.0000000000
5,83,1,0,0.0000000000
5,83,2,0,0.0000000000
5,83,3,0,0.0000000000
5,84,1,0,0.0000000000
5,84,2,0,0.0000000000
5,84,3,0,0.0000000000
5,85,1,0,0.0000000000
5,85,2,0,0.0000000000
5,85,3,0,0.0000000000
5,86,1,0,0.0000000000
5,86,2,0,0.0000000000
5,86,3,0,0.0000000000
5,87,1,0,0.0000000000
5,87,2,0,0.0000000000
5,87,3,0,0.0000000000
5,88,1,0,0.0000000000
5,88,2,0,0.0000000000
5,88,3,0,0.0000000000
5,89,1,0,0.0000000000
5,89,2,0,0.0000000000
5,89,3,0,0.0000000000
5,90,1,0,0.0000000000
5,90,2,0,0.0000000000
5,90,3,0,0.0000000000
5,91,1,0,0.0000000000
5,91,2,0,0.0000000000
5,91,3,0,0.0000000000
5,92,1,0,0.0000000000
5,92,2,0,0.0000000000
5,92,3,0,0.0000000000
5,93,1,0,0.0000000000
5,93,2,0,0.0000000000
5,93,3,0,0.0000000000
5,94,1,0,0.0000000000
5,94,2,0,0.0000000000
5,94,3,0,0.0000000000
5,95,1,0,0.0000000000
5,95,2,0,0.0000000000
5,95,3,0,0.0000000000
5,96,1,0,0.0000000000
5,96,2,0,0.0000000000
5,96,3,0,0.0000000000
5,97,1,0,0.0000000000
5,97,2,0,0.0000000000
5,97,3,0,0.0000000000
5,98,1,0,0.0000000000
5,98,2,0,0.0000000000
5,98,3,0,0.0000000000
5,99,1,0,0.0000000000
5,99,2,0,0.0000000000
5,99,3,0,0.0000000000
5,100,1,0,0.0000000000
5,100,2,0,0.0000000000
5,100,3,0,0.0000000000
5,101,1,0,0.0000000000
5,101,2,0,0.0000000000
5,101,3,0,0.0000000000
5,102,1,0,0.0000000000
5,102,2,0,0.0000000000
5,102,3,0,0.0000000000
5,103,1,0,0.0000000000
5,103,2,0,0.0000000000
5,103,3,0,0.0000000000
5,104,1,0,0.0000000000
5,104,2,0,0.0000000000
5,104,3,0,0.0000000000
5,105,1,0,0.0000000000
5,105,2,0,0.0000000000
5,105,3,0,0.0000000000
5,106,1,0,0.0000000000
5,106,2,0,0.0000000000
5,106,3,0,0.0000000000
5,107,1,0,0.0000000000
5,107,2,0,0.0000000000
5,107,3,0,0.0000000000
5,108,1,0,0.0000000000
5,108,2,0,0.0000000000
5,108,3,0,0.0000000000
5,109,1,0,0.0000000000
5,109,2,0,0.0000000000
5,109,3,0,0.0000000000
5,110,1,0,0.0000000000
5,110,2,0,0.0000000000
5,110,3,0,0.0000000000
5,111,1,0,0.0000000000
5,111,2,0,0.0000000000
5,111,3,0,0.0000000000
5,112,1,0,0.0000000000
5,112,2,0,0.0000000000
5,112,3,0,0.0000000000
5,113,1,0,0.0000000000
5,113,2,0,0.0000000000
5,113,3,0,0.0000000000
5,114,1,0,0.0000000000
5,114,2,0,0.0000000000
5,114,3,0,0.0000000000
5,115,1,0,0.0000000000
5,115,2,0,0.0000000000
5,115,3,0,0.0000000000
5,116,1,0,0.0000000000
5,116,2,0,0.0000000000
5,116,3,0,0.0000000000
5,117,1,0,0.0000000000
5,117,2,0,0.0000000000
5,117,3,0,0.0000000000
5,118,1,0,0.0000000000
5,118,2,0,0.0000000000
5,118,3,0,0.0000000000
5,119,1,0,0.0000000000
5,119,2,0,0.0000000000
5,119,3,0,0.0000000000
5,120,1,0,0.0000000000
5,120,2,0,0.0000000000
5,120,3,0,0.0000000000
5,121,1,0,0.0000000000
5,121,2,0,0.0000000000
5,121,3,0,0.0000000000
5,122,1,0,0.0000000000
5,122,2,0,0.0000000000
5,122,3,0,0.0000000000
5,123,1,0,0.0000000000
5,123,2,0,0.0000000000
5,123,3,0,0.0000000000
5,124,1,0,0.0000000000
5,124,2,0,0.0000000000
5,124,3,0,0.0000000000
5,125,1,0,0.0000000000
5,125,2,0,0.0000000000
5,125,3,0,0.0000000000
5,126,1,0,0.0000000000
5,126,2,0,0.0000000000
5,126,3,0,0.0000000000
5,127,1,0,0.0000000000
5,127,2,0,0.0000000000
5,127,3,0,0.0000000000
5,128,1,0,0.0000000000
5,128,2,0,0.0000000000
5,128,3,0,0.0000000000
5,129,1,0,0.0000000000
5,129,2,0,0.0000000000
5,129,3,0,0.0000000000
5,130,1,0,0.0000000000
5,130,2,0,0.0000000000
5,130,3,0,0.0000000000
5,131,1,0,0.0000000000
5,131,2,0,0.0000000000
5,131,3,0,0.0000000000
5,132,1,0,0.0000000000
5,132,2,0,0.0000000000
5,132,3,0,0.0000000000
5,133,1,0,0.0000000000
5,133,2,0,0.0000000000
5,133,3,0,0.0000000000
5,134,1,0,0.0000000000
5,134,2,0,0.0000000000
5,134,3,0,0.0000000000
5,135,1,0,0.0000000000
5,135,2,0,0.0000000000
5,135,3,0,0.0000000000
5,136,1,0,0.0000000000
5,136,2,0,0.0000000000
5,136,3,0,0.0000000000
5,137,1,0,0.0000000000
5,137,2,0,0.0000000000
5,137,3,0,0.0000000000
5,138,1,0,0.0000000000
5,138,2,0,0.0000000000
5,138,3,0,0.0000000000
5,139,1,0,0.0000000000
5,139,2,0,0.0000000000
5,139,3,0,0.0000000000
5,140,1,0,0.0000000000
5,140,2,0,0.0000000000
5,140,3,0,0.0000000000
5,141,1,0,0.0000000000
5,141,2,0,0.0000000000
5,141,3,0,0.0000000000
5,142,1,0,0.0000000000
5,142,2,0,0.0000000000
5,142,3,0,0.0000000000
5,143,1,0,0.0000000000
5,143,2,0,0.0000000000
5,143,3,0,0.0000000000
5,144,1,0,0.0000000000
5,144,2,0,0.0000000000
5,144,3,0,0.0000000000
5,145,1,0,0.0000000000
5,145,2,0,0.0000000000
5,145,3,0,0.0000000000
5,146,1,0,0.0000000000
5,146,2,0,0.0000000000
5,146,3,0,0.0000000000
5,147,1,0,0.0000000000
5,147,2,0,0.0000000000
5,147,3,0,0.0000000000
5,148,1,0,0.0000000000
5,148,2,0,0.0000000000
5,148,3,0,0.0000000000
5,149,1,0,0.0000000000
5,149,2,0,0.0000000000
5,149,3,0,0.0000000000
5,150,1,0,0.0000000000
5,150,2,0,0.0000000000
5,150,3,0,0.0000000000
5,151,1,0,0.0000000000
5,151,2,0,0.0000000000
5,151,3,0,0.0000000000
5,152,1,0,0.0000000000
5,152,2,0,0.0000000000
5,152,3,0,0.0000000000
5,153,1,0,0.0000000000
5,153,2,0,0.0000000000
5,153,3,0,0.0000000000
5,154,1,0,0.0000000000
5,154,2,0,0.0000000000
5,154,3,0,0.0000000000
5,155,1,0,0.0000000000
5,155,2,0,0.0000000000
5,155,3,0,0.0000000000
5,156,1,0,0.0000000000
5,156,2,0,0.0000000000
5,156,3,0,0.0000000000
5,157,1,0,0.0000000000
5,157,2,0,0.0000000000
5,157,3,0,0.0000000000
5,158,1,0,0.0000000000
5,158,2,0,0.0000000000
5,158,3,0,0.0000000000
5,159,1,0,0.0000000000
5,159,2,0,0.0000000000
5,159,3,0,0.0000000000
5,160,1,0,0.0000000000
5,160,2,0,0.0000000000
5,160,3,0,0.0000000000
5,161,1,0,0.0000000000
5,161,2,0,0.0000000000
5,161,3,0,0.0000000000
5,162,1,0,0.0000000000
5,162,2,0,0.0000000000
5,162,3,0,0.0000000000
5,163,1,0,0.0000000000
5,163,2,0,0.0000000000
5,163,3,0,0.0000000000
5,164,1,0,0.0000000000
5,164,2,0,0.0000000000
5,164,3,0,0.0000000000
5,165,1,0,0.0000000000
5,165,2,0,0.0000000000
5,165,3,0,0.0000000000
5,166,1,0,0.0000000000
5,166,2,0,0.0000000000
5,166,3,0,0.0000000000
5,167,1,0,0.0000000000
5,167,2,0,0.0000000000
5,167,3,0,0.0000000000
5,168,1,0,0.0000000000
5,168,2,0,0.0000000000
5,168,3,0,0.0000000000
7,1,1,0,0.0000000000
7,1,2,0,0.0000000000
7,1,3,0,0.0000000000
7,2,1,0,0.0000000000
7,2,2,0,0.0000000000
7,2,3,0,0.0000000000
7,3,1,0,0.0000000000
7,3,2,0,0.0000000000
7,3,3,0,0.0000000000
7,4,1,0,0.0000000000
7,4,2,0,0.0000000000
7,4,3,0,0.0000000000
7,5,1,0,0.0000000000
7,5,2,0,0.0000000000
7,5,3,0,0.0000000000
7,6,1,0,0.0000000000
7,6,2,0,0.0000000000
7,6,3,0,0.0000000000
7,7,1,0,0.0000000000
7,7,2,0,0.0000000000
7,7,3,0,0.0000000000
7,8,1,0,0.0000000000
7,8,2,0,0.0000000000
7,8,3,0,0.0000000000
7,9,1,0,0.0000000000
7,9,2,0,0.0000000000
7,9,3,0,0.0000000000
7,10,1,0,0.0000000000
7,10,2,0,0.0000000000
7,10,3,0,0.0000000000
7,11,1,0,0.0000000000
7,11,2,0,0.0000000000
7,11,3,0,0.0000000000
7,12,1,0,0.0000000000
7,12,2,0,0.0000000000
7,12,3,0,0.0000000000
7,13,1,0,0.0000000000
7,13,2,0,0.0000000000
7,13,3,0,0.0000000000
7,14,1,0,0.0000000000
7,14,2,0,0.0000000000
7,14,3,0,0.0000000000
7,15,1,0,0.0000000000
7,15,2,0,0.0000000000
7,15,3,0,0.0000000000
7,16,1,0,0.0000000000
7,16,2,0,0.0000000000
7,16,3,0,0.0000000000
7,17,1,0,0.0000000000
7,17,2,0,0.0000000000
7,17,3,0,0.0000000000
7,18,1,0,0.0000000000
7,18,2,0,0.0000000000
7,18,3,0,0.0000000000
7,19,1,0,0.0000000000
7,19,2,0,0.0000000000
7,19,3,0,0.0000000000
7,20,1,0,0.0000000000
7,20,2,0,0.0000000000
7,20,3,0,0.0000000000
7,21,1,0,0.0000000000
7,21,2,0,0.0000000000
7,21,3,0,0.0000000000
7,22,1,0,0.0000000000
7,22,2,0,0.0000000000
7,22,3,0,0.0000000000
7,23,1,0,0.0000000000
7,23,2,0,0.0000000000
7,23,3,0,0.0000000000
7,24,1,0,0.0000000000
7,24,2,0,0.0000000000
7,24,3,0,0.0000000000
7,25,1,0,0.0000000000
7,25,2,0,0.0000000000
7,25,3,0,0.0000000000
7,26,1,0,0.0000000000
7,26,2,0,0.0000000000
7,26,3,0,0.0000000000
7,27,1,0,0.0000000000
7,27,2,0,0.0000000000
7,27,3,0,0.0000000000
7,28,1,0,0.0000000000
7,28,2,0,0.0000000000
7,28,3,0,0.0000000000
7,29,1,0,0.0000000000
7,29,2,0,0.0000000000
7,29,3,0,0.0000000000
7,30,1,0,0.0000000000
7,30,2,0,0.0000000000
7,30,3,0,0.0000000000
7,31,1,0,0.0000000000
7,31,2,0,0.0000000000
7,31,3,0,0.0000000000
7,32,1,0,0.0000000000
7,32,2,0,0.0000000000
7,32,3,0,0.0000000000
7,33,1,0,0.0000000000
7,33,2,0,0.0000000000
7,33,3,0,0.0000000000
7,34,1,0,0.0000000000
7,34,2,0,0.0000000000
7,34,3,0,0.0000000000
7,35,1,0,0.0000000000
7,35,2,0,0.0000000000
7,35,3,0,0.0000000000
7,36,1,0,0.0000000000
7,36,2,0,0.0000000000
7,36,3,0,0.0000000000
7,37,1,0,0.0000000000
7,37,2,0,0.0000000000
7,37,3,0,0.0000000000
7,38,1,0,0.0000000000
7,38,2,0,0.0000000000
7,38,3,0,0.0000000000
7,39,1,0,0.0000000000
7,39,2,0,0.0000000000
7,39,3,0,0.0000000000
7,40,1,0,0.0000000000
7,40,2,0,0.0000000000
7,40,3,0,0.0000000000
7,41,1,0,0.0000000000
7,41,2,0,0.0000000000
7,41,3,0,0.0000000000
7,42,1,0,0.0000000000
7,42,2,0,0.0000000000
7,42,3,0,0.0000000000
7,43,1,0,0.0000000000
7,43,2,0,0.0000000000
7,43,3,0,0.0000000000
7,44,1,0,0.0000000000
7,44,2,0,0.0000000000
7,44,3,0,0.0000000000
7,45,1,0,0.0000000000
7,45,2,0,0.0000000000
7,45,3,0,0.0000000000
7,46,1,0,0.0000000000
7,46,2,0,0.0000000000
7,46,3,0,0.0000000000
7,47,1,0,0.0000000000
7,47,2,0,0.0000000000
7,47,3,0,0.0000000000
7,48,1,0,0.0000000000
7,48,2,0,0.0000000000
7,48,3,0,0.0000000000
7,49,1,0,0.0000000000
7,49,2,0,0.0000000000
7,49,3,0,0.0000000000
7,50,1,0,0.0000000000
7,50,2,0,0.0000000000
7,50,3,0,0.0000000000
7,51,1,0,0.0000000000
7,51,2,0,0.0000000000
7,51,3,0,0.0000000000
7,52,1,0,0.0000000000
7,52,2,0,0.0000000000
7,52,3,0,0.0000000000
7,53,1,0,0.0000000000
7,53,2,0,0.0000000000
7,53,3,0,0.0000000000
7,54,1,0,0.0000000000
7,54,2,0,0.0000000000
7,54,3,0,0.0000000000
7,55,1,0,0.0000000000
7,55,2,0,0.0000000000
7,55,3,0,0.0000000000
7,56,1,0,0.0000000000
7,56,2,0,0.0000000000
7,56,3,0,0.0000000000
7,57,1,0,0.0000000000
7,57,2,0,0.0000000000
7,57,3,0,0.0000000000
7,58,1,0,0.0000000000
7,58,2,0,0.0000000000
7,58,3,0,0.0000000000
7,59,1,0,0.0000000000
7,59,2,0,0.0000000000
7,59,3,0,0.0000000000
7,60,1,0,0.0000000000
7,60,2,0,0.0000000000
7,60,3,0,0.0000000000
7,61,1,0,0.0000000000
7,61,2,0,0.0000000000
7,61,3,0,0.0000000000
7,62,1,0,0.0000000000
7,62,2,0,0.0000000000
7,62,3,0,0.0000000000
7,63,1,0,0.0000000000
7,63,2,0,0.0000000000
7,63,3,0,0.0000000000
7,64,1,0,0.0000000000
7,64,2,0,0.0000000000
7,64,3,0,0.0000000000
7,65,1,0,0.0000000000
7,65,2,0,0.0000000000
7,65,3,0,0.0000000000
7,66,1,0,0.0000000000
7,66,2,0,0.0000000000
7,66,3,0,0.0000000000
7,67,1,0,0.0000000000
7,67,2,0,0.0000000000
7,67,3,0,0.0000000000
7,68,1,0,0.0000000000
7,68,2,0,0.0000000000
7,68,3,0,0.0000000000
7,69,1,0,0.0000000000
7,69,2,0,0.0000000000
7,69,3,0,0.0000000000
7,70,1,0,0.0000000000
7,70,2,0,0.0000000000
7,70,3,0,0.0000000000
7,71,1,0,0.0000000000
7,71,2,0,0.0000000000
7,71,3,0,0.0000000000
7,72,1,0,0.0000000000
7,72,2,0,0.0000000000
7,72,3,0,0.0000000000
7,73,1,0,0.0000000000
7,73,2,0,0.0000000000
7,73,3,0,0.0000000000
7,74,1,0,0.0000000000
7,74,2,0,0.0000000000
7,74,3,0,0.0000000000
7,75,1,0,0.0000000000
7,75,2,0,0.0000000000
7,75,3,0,0.0000000000
7,76,1,0,0.0000000000
7,76,2,0,0.0000000000
7,76,3,0,0.0000000000
7,77,1,0,0.0000000000
7,77,2,0,0.0000000000
7,77,3,0,0.0000000000
7,78,1,0,0.0000000000
7,78,2,0,0.0000000000
7,78,3,0,0.0000000000
7,79,1,0,0.0000000000
7,79,2,0,0.0000000000
7,79,3,0,0.0000000000
7,80,1,0,0.0000000000
7,80,2,0,0.0000000000
7,80,3,0,0.0000000000
7,81,1,0,0.0000000000
7,81,2,0,0.0000000000
7,81,3,0,0.0000000000
7,82,1,0,0.0000000000
7,82,2,0,0.0000000000
7,82,3,0,0.0000000000
7,83,1,0,0.0000000000
7,83,2,0,0.0000000000
7,83,3,0,0.0000000000
7,84,1,0,0.0000000000
7,84,2,0,0.0000000000
7,84,3,0,0.0000000000
7,85,1,0,0.0000000000
7,85,2,0,0.0000000000
7,85,3,0,0.0000000000
7,86,1,0,0.0000000000
7,86,2,0,0.0000000000
7,86,3,0,0.0000000000
7,87,1,0,0.0000000000
7,87,2,0,0.0000000000
7,87,3,0,0.0000000000
7,88,1,0,0.0000000000
7,88,2,0,0.0000000000
7,88,3,0,0.0000000000
7,89,1,0,0.0000000000
7,89,2,0,0.0000000000
7,89,3,0,0.0000000000
7,90,1,0,0.0000000000
7,90,2,0,0.0000000000
7,90,3,0,0.0000000000
7,91,1,0,0.0000000000
7,91,2,0,0.0000000000
7,91,3,0,0.0000000000
7,92,1,0,0.0000000000
7,92,2,0,0.0000000000
7,92,3,0,0.0000000000
7,93,1,0,0.0000000000
7,93,2,0,0.0000000000
7,93,3,0,0.0000000000
7,94,1,0,0.0000000000
7,94,2,0,0.0000000000
7,94,3,0,0.0000000000
7,95,1,0,0.0000000000
7,95,2,0,0.0000000000
7,95,3,0,0.0000000000
7,96,1,0,0.0000000000
7,96,2,0,0.0000000000
7,96,3,0,0.0000000000
7,97,1,0,0.0000000000
7,97,2,0,0.0000000000
7,97,3,0,0.0000000000
7,98,1,0,0.0000000000
7,98,2,0,0.0000000000
7,98,3,0,0.0000000000
7,99,1,0,0.0000000000
7,99,2,0,0.0000000000
7,99,3,0,0.0000000000
7,100,1,0,0.0000000000
7,100,2,0,0.0000000000
7,100,3,0,0.0000000000
7,101,1,0,0.0000000000
7,101,2,0,0.0000000000
7,101,3,0,0.0000000000
7,102,1,0,0.0000000000
7,102,2,0,0.0000000000
7,102,3,0,0.0000000000
7,103,1,0,0.0000000000
7,103,2,0,0.0000000000
7,103,3,0,0.0000000000
7,104,1,0,0.0000000000
7,104,2,0,0.0000000000
7,104,3,0,0.0000000000
7,105,1,0,0.0000000000
7,105,2,0,0.0000000000
7,105,3,0,0.0000000000
7,106,1,0,0.0000000000
7,106,2,0,0.0000000000
7,106,3,0,0.0000000000
7,107,1,0,0.0000000000
7,107,2,0,0.0000000000
7,107,3,0,0.0000000000
7,108,1,0,0.0000000000
7,108,2,0,0.0000000000
7,108,3,0,0.0000000000
7,109,1,0,0.0000000000
7,109,2,0,0.0000000000
7,109,3,0,0.0000000000
7,110,1,0,0.0000000000
7,110,2,0,0.0000000000
7,110,3,0,0.0000000000
7,111,1,0,0.0000000000
7,111,2,0,0.0000000000
7,111,3,0,0.0000000000
7,112,1,0,0.0000000000
7,112,2,0,0.0000000000
7,112,3,0,0.0000000000
7,113,1,0,0.0000000000
7,113,2,0,0.0000000000
7,113,3,0,0.0000000000
7,114,1,0,0.0000000000
7,114,2,0,0.0000000000
7,114,3,0,0.0000000000
7,115,1,0,0.0000000000
7,115,2,0,0.0000000000
7,115,3,0,0.0000000000
7,116,1,0,0.0000000000
7,116,2,0,0.0000000000
7,116,3,0,0.0000000000
7,117,1,0,0.0000000000
7,117,2,0,0.0000000000
7,117,3,0,0.0000000000
7,118,1,0,0.0000000000
7,118,2,0,0.0000000000
7,118,3,0,0.0000000000
7,119,1,0,0.0000000000
7,119,2,0,0.0000000000
7,119,3,0,0.0000000000
7,120,1,0,0.0000000000
7,120,2,0,0.0000000000
7,120,3,0,0.0000000000
7,121,1,0,0.0000000000
7,121,2,0,0.0000000000
7,121,3,0,0.0000000000
7,122,1,0,0.0000000000
7,122,2,0,0.0000000000
7,122,3,0,0.0000000000
7,123,1,0,0.0000000000
7,123,2,0,0.0000000000
7,123,3,0,0.0000000000
7,124,1,0,0.0000000000
7,124,2,0,0.0000000000
7,124,3,0,0.0000000000
7,125,1,0,0.0000000000
7,125,2,0,0.0000000000
7,125,3,0,0.0000000000
7,126,1,0,0.0000000000
7,126,2,0,0.0000000000
7,126,3,0,0.0000000000
7,127,1,0,0.0000000000
7,127,2,0,0.0000000000
7,127,3,0,0.0000000000
7,128,1,0,0.0000000000
7,128,2,0,0.0000000000
7,128,3,0,0.0000000000
7,129,1,0,0.0000000000
7,129,2,0,0.0000000000
7,129,3,0,0.0000000000
7,130,1,0,0.0000000000
7,130,2,0,0.0000000000
7,130,3,0,0.0000000000
7,131,1,0,0.0000000000
7,131,2,0,0.0000000000
7,131,3,0,0.0000000000
7,132,1,0,0.0000000000
7,132,2,0,0.0000000000
7,132,3,0,0.0000000000
7,133,1,0,0.0000000000
7,133,2,0,0.0000000000
7,133,3,0,0.0000000000
7,134,1,0,0.0000000000
7,134,2,0,0.0000000000
7,134,3,0,0.0000000000
7,135,1,0,0.0000000000
7,135,2,0,0.0000000000
7,135,3,0,0.0000000000
7,136,1,0,0.0000000000
7,136,2,0,0.0000000000
7,136,3,0,0.0000000000
7,137,1,0,0.0000000000
7,137,2,0,0.0000000000
7,137,3,0,0.0000000000
7,138,1,0,0.0000000000
7,138,2,0,0.0000000000
7,138,3,0,0.0000000000
7,139,1,0,0.0000000000
7,139,2,0,0.0000000000
7,139,3,0,0.0000000000
7,140,1,0,0.0000000000
7,140,2,0,0.0000000000
7,140,3,0,0.0000000000
7,141,1,0,0.0000000000
7,141,2,0,0.0000000000
7,141,3,0,0.0000000000
7,142,1,0,0.0000000000
7,142,2,0,0.0000000000
7,142,3,0,0.0000000000
7,143,1,0,0.0000000000
7,143,2,0,0.0000000000
7,143,3,0,0.0000000000
7,144,1,0,0.0000000000
7,144,2,0,0.0000000000
7,144,3,0,0.0000000000
7,145,1,0,0.0000000000
7,145,2,0,0.0000000000
7,145,3,0,0.0000000000
7,146,1,0,0.0000000000
7,146,2,0,0.0000000000
7,146,3,0,0.0000000000
7,147,1,0,0.0000000000
7,147,2,0,0.0000000000
7,147,3,0,0.0000000000
7,148,1,0,0.0000000000
7,148,2,0,0.0000000000
7,148,3,0,0.0000000000
7,149,1,0,0.0000000000
7,149,2,0,0.0000000000
7,149,3,0,0.0000000000
7,150,1,0,0.0000000000
7,150,2,0,0.0000000000
7,150,3,0,0.0000000000
7,151,1,0,0.0000000000
7,151,2,0,0.0000000000
7,151,3,0,0.0000000000
7,152,1,0,0.0000000000
7,152,2,0,0.0000000000
7,152,3,0,0.0000000000
7,153,1,0,0.0000000000
7,153,2,0,0.0000000000
7,153,3,0,0.0000000000
7,154,1,0,0.0000000000
7,154,2,0,0.0000000000
7,154,3,0,0.0000000000
7,155,1,0,0.0000000000
7,155,2,0,0.0000000000
7,155,3,0,0.0000000000
7,156,1,0,0.0000000000
7,156,2,0,0.0000000000
7,156,3,0,0.0000000000
7,157,1,0,0.0000000000
7,157,2,0,0.0000000000
7,157,3,0,0.0000000000
7,158,1,0,0.0000000000
7,158,2,0,0.0000000000
7,158,3,0,0.0000000000
7,159,1,0,0.0000000000
7,159,2,0,0.0000000000
7,159,3,0,0.0000000000
7,160,1,0,0.0000000000
7,160,2,0,0.0000000000
7,160,3,0,0.0000000000
7,161,1,0,0.0000000000
7,161,2,0,0.0000000000
7,161,3,0,0.0000000000
7,162,1,0,0.0000000000
7,162,2,0,0.0000000000
7,162,3,0,0.0000000000
7,163,1,0,0.0000000000
7,163,2,0,0.0000000000
7,163,3,0,0.0000000000
7,164,1,0,0.0000000000
7,164,2,0,0.0000000000
7,164,3,0,0.0000000000
7,165,1,0,0.0000000000
7,165,2,0,0.0000000000
7,165,3,0,0.0000000000
7,166,1,0,0.0000000000
7,166,2,0,0.0000000000
7,166,3,0,0.0000000000
7,167,1,0,0.0000000000
7,167,2,0,0.0000000000
7,167,3,0,0.0000000000
7,168,1,0,0.0000000000
7,168,2,0,0.0000000000
7,168,3,0,0.0000000000
9,1,1,0,0.0000000000
9,1,2,0,0.0000000000
9,1,3,0,0.0000000000
9,2,1,0,0.0000000000
9,2,2,0,0.0000000000
9,2,3,0,0.0000000000
9,3,1,0,0.0000000000
9,3,2,0,0.0000000000
9,3,3,0,0.0000000000
9,4,1,0,0.0000000000
9,4,2,0,0.0000000000
9,4,3,0,0.0000000000
9,5,1,0,0.0000000000
9,5,2,0,0.0000000000
9,5,3,0,0.0000000000
9,6,1,0,0.0000000000
9,6,2,0,0.0000000000
9,6,3,0,0.0000000000
9,7,1,0,0.0000000000
9,7,2,0,0.0000000000
9,7,3,0,0.0000000000
9,8,1,0,0.0000000000
9,8,2,0,0.0000000000
9,8,3,0,0.0000000000
9,9,1,0,0.0000000000
9,9,2,0,0.0000000000
9,9,3,0,0.0000000000
9,10,1,0,0.0000000000
9,10,2,0,0.0000000000
9,10,3,0,0.0000000000
9,11,1,0,0.0000000000
9,11,2,0,0.0000000000
9,11,3,0,0.0000000000
9,12,1,0,0.0000000000
9,12,2,0,0.0000000000
9,12,3,0,0.0000000000
9,13,1,0,0.0000000000
9,13,2,0,0.0000000000
9,13,3,0,0.0000000000
9,14,1,0,0.0000000000
9,14,2,0,0.0000000000
9,14,3,0,0.0000000000
9,15,1,0,0.0000000000
9,15,2,0,0.0000000000
9,15,3,0,0.0000000000
9,16,1,0,0.0000000000
9,16,2,0,0.0000000000
9,16,3,0,0.0000000000
9,17,1,0,0.0000000000
9,17,2,0,0.0000000000
9,17,3,0,0.0000000000
9,18,1,0,0.0000000000
9,18,2,0,0.0000000000
9,18,3,0,0.0000000000
9,19,1,0,0.0000000000
9,19,2,0,0.0000000000
9,19,3,0,0.0000000000
9,20,1,0,0.0000000000
9,20,2,0,0.0000000000
9,20,3,0,0.0000000000
9,21,1,0,0.0000000000
9,21,2,0,0.0000000000
9,21,3,0,0.0000000000
9,22,1,0,0.0000000000
9,22,2,0,0.0000000000
9,22,3,0,0.0000000000
9,23,1,0,0.0000000000
9,23,2,0,0.0000000000
9,23,3,0,0.0000000000
9,24,1,0,0.0000000000
9,24,2,0,0.0000000000
9,24,3,0,0.0000000000
9,25,1,0,0.0000000000
9,25,2,0,0.0000000000
9,25,3,0,0.0000000000
9,26,1,0,0.0000000000
9,26,2,0,0.0000000000
9,26,3,0,0.0000000000
9,27,1,0,0.0000000000
9,27,2,0,0.0000000000
9,27,3,0,0.0000000000
9,28,1,0,0.0000000000
9,28,2,0,0.0000000000
9,28,3,0,0.0000000000
9,29,1,0,0.0000000000
9,29,2,0,0.0000000000
9,29,3,0,0.0000000000
9,30,1,0,0.0000000000
9,30,2,0,0.0000000000
9,30,3,0,0.0000000000
9,31,1,0,0.0000000000
9,31,2,0,0.0000000000
9,31,3,0,0.0000000000
9,32,1,0,0.0000000000
9,32,2,0,0.0000000000
9,32,3,0,0.0000000000
9,33,1,0,0.0000000000
9,33,2,0,0.0000000000
9,33,3,0,0.0000000000
9,34,1,0,0.0000000000
9,34,2,0,0.0000000000
9,34,3,0,0.0000000000
9,35,1,0,0.0000000000
9,35,2,0,0.0000000000
9,35,3,0,0.0000000000
9,36,1,0,0.0000000000
9,36,2,0,0.0000000000
9,36,3,0,0.0000000000
9,37,1,0,0.0000000000
9,37,2,0,0.0000000000
9,37,3,0,0.0000000000
9,38,1,0,0.0000000000
9,38,2,0,0.0000000000
9,38,3,0,0.0000000000
9,39,1,0,0.0000000000
9,39,2,0,0.0000000000
9,39,3,0,0.0000000000
9,40,1,0,0.0000000000
9,40,2,0,0.0000000000
9,40,3,0,0.0000000000
9,41,1,0,0.0000000000
9,41,2,0,0.0000000000
9,41,3,0,0.0000000000
9,42,1,0,0.0000000000
9,42,2,0,0.0000000000
9,42,3,0,0.0000000000
9,43,1,0,0.0000000000
9,43,2,0,0.0000000000
9,43,3,0,0.0000000000
9,44,1,0,0.0000000000
9,44,2,0,0.0000000000
9,44,3,0,0.0000000000
9,45,1,0,0.0000000000
9,45,2,0,0.0000000000
9,45,3,0,0.0000000000
9,46,1,0,0.0000000000
9,46,2,0,0.0000000000
9,46,3,0,0.0000000000
9,47,1,0,0.0000000000
9,47,2,0,0.0000000000
9,47,3,0,0.0000000000
9,48,1,0,0.0000000000
9,48,2,0,0.0000000000
9,48,3,0,0.0000000000
9,49,1,0,0.0000000000
9,49,2,0,0.0000000000
9,49,3,0,0.0000000000
9,50,1,0,0.0000000000
9,50,2,0,0.0000000000
9,50,3,0,0.0000000000
9,51,1,0,0.0000000000
9,51,2,0,0.0000000000
9,51,3,0,0.0000000000
9,52,1,0,0.0000000000
9,52,2,0,0.0000000000
9,52,3,0,0.0000000000
9,53,1,0,0.0000000000
9,53,2,0,0.0000000000
9,53,3,0,0.0000000000
9,54,1,0,0.0000000000
9,54,2,0,0.0000000000
9,54,3,0,0.0000000000
9,55,1,0,0.0000000000
9,55,2,0,0.0000000000
9,55,3,0,0.0000000000
9,56,1,0,0.0000000000
9,56,2,0,0.0000000000
9,56,3,0,0.0000000000
9,57,1,0,0.0000000000
9,57,2,0,0.0000000000
9,57,3,0,0.0000000000
9,58,1,0,0.0000000000
9,58,2,0,0.0000000000
9,58,3,0,0.0000000000
9,59,1,0,0.0000000000
9,59,2,0,0.0000000000
9,59,3,0,0.0000000000
9,60,1,0,0.0000000000
9,60,2,0,0.0000000000
9,60,3,0,0.0000000000
9,61,1,0,0.0000000000
9,61,2,0,0.0000000000
9,61,3,0,0.0000000000
9,62,1,0,0.0000000000
9,62,2,0,0.0000000000
9,62,3,0,0.0000000000
9,63,1,0,0.0000000000
9,63,2,0,0.0000000000
9,63,3,0,0.0000000000
9,64,1,0,0.0000000000
9,64,2,0,0.0000000000
9,64,3,0,0.0000000000
9,65,1,0,0.0000000000
9,65,2,0,0.0000000000
9,65,3,0,0.0000000000
9,66,1,0,0.0000000000
9,66,2,0,0.0000000000
9,66,3,0,0.0000000000
9,67,1,0,0.0000000000
9,67,2,0,0.0000000000
9,67,3,0,0.0000000000
9,68,1,0,0.0000000000
9,68,2,0,0.0000000000
9,68,3,0,0.0000000000
9,69,1,0,0.0000000000
9,69,2,0,0.0000000000
9,69,3,0,0.0000000000
9,70,1,0,0.0000000000
9,70,2,0,0.0000000000
9,70,3,0,0.0000000000
9,71,1,0,0.0000000000
9,71,2,0,0.0000000000
9,71,3,0,0.0000000000
9,72,1,0,0.0000000000
9,72,2,0,0.0000000000
9,72,3,0,0.0000000000
9,73,1,0,0.0000000000
9,73,2,0,0.0000000000
9,73,3,0,0.0000000000
9,74,1,0,0.0000000000
9,74,2,0,0.0000000000
9,74,3,0,0.0000000000
9,75,1,0,0.0000000000
9,75,2,0,0.0000000000
9,75,3,0,0.0000000000
9,76,1,0,0.0000000000
9,76,2,0,0.0000000000
9,76,3,0,0.0000000000
9,77,1,0,0.0000000000
9,77,2,0,0.0000000000
9,77,3,0,0.0000000000
9,78,1,0,0.0000000000
9,78,2,0,0.0000000000
9,78,3,0,0.0000000000
9,79,1,0,0.0000000000
9,79,2,0,0.0000000000
9,79,3,0,0.0000000000
9,80,1,0,0.0000000000
9,80,2,0,0.0000000000
9,80,3,0,0.0000000000
9,81,1,0,0.0000000000
9,81,2,0,0.0000000000
9,81,3,0,0.0000000000
9,82,1,0,0.0000000000
9,82,2,0,0.0000000000
9,82,3,0,0.0000000000
9,83,1,0,0.0000000000
9,83,2,0,0.0000000000
9,83,3,0,0.0000000000
9,84,1,0,0.0000000000
9,84,2,0,0.0000000000
9,84,3,0,0.0000000000
9,85,1,0,0.0000000000
9,85,2,0,0.0000000000
9,85,3,0,0.0000000000
9,86,1,0,0.0000000000
9,86,2,0,0.0000000000
9,86,3,0,0.0000000000
9,87,1,0,0.0000000000
9,87,2,0,0.0000000000
9,87,3,0,0.0000000000
9,88,1,0,0.0000000000
9,88,2,0,0.0000000000
9,88,3,0,0.0000000000
9,89,1,0,0.0000000000
9,89,2,0,0.0000000000
9,89,3,0,0.0000000000
9,90,1,0,0.0000000000
9,90,2,0,0.0000000000
9,90,3,0,0.0000000000
9,91,1,0,0.0000000000
9,91,2,0,0.0000000000
9,91,3,0,0.0000000000
9,92,1,0,0.0000000000
9,92,2,0,0.0000000000
9,92,3,0,0.0000000000
9,93,1,0,0.0000000000
9,93,2,0,0.0000000000
9,93,3,0,0.0000000000
9,94,1,0,0.0000000000
9,94,2,0,0.0000000000
9,94,3,0,0.0000000000
9,95,1,0,0.0000000000
9,95,2,0,0.0000000000
9,95,3,0,0.0000000000
9,96,1,0,0.0000000000
9,96,2,0,0.0000000000
9,96,3,0,0.0000000000
9,97,1,0,0.0000000000
9,97,2,0,0.0000000000
9,97,3,0,0.0000000000
9,98,1,0,0.0000000000
9,98,2,0,0.0000000000
9,98,3,0,0.0000000000
9,99,1,0,0.0000000000
9,99,2,0,0.0000000000
9,99,3,0,0.0000000000
9,100,1,0,0.0000000000
9,100,2,0,0.0000000000
9,100,3,0,0.0000000000
9,101,1,0,0.0000000000
9,101,2,0,0.0000000000
9,101,3,0,0.0000000000
9,102,1,0,0.0000000000
9,102,2,0,0.0000000000
9,102,3,0,0.0000000000
9,103,1,0,0.0000000000
9,103,2,0,0.0000000000
9,103,3,0,0.0000000000
9,104,1,0,0.0000000000
9,104,2,0,0.0000000000
9,104,3,0,0.0000000000
9,105,1,0,0.0000000000
9,105,2,0,0.0000000000
9,105,3,0,0.0000000000
9,106,1,0,0.0000000000
9,106,2,0,0.0000000000
9,106,3,0,0.0000000000
9,107,1,0,0.0000000000
9,107,2,0,0.0000000000
9,107,3,0,0.0000000000
9,108,1,0,0.0000000000
9,108,2,0,0.0000000000
9,108,3,0,0.0000000000
9,109,1,0,0.0000000000
9,109,2,0,0.0000000000
9,109,3,0,0.0000000000
9,110,1,0,0.0000000000
9,110,2,0,0.0000000000
9,110,3,0,0.0000000000
9,111,1,0,0.0000000000
9,111,2,0,0.0000000000
9,111,3,0,0.0000000000
9,112,1,0,0.0000000000
9,112,2,0,0.0000000000
9,112,3,0,0.0000000000
9,113,1,0,0.0000000000
9,113,2,0,0.0000000000
9,113,3,0,0.0000000000
9,114,1,0,0.0000000000
9,114,2,0,0.0000000000
9,114,3,0,0.0000000000
9,115,1,0,0.0000000000
9,115,2,0,0.0000000000
9,115,3,0,0.0000000000
9,116,1,0,0.0000000000
9,116,2,0,0.0000000000
9,116,3,0,0.0000000000
9,117,1,0,0.0000000000
9,117,2,0,0.0000000000
9,117,3,0,0.0000000000
9,118,1,0,0.0000000000
9,118,2,0,0.0000000000
9,118,3,0,0.0000000000
9,119,1,0,0.0000000000
9,119,2,0,0.0000000000
9,119,3,0,0.0000000000
9,120,1,0,0.0000000000
9,120,2,0,0.0000000000
9,120,3,0,0.0000000000
9,121,1,0,0.0000000000
9,121,2,0,0.0000000000
9,121,3,0,0.0000000000
9,122,1,0,0.0000000000
9,122,2,0,0.0000000000
9,122,3,0,0.0000000000
9,123,1,0,0.0000000000
9,123,2,0,0.0000000000
9,123,3,0,0.0000000000
9,124,1,0,0.0000000000
9,124,2,0,0.0000000000
9,124,3,0,0.0000000000
9,125,1,0,0.0000000000
9,125,2,0,0.0000000000
9,125,3,0,0.0000000000
9,126,1,0,0.0000000000
9,126,2,0,0.0000000000
9,126,3,0,0.0000000000
9,127,1,0,0.0000000000
9,127,2,0,0.0000000000
9,127,3,0,0.0000000000
9,128,1,0,0.0000000000
9,128,2,0,0.0000000000
9,128,3,0,0.0000000000
9,129,1,0,0.0000000000
9,129,2,0,0.0000000000
9,129,3,0,0.0000000000
9,130,1,0,0.0000000000
9,130,2,0,0.0000000000
9,130,3,0,0.0000000000
9,131,1,0,0.0000000000
9,131,2,0,0.0000000000
9,131,3,0,0.0000000000
9,132,1,0,0.0000000000
9,132,2,0,0.0000000000
9,132,3,0,0.0000000000
9,133,1,0,0.0000000000
9,133,2,0,0.0000000000
9,133,3,0,0.0000000000
9,134,1,0,0.0000000000
9,134,2,0,0.0000000000
9,134,3,0,0.0000000000
9,135,1,0,0.0000000000
9,135,2,0,0.0000000000
9,135,3,0,0.0000000000
9,136,1,0,0.0000000000
9,136,2,0,0.0000000000
9,136,3,0,0.0000000000
9,137,1,0,0.0000000000
9,137,2,0,0.0000000000
9,137,3,0,0.0000000000
9,138,1,0,0.0000000000
9,138,2,0,0.0000000000
9,138,3,0,0.0000000000
9,139,1,0,0.0000000000
9,139,2,0,0.0000000000
9,139,3,0,0.0000000000
9,140,1,0,0.0000000000
9,140,2,0,0.0000000000
9,140,3,0,0.0000000000
9,141,1,0,0.0000000000
9,141,2,0,0.0000000000
9,141,3,0,0.0000000000
9,142,1,0,0.0000000000
9,142,2,0,0.0000000000
9,142,3,0,0.0000000000
9,143,1,0,0.0000000000
9,143,2,0,0.0000000000
9,143,3,0,0.0000000000
9,144,1,0,0.0000000000
9,144,2,0,0.0000000000
9,144,3,0,0.0000000000
9,145,1,0,0.0000000000
9,145,2,0,0.0000000000
9,145,3,0,0.0000000000
9,146,1,0,0.0000000000
9,146,2,0,0.0000000000
9,146,3,0,0.0000000000
9,147,1,0,0.0000000000
9,147,2,0,0.0000000000
9,147,3,0,0.0000000000
9,148,1,0,0.0000000000
9,148,2,0,0.0000000000
9,148,3,0,0.0000000000
9,149,1,0,0.0000000000
9,149,2,0,0.0000000000
9,149,3,0,0.0000000000
9,150,1,0,0.0000000000
9,150,2,0,0.0000000000
9,150,3,0,0.0000000000
9,151,1,0,0.0000000000
9,151,2,0,0.0000000000
9,151,3,0,0.0000000000
9,152,1,0,0.0000000000
9,152,2,0,0.0000000000
9,152,3,0,0.0000000000
9,153,1,0,0.0000000000
9,153,2,0,0.0000000000
9,153,3,0,0.0000000000
9,154,1,0,0.0000000000
9,154,2,0,0.0000000000
9,154,3,0,0.0000000000
9,155,1,0,0.0000000000
9,155,2,0,0.0000000000
9,155,3,0,0.0000000000
9,156,1,0,0.0000000000
9,156,2,0,0.0000000000
9,156,3,0,0.0000000000
9,157,1,0,0.0000000000
9,157,2,0,0.0000000000
9,157,3,0,0.0000000000
9,158,1,0,0.0000000000
9,158,2,0,0.0000000000
9,158,3,0,0.0000000000
9,159,1,0,0.0000000000
9,159,2,0,0.0000000000
9,159,3,0,0.0000000000
9,160,1,0,0.0000000000
9,160,2,0,0.0000000000
9,160,3,0,0.0000000000
9,161,1,0,0.0000000000
9,161,2,0,0.0000000000
9,161,3,0,0.0000000000
9,162,1,0,0.0000000000
9,162,2,0,0.0000000000
9,162,3,0,0.0000000000
9,163,1,0,0.0000000000
9,163,2,0,0.0000000000
9,163,3,0,0.0000000000
9,164,1,0,0.0000000000
9,164,2,0,0.0000000000
9,164,3,0,0.0000000000
9,165,1,0,0.0000000000
9,165,2,0,0.0000000000
9,165,3,0,0.0000000000
9,166,1,0,0.0000000000
9,166,2,0,0.0000000000
9,166,3,0,0.0000000000
9,167,1,0,0.0000000000
9,167,2,0,0.0000000000
9,167,3,0,0.0000000000
9,168,1,0,0.0000000000
9,168,2,0,0.0000000000
9,168,3,0,0.0000000000
11,1,1,0,0.0000000000
11,1,2,0,0.0000000000
11,1,3,0,0.0000000000
11,2,1,0,0.0000000000
11,2,2,0,0.0000000000
11,2,3,0,0.0000000000
11,3,1,0,0.0000000000
11,3,2,0,0.0000000000
11,3,3,0,0.0000000000
11,4,1,0,0.0000000000
11,4,2,0,0.0000000000
11,4,3,0,0.0000000000
11,5,1,0,0.0000000000
11,5,2,0,0.0000000000
11,5,3,0,0.0000000000
11,6,1,0,0.0000000000
11,6,2,0,0.0000000000
11,6,3,0,0.0000000000
11,7,1,0,0.0000000000
11,7,2,0,0.0000000000
11,7,3,0,0.0000000000
11,8,1,0,0.0000000000
11,8,2,0,0.0000000000
11,8,3,0,0.0000000000
11,9,1,0,0.0000000000
11,9,2,0,0.0000000000
11,9,3,0,0.0000000000
11,10,1,0,0.0000000000
11,10,2,0,0.0000000000
11,10,3,0,0.0000000000
11,11,1,0,0.0000000000
11,11,2,0,0.0000000000
11,11,3,0,0.0000000000
11,12,1,0,0.0000000000
11,12,2,0,0.0000000000
11,12,3,0,0.0000000000
11,13,1,0,0.0000000000
11,13,2,0,0.0000000000
11,13,3,0,0.0000000000
11,14,1,0,0.0000000000
11,14,2,0,0.0000000000
11,14,3,0,0.0000000000
11,15,1,0,0.0000000000
11,15,2,0,0.0000000000
11,15,3,0,0.0000000000
11,16,1,0,0.0000000000
11,16,2,0,0.0000000000
11,16,3,0,0.0000000000
11,17,1,0,0.0000000000
11,17,2,0,0.0000000000
11,17,3,0,0.0000000000
11,18,1,0,0.0000000000
11,18,2,0,0.0000000000
11,18,3,0,0.0000000000
11,19,1,0,0.0000000000
11,19,2,0,0.0000000000
11,19,3,0,0.0000000000
11,20,1,0,0.0000000000
11,20,2,0,0.0000000000
11,20,3,0,0.0000000000
11,21,1,0,0.0000000000
11,21,2,0,0.0000000000
11,21,3,0,0.0000000000
11,22,1,0,0.0000000000
11,22,2,0,0.0000000000
11,22,3,0,0.0000000000
11,23,1,0,0.0000000000
11,23,2,0,0.0000000000
11,23,3,0,0.0000000000
11,24,1,0,0.0000000000
11,24,2,0,0.0000000000
11,24,3,0,0.0000000000
11,25,1,0,0.0000000000
11,25,2,0,0.0000000000
11,25,3,0,0.0000000000
11,26,1,0,0.0000000000
11,26,2,0,0.0000000000
11,26,3,0,0.0000000000
11,27,1,0,0.0000000000
11,27,2,0,0.0000000000
11,27,3,0,0.0000000000
11,28,1,0,0.0000000000
11,28,2,0,0.0000000000
11,28,3,0,0.0000000000
11,29,1,0,0.0000000000
11,29,2,0,0.0000000000
11,29,3,0,0.0000000000
11,30,1,0,0.0000000000
11,30,2,0,0.0000000000
11,30,3,0,0.0000000000
11,31,1,0,0.0000000000
11,31,2,0,0.0000000000
11,31,3,0,0.0000000000
11,32,1,0,0.0000000000
11,32,2,0,0.0000000000
11,32,3,0,0.0000000000
11,33,1,0,0.0000000000
11,33,2,0,0.0000000000
11,33,3,0,0.0000000000
11,34,1,0,0.0000000000
11,34,2,0,0.0000000000
11,34,3,0,0.0000000000
11,35,1,0,0.0000000000
11,35,2,0,0.0000000000
11,35,3,0,0.0000000000
11,36,1,0,0.0000000000
11,36,2,0,0.0000000000
11,36,3,0,0.0000000000
11,37,1,0,0.0000000000
11,37,2,0,0.0000000000
11,37,3,0,0.0000000000
11,38,1,0,0.0000000000
11,38,2,0,0.0000000000
11,38,3,0,0.0000000000
11,39,1,0,0.0000000000
11,39,2,0,0.0000000000
11,39,3,0,0.0000000000
11,40,1,0,0.0000000000
11,40,2,0,0.0000000000
11,40,3,0,0.0000000000
11,41,1,0,0.0000000000
11,41,2,0,0.0000000000
11,41,3,0,0.0000000000
11,42,1,0,0.0000000000
11,42,2,0,0.0000000000
11,42,3,0,0.0000000000
11,43,1,0,0.0000000000
11,43,2,0,0.0000000000
11,43,3,0,0.0000000000
11,44,1,0,0.0000000000
11,44,2,0,0.0000000000
11,44,3,0,0.0000000000
11,45,1,0,0.0000000000
11,45,2,0,0.0000000000
11,45,3,0,0.0000000000
11,46,1,0,0.0000000000
11,46,2,0,0.0000000000
11,46,3,0,0.0000000000
11,47,1,0,0.0000000000
11,47,2,0,0.0000000000
11,47,3,0,0.0000000000
11,48,1,0,0.0000000000
11,48,2,0,0.0000000000
11,48,3,0,0.0000000000
11,49,1,0,0.0000000000
11,49,2,0,0.0000000000
11,49,3,0,0.0000000000
11,50,1,0,0.0000000000
11,50,2,0,0.0000000000
11,50,3,0,0.0000000000
11,51,1,0,0.0000000000
11,51,2,0,0.0000000000
11,51,3,0,0.0000000000
11,52,1,0,0.0000000000
11,52,2,0,0.0000000000
11,52,3,0,0.0000000000
11,53,1,0,0.0000000000
11,53,2,0,0.0000000000
11,53,3,0,0.0000000000
11,54,1,0,0.0000000000
11,54,2,0,0.0000000000
11,54,3,0,0.0000000000
11,55,1,0,0.0000000000
11,55,2,0,0.0000000000
11,55,3,0,0.0000000000
11,56,1,0,0.0000000000
11,56,2,0,0.0000000000
11,56,3,0,0.0000000000
11,57,1,0,0.0000000000
11,57,2,0,0.0000000000
11,57,3,0,0.0000000000
11,58,1,0,0.0000000000
11,58,2,0,0.0000000000
11,58,3,0,0.0000000000
11,59,1,0,0.0000000000
11,59,2,0,0.0000000000
11,59,3,0,0.0000000000
11,60,1,0,0.0000000000
11,60,2,0,0.0000000000
11,60,3,0,0.0000000000
11,61,1,0,0.0000000000
11,61,2,0,0.0000000000
11,61,3,0,0.0000000000
11,62,1,0,0.0000000000
11,62,2,0,0.0000000000
11,62,3,0,0.0000000000
11,63,1,0,0.0000000000
11,63,2,0,0.0000000000
11,63,3,0,0.0000000000
11,64,1,0,0.0000000000
11,64,2,0,0.0000000000
11,64,3,0,0.0000000000
11,65,1,0,0.0000000000
11,65,2,0,0.0000000000
11,65,3,0,0.0000000000
11,66,1,0,0.0000000000
11,66,2,0,0.0000000000
11,66,3,0,0.0000000000
11,67,1,0,0.0000000000
11,67,2,0,0.0000000000
11,67,3,0,0.0000000000
11,68,1,0,0.0000000000
11,68,2,0,0.0000000000
11,68,3,0,0.0000000000
11,69,1,0,0.0000000000
11,69,2,0,0.0000000000
11,69,3,0,0.0000000000
11,70,1,0,0.0000000000
11,70,2,0,0.0000000000
11,70,3,0,0.0000000000
11,71,1,0,0.0000000000
11,71,2,0,0.0000000000
11,71,3,0,0.0000000000
11,72,1,0,0.0000000000
11,72,2,0,0.0000000000
11,72,3,0,0.0000000000
11,73,1,0,0.0000000000
11,73,2,0,0.0000000000
11,73,3,0,0.0000000000
11,74,1,0,0.0000000000
11,74,2,0,0.0000000000
11,74,3,0,0.0000000000
11,75,1,0,0.0000000000
11,75,2,0,0.0000000000
11,75,3,0,0.0000000000
11,76,1,0,0.0000000000
11,76,2,0,0.0000000000
11,76,3,0,0.0000000000
11,77,1,0,0.0000000000
11,77,2,0,0.0000000000
11,77,3,0,0.0000000000
11,78,1,0,0.0000000000
11,78,2,0,0.0000000000
11,78,3,0,0.0000000000
11,79,1,0,0.0000000000
11,79,2,0,0.0000000000
11,79,3,0,0.0000000000
11,80,1,0,0.0000000000
11,80,2,0,0.0000000000
11,80,3,0,0.0000000000
11,81,1,0,0.0000000000
11,81,2,0,0.0000000000
11,81,3,0,0.0000000000
11,82,1,0,0.0000000000
11,82,2,0,0.0000000000
11,82,3,0,0.0000000000
11,83,1,0,0.0000000000
11,83,2,0,0.0000000000
11,83,3,0,0.0000000000
11,84,1,0,0.0000000000
11,84,2,0,0.0000000000
11,84,3,0,0.0000000000
11,85,1,0,0.0000000000
11,85,2,0,0.0000000000
11,85,3,0,0.0000000000
11,86,1,0,0.0000000000
11,86,2,0,0.0000000000
11,86,3,0,0.0000000000
11,87,1,0,0.0000000000
11,87,2,0,0.0000000000
11,87,3,0,0.0000000000
11,88,1,0,0.0000000000
11,88,2,0,0.0000000000
11,88,3,0,0.0000000000
11,89,1,0,0.0000000000
11,89,2,0,0.0000000000
11,89,3,0,0.0000000000
11,90,1,0,0.0000000000
11,90,2,0,0.0000000000
11,90,3,0,0.0000000000
11,91,1,0,0.0000000000
11,91,2,0,0.0000000000
11,91,3,0,0.0000000000
11,92,1,0,0.0000000000
11,92,2,0,0.0000000000
11,92,3,0,0.0000000000
11,93,1,0,0.0000000000
11,93,2,0,0.0000000000
11,93,3,0,0.0000000000
11,94,1,0,0.0000000000
11,94,2,0,0.0000000000
11,94,3,0,0.0000000000
11,95,1,0,0.0000000000
11,95,2,0,0.0000000000
11,95,3,0,0.0000000000
11,96,1,0,0.0000000000
11,96,2,0,0.0000000000
11,96,3,0,0.0000000000
11,97,1,0,0.0000000000
11,97,2,0,0.0000000000
11,97,3,0,0.0000000000
11,98,1,0,0.0000000000
11,98,2,0,0.0000000000
11,98,3,0,0.0000000000
11,99,1,0,0.0000000000
11,99,2,0,0.0000000000
11,99,3,0,0.0000000000
11,100,1,0,0.0000000000
11,100,2,0,0.0000000000
11,100,3,0,0.0000000000
11,101,1,0,0.0000000000
11,101,2,0,0.0000000000
11,101,3,0,0.0000000000
11,102,1,0,0.0000000000
11,102,2,0,0.0000000000
11,102,3,0,0.0000000000
11,103,1,0,0.0000000000
11,103,2,0,0.0000000000
11,103,3,0,0.0000000000
11,104,1,0,0.0000000000
11,104,2,0,0.0000000000
11,104,3,0,0.0000000000
11,105,1,0,0.0000000000
11,105,2,0,0.0000000000
11,105,3,0,0.0000000000
11,106,1,0,0.0000000000
11,106,2,0,0.0000000000
11,106,3,0,0.0000000000
11,107,1,0,0.0000000000
11,107,2,0,0.0000000000
11,107,3,0,0.0000000000
11,108,1,0,0.0000000000
11,108,2,0,0.0000000000
11,108,3,0,0.0000000000
11,109,1,0,0.0000000000
11,109,2,0,0.0000000000
11,109,3,0,0.0000000000
11,110,1,0,0.0000000000
11,110,2,0,0.0000000000
11,110,3,0,0.0000000000
11,111,1,0,0.0000000000
11,111,2,0,0.0000000000
11,111,3,0,0.0000000000
11,112,1,0,0.0000000000
11,112,2,0,0.0000000000
11,112,3,0,0.0000000000
11,113,1,0,0.0000000000
11,113,2,0,0.0000000000
11,113,3,0,0.0000000000
11,114,1,0,0.0000000000
11,114,2,0,0.0000000000
11,114,3,0,0.0000000000
11,115,1,0,0.0000000000
11,115,2,0,0.0000000000
11,115,3,0,0.0000000000
11,116,1,0,0.0000000000
11,116,2,0,0.0000000000
11,116,3,0,0.0000000000
11,117,1,0,0.0000000000
11,117,2,0,0.0000000000
11,117,3,0,0.0000000000
11,118,1,0,0.0000000000
11,118,2,0,0.0000000000
11,118,3,0,0.0000000000
11,119,1,0,0.0000000000
11,119,2,0,0.0000000000
11,119,3,0,0.0000000000
11,120,1,0,0.0000000000
11,120,2,0,0.0000000000
11,120,3,0,0.0000000000
11,121,1,0,0.0000000000
11,121,2,0,0.0000000000
11,121,3,0,0.0000000000
11,122,1,0,0.0000000000
11,122,2,0,0.0000000000
11,122,3,0,0.0000000000
11,123,1,0,0.0000000000
11,123,2,0,0.0000000000
11,123,3,0,0.0000000000
11,124,1,0,0.0000000000
11,124,2,0,0.0000000000
11,124,3,0,0.0000000000
11,125,1,0,0.0000000000
11,125,2,0,0.0000000000
11,125,3,0,0.0000000000
11,126,1,0,0.0000000000
11,126,2,0,0.0000000000
11,126,3,0,0.0000000000
11,127,1,0,0.0000000000
11,127,2,0,0.0000000000
11,127,3,0,0.0000000000
11,128,1,0,0.0000000000
11,128,2,0,0.0000000000
11,128,3,0,0.0000000000
11,129,1,0,0.0000000000
11,129,2,0,0.0000000000
11,129,3,0,0.0000000000
11,130,1,0,0.0000000000
11,130,2,0,0.0000000000
11,130,3,0,0.0000000000
11,131,1,0,0.0000000000
11,131,2,0,0.0000000000
11,131,3,0,0.0000000000
11,132,1,0,0.0000000000
11,132,2,0,0.0000000000
11,132,3,0,0.0000000000
11,133,1,0,0.0000000000
11,133,2,0,0.0000000000
11,133,3,0,0.0000000000
11,134,1,0,0.0000000000
11,134,2,0,0.0000000000
11,134,3,0,0.0000000000
11,135,1,0,0.0000000000
11,135,2,0,0.0000000000
11,135,3,0,0.0000000000
11,136,1,0,0.0000000000
11,136,2,0,0.0000000000
11,136,3,0,0.0000000000
11,137,1,0,0.0000000000
11,137,2,0,0.0000000000
11,137,3,0,0.0000000000
11,138,1,0,0.0000000000
11,138,2,0,0.0000000000
11,138,3,0,0.0000000000
11,139,1,0,0.0000000000
11,139,2,0,0.0000000000
11,139,3,0,0.0000000000
11,140,1,0,0.0000000000
11,140,2,0,0.0000000000
11,140,3,0,0.0000000000
11,141,1,0,0.0000000000
11,141,2,0,0.0000000000
11,141,3,0,0.0000000000
11,142,1,0,0.0000000000
11,142,2,0,0.0000000000
11,142,3,0,0.0000000000
11,143,1,0,0.0000000000
11,143,2,0,0.0000000000
11,143,3,0,0.0000000000
11,144,1,0,0.0000000000
11,144,2,0,0.0000000000
11,144,3,0,0.0000000000
11,145,1,0,0.0000000000
11,145,2,0,0.0000000000
11,145,3,0,0.0000000000
11,146,1,0,0.0000000000
11,146,2,0,0.0000000000
11,146,3,0,0.0000000000
11,147,1,0,0.0000000000
11,147,2,0,0.0000000000
11,147,3,0,0.0000000000
11,148,1,0,0.0000000000
11,148,2,0,0.0000000000
11,148,3,0,0.0000000000
11,149,1,0,0.0000000000
11,149,2,0,0.0000000000
11,149,3,0,0.0000000000
11,150,1,0,0.0000000000
11,150,2,0,0.0000000000
11,150,3,0,0.0000000000
11,151,1,0,0.0000000000
11,151,2,0,0.0000000000
11,151,3,0,0.0000000000
11,152,1,0,0.0000000000
11,152,2,0,0.0000000000
11,152,3,0,0.0000000000
11,153,1,0,0.0000000000
11,153,2,0,0.0000000000
11,153,3,0,0.0000000000
11,154,1,0,0.0000000000
11,154,2,0,0.0000000000
11,154,3,0,0.0000000000
11,155,1,0,0.0000000000
11,155,2,0,0.0000000000
11,155,3,0,0.0000000000
11,156,1,0,0.0000000000
11,156,2,0,0.0000000000
11,156,3,0,0.0000000000
11,157,1,0,0.0000000000
11,157,2,0,0.0000000000
11,157,3,0,0.0000000000
11,158,1,0,0.0000000000
11,158,2,0,0.0000000000
11,158,3,0,0.0000000000
11,159,1,0,0.0000000000
11,159,2,0,0.0000000000
11,159,3,0,0.0000000000
11,160,1,0,0.0000000000
11,160,2,0,0.0000000000
11,160,3,0,0.0000000000
11,161,1,0,0.0000000000
11,161,2,0,0.0000000000
11,161,3,0,0.0000000000
11,162,1,0,0.0000000000
11,162,2,0,0.0000000000
11,162,3,0,0.0000000000
11,163,1,0,0.0000000000
11,163,2,0,0.0000000000
11,163,3,0,0.0000000000
11,164,1,0,0.0000000000
11,164,2,0,0.0000000000
11,164,3,0,0.0000000000
11,165,1,0,0.0000000000
11,165,2,0,0.0000000000
11,165,3,0,0.0000000000
11,166,1,0,0.0000000000
11,166,2,0,0.0000000000
11,166,3,0,0.0000000000
11,167,1,0,0.0000000000
11,167,2,0,0.0000000000
11,167,3,0,0.0000000000
11,168,1,0,0.0000000000
11,168,2,0,0.0000000000
11,168,3,0,0.0000000000
13,1,1,0,0.0000000000
13,1,2,0,0.0000000000
13,1,3,0,0.0000000000
13,2,1,0,0.0000000000
13,2,2,0,0.0000000000
13,2,3,0,0.0000000000
13,3,1,0,0.0000000000
13,3,2,0,0.0000000000
13,3,3,0,0.0000000000
13,4,1,0,0.0000000000
13,4,2,0,0.0000000000
13,4,3,0,0.0000000000
13,5,1,0,0.0000000000
13,5,2,0,0.0000000000
13,5,3,0,0.0000000000
13,6,1,0,0.0000000000
13,6,2,0,0.0000000000
13,6,3,0,0.0000000000
13,7,1,0,0.0000000000
13,7,2,0,0.0000000000
13,7,3,0,0.0000000000
13,8,1,0,0.0000000000
13,8,2,0,0.0000000000
13,8,3,0,0.0000000000
13,9,1,0,0.0000000000
13,9,2,0,0.0000000000
13,9,3,0,0.0000000000
13,10,1,0,0.0000000000
13,10,2,0,0.0000000000
13,10,3,0,0.0000000000
13,11,1,0,0.0000000000
13,11,2,0,0.0000000000
13,11,3,0,0.0000000000
13,12,1,0,0.0000000000
13,12,2,0,0.0000000000
13,12,3,0,0.0000000000
13,13,1,0,0.0000000000
13,13,2,0,0.0000000000
13,13,3,0,0.0000000000
13,14,1,0,0.0000000000
13,14,2,0,0.0000000000
13,14,3,0,0.0000000000
13,15,1,0,0.0000000000
13,15,2,0,0.0000000000
13,15,3,0,0.0000000000
13,16,1,0,0.0000000000
13,16,2,0,0.0000000000
13,16,3,0,0.0000000000
13,17,1,0,0.0000000000
13,17,2,0,0.0000000000
13,17,3,0,0.0000000000
13,18,1,0,0.0000000000
13,18,2,0,0.0000000000
13,18,3,0,0.0000000000
13,19,1,0,0.0000000000
13,19,2,0,0.0000000000
13,19,3,0,0.0000000000
13,20,1,0,0.0000000000
13,20,2,0,0.0000000000
13,20,3,0,0.0000000000
13,21,1,0,0.0000000000
13,21,2,0,0.0000000000
13,21,3,0,0.0000000000
13,22,1,0,0.0000000000
13,22,2,0,0.0000000000
13,22,3,0,0.0000000000
13,23,1,0,0.0000000000
13,23,2,0,0.0000000000
13,23,3,0,0.0000000000
13,24,1,0,0.0000000000
13,24,2,0,0.0000000000
13,24,3,0,0.0000000000
13,25,1,0,0.0000000000
13,25,2,0,0.0000000000
13,25,3,0,0.0000000000
13,26,1,0,0.0000000000
13,26,2,0,0.0000000000
13,26,3,0,0.0000000000
13,27,1,0,0.0000000000
13,27,2,0,0.0000000000
13,27,3,0,0.0000000000
13,28,1,0,0.0000000000
13,28,2,0,0.0000000000
13,28,3,0,0.0000000000
13,29,1,0,0.0000000000
13,29,2,0,0.0000000000
13,29,3,0,0.0000000000
13,30,1,0,0.0000000000
13,30,2,0,0.0000000000
13,30,3,0,0.0000000000
13,31,1,0,0.0000000000
13,31,2,0,0.0000000000
13,31,3,0,0.0000000000
13,32,1,0,0.0000000000
13,32,2,0,0.0000000000
13,32,3,0,0.0000000000
13,33,1,0,0.0000000000
13,33,2,0,0.0000000000
13,33,3,0,0.0000000000
13,34,1,0,0.0000000000
13,34,2,0,0.0000000000
13,34,3,0,0.0000000000
13,35,1,0,0.0000000000
13,35,2,0,0.0000000000
13,35,3,0,0.0000000000
13,36,1,0,0.0000000000
13,36,2,0,0.0000000000
13,36,3,0,0.0000000000
13,37,1,0,0.0000000000
13,37,2,0,0.0000000000
13,37,3,0,0.0000000000
13,38,1,0,0.0000000000
13,38,2,0,0.0000000000
13,38,3,0,0.0000000000
13,39,1,0,0.0000000000
13,39,2,0,0.0000000000
13,39,3,0,0.0000000000
13,40,1,0,0.0000000000
13,40,2,0,0.0000000000
13,40,3,0,0.0000000000
13,41,1,0,0.0000000000
13,41,2,0,0.0000000000
13,41,3,0,0.0000000000
13,42,1,0,0.0000000000
13,42,2,0,0.0000000000
13,42,3,0,0.0000000000
13,43,1,0,0.0000000000
13,43,2,0,0.0000000000
13,43,3,0,0.0000000000
13,44,1,0,0.0000000000
13,44,2,0,0.0000000000
13,44,3,0,0.0000000000
13,45,1,0,0.0000000000
13,45,2,0,0.0000000000
13,45,3,0,0.0000000000
13,46,1,0,0.0000000000
13,46,2,0,0.0000000000
13,46,3,0,0.0000000000
13,47,1,0,0.0000000000
13,47,2,0,0.0000000000
13,47,3,0,0.0000000000
13,48,1,0,0.0000000000
13,48,2,0,0.0000000000
13,48,3,0,0.0000000000
13,49,1,0,0.0000000000
13,49,2,0,0.0000000000
13,49,3,0,0.0000000000
13,50,1,0,0.0000000000
13,50,2,0,0.0000000000
13,50,3,0,0.0000000000
13,51,1,0,0.0000000000
13,51,2,0,0.0000000000
13,51,3,0,0.0000000000
13,52,1,0,0.0000000000
13,52,2,0,0.0000000000
13,52,3,0,0.0000000000
13,53,1,0,0.0000000000
13,53,2,0,0.0000000000
13,53,3,0,0.0000000000
13,54,1,0,0.0000000000
13,54,2,0,0.0000000000
13,54,3,0,0.0000000000
13,55,1,0,0.0000000000
13,55,2,0,0.0000000000
13,55,3,0,0.0000000000
13,56,1,0,0.0000000000
13,56,2,0,0.0000000000
13,56,3,0,0.0000000000
13,57,1,0,0.0000000000
13,57,2,0,0.0000000000
13,57,3,0,0.0000000000
13,58,1,0,0.0000000000
13,58,2,0,0.0000000000
13,58,3,0,0.0000000000
13,59,1,0,0.0000000000
13,59,2,0,0.0000000000
13,59,3,0,0.0000000000
13,60,1,0,0.0000000000
13,60,2,0,0.0000000000
13,60,3,0,0.0000000000
13,61,1,0,0.0000000000
13,61,2,0,0.0000000000
13,61,3,0,0.0000000000
13,62,1,0,0.0000000000
13,62,2,0,0.0000000000
13,62,3,0,0.0000000000
13,63,1,0,0.0000000000
13,63,2,0,0.0000000000
13,63,3,0,0.0000000000
13,64,1,0,0.0000000000
13,64,2,0,0.0000000000
13,64,3,0,0.0000000000
13,65,1,0,0.0000000000
13,65,2,0,0.0000000000
13,65,3,0,0.0000000000
13,66,1,0,0.0000000000
13,66,2,0,0.0000000000
13,66,3,0,0.0000000000
13,67,1,0,0.0000000000
13,67,2,0,0.0000000000
13,67,3,0,0.0000000000
13,68,1,0,0.0000000000
13,68,2,0,0.0000000000
13,68,3,0,0.0000000000
13,69,1,0,0.0000000000
13,69,2,0,0.0000000000
13,69,3,0,0.0000000000
13,70,1,0,0.0000000000
13,70,2,0,0.0000000000
13,70,3,0,0.0000000000
13,71,1,0,0.0000000000
13,71,2,0,0.0000000000
13,71,3,0,0.0000000000
13,72,1,0,0.0000000000
13,72,2,0,0.0000000000
13,72,3,0,0.0000000000
13,73,1,0,0.0000000000
13,73,2,0,0.0000000000
13,73,3,0,0.0000000000
13,74,1,0,0.0000000000
13,74,2,0,0.0000000000
13,74,3,0,0.0000000000
13,75,1,0,0.0000000000
13,75,2,0,0.0000000000
13,75,3,0,0.0000000000
13,76,1,0,0.0000000000
13,76,2,0,0.0000000000
13,76,3,0,0.0000000000
13,77,1,0,0.0000000000
13,77,2,0,0.0000000000
13,77,3,0,0.0000000000
13,78,1,0,0.0000000000
13,78,2,0,0.0000000000
13,78,3,0,0.0000000000
13,79,1,0,0.0000000000
13,79,2,0,0.0000000000
13,79,3,0,0.0000000000
13,80,1,0,0.0000000000
13,80,2,0,0.0000000000
13,80,3,0,0.0000000000
13,81,1,0,0.0000000000
13,81,2,0,0.0000000000
13,81,3,0,0.0000000000
13,82,1,0,0.0000000000
13,82,2,0,0.0000000000
13,82,3,0,0.0000000000
13,83,1,0,0.0000000000
13,83,2,0,0.0000000000
13,83,3,0,0.0000000000
13,84,1,0,0.0000000000
13,84,2,0,0.0000000000
13,84,3,0,0.0000000000
13,85,1,0,0.0000000000
13,85,2,0,0.0000000000
13,85,3,0,0.0000000000
13,86,1,0,0.0000000000
13,86,2,0,0.0000000000
13,86,3,0,0.0000000000
13,87,1,0,0.0000000000
13,87,2,0,0.0000000000
13,87,3,0,0.0000000000
13,88,1,0,0.0000000000
13,88,2,0,0.0000000000
13,88,3,0,0.0000000000
13,89,1,0,0.0000000000
13,89,2,0,0.0000000000
13,89,3,0,0.0000000000
13,90,1,0,0.0000000000
13,90,2,0,0.0000000000
13,90,3,0,0.0000000000
13,91,1,0,0.0000000000
13,91,2,0,0.0000000000
13,91,3,0,0.0000000000
13,92,1,0,0.0000000000
13,92,2,0,0.0000000000
13,92,3,0,0.0000000000
13,93,1,0,0.0000000000
13,93,2,0,0.0000000000
13,93,3,0,0.0000000000
13,94,1,0,0.0000000000
13,94,2,0,0.0000000000
13,94,3,0,0.0000000000
13,95,1,0,0.0000000000
13,95,2,0,0.0000000000
13,95,3,0,0.0000000000
13,96,1,0,0.0000000000
13,96,2,0,0.0000000000
13,96,3,0,0.0000000000
13,97,1,0,0.0000000000
13,97,2,0,0.0000000000
13,97,3,0,0.0000000000
13,98,1,0,0.0000000000
13,98,2,0,0.0000000000
13,98,3,0,0.0000000000
13,99,1,0,0.0000000000
13,99,2,0,0.0000000000
13,99,3,0,0.0000000000
13,100,1,0,0.0000000000
13,100,2,0,0.0000000000
13,100,3,0,0.0000000000
13,101,1,0,0.0000000000
13,101,2,0,0.0000000000
13,101,3,0,0.0000000000
13,102,1,0,0.0000000000
13,102,2,0,0.0000000000
13,102,3,0,0.0000000000
13,103,1,0,0.0000000000
13,103,2,0,0.0000000000
13,103,3,0,0.0000000000
13,104,1,0,0.0000000000
13,104,2,0,0.0000000000
13,104,3,0,0.0000000000
13,105,1,0,0.0000000000
13,105,2,0,0.0000000000
13,105,3,0,0.0000000000
13,106,1,0,0.0000000000
13,106,2,0,0.0000000000
13,106,3,0,0.0000000000
13,107,1,0,0.0000000000
13,107,2,0,0.0000000000
13,107,3,0,0.0000000000
13,108,1,0,0.0000000000
13,108,2,0,0.0000000000
13,108,3,0,0.0000000000
13,109,1,0,0.0000000000
13,109,2,0,0.0000000000
13,109,3,0,0.0000000000
13,110,1,0,0.0000000000
13,110,2,0,0.0000000000
13,110,3,0,0.0000000000
13,111,1,0,0.0000000000
13,111,2,0,0.0000000000
13,111,3,0,0.0000000000
13,112,1,0,0.0000000000
13,112,2,0,0.0000000000
13,112,3,0,0.0000000000
13,113,1,0,0.0000000000
13,113,2,0,0.0000000000
13,113,3,0,0.0000000000
13,114,1,0,0.0000000000
13,114,2,0,0.0000000000
13,114,3,0,0.0000000000
13,115,1,0,0.0000000000
13,115,2,0,0.0000000000
13,115,3,0,0.0000000000
13,116,1,0,0.0000000000
13,116,2,0,0.0000000000
13,116,3,0,0.0000000000
13,117,1,0,0.0000000000
13,117,2,0,0.0000000000
13,117,3,0,0.0000000000
13,118,1,0,0.0000000000
13,118,2,0,0.0000000000
13,118,3,0,0.0000000000
13,119,1,0,0.0000000000
13,119,2,0,0.0000000000
13,119,3,0,0.0000000000
13,120,1,0,0.0000000000
13,120,2,0,0.0000000000
13,120,3,0,0.0000000000
13,121,1,0,0.0000000000
13,121,2,0,0.0000000000
13,121,3,0,0.0000000000
13,122,1,0,0.0000000000
13,122,2,0,0.0000000000
13,122,3,0,0.0000000000
13,123,1,0,0.0000000000
13,123,2,0,0.0000000000
13,123,3,0,0.0000000000
13,124,1,0,0.0000000000
13,124,2,0,0.0000000000
13,124,3,0,0.0000000000
13,125,1,0,0.0000000000
13,125,2,0,0.0000000000
13,125,3,0,0.0000000000
13,126,1,0,0.0000000000
13,126,2,0,0.0000000000
13,126,3,0,0.0000000000
13,127,1,0,0.0000000000
13,127,2,0,0.0000000000
13,127,3,0,0.0000000000
13,128,1,0,0.0000000000
13,128,2,0,0.0000000000
13,128,3,0,0.0000000000
13,129,1,0,0.0000000000
13,129,2,0,0.0000000000
13,129,3,0,0.0000000000
13,130,1,0,0.0000000000
13,130,2,0,0.0000000000
13,130,3,0,0.0000000000
13,131,1,0,0.0000000000
13,131,2,0,0.0000000000
13,131,3,0,0.0000000000
13,132,1,0,0.0000000000
13,132,2,0,0.0000000000
13,132,3,0,0.0000000000
13,133,1,0,0.0000000000
13,133,2,0,0.0000000000
13,133,3,0,0.0000000000
13,134,1,0,0.0000000000
13,134,2,0,0.0000000000
13,134,3,0,0.0000000000
13,135,1,0,0.0000000000
13,135,2,0,0.0000000000
13,135,3,0,0.0000000000
13,136,1,0,0.0000000000
13,136,2,0,0.0000000000
13,136,3,0,0.0000000000
13,137,1,0,0.0000000000
13,137,2,0,0.0000000000
13,137,3,0,0.0000000000
13,138,1,0,0.0000000000
13,138,2,0,0.0000000000
13,138,3,0,0.0000000000
13,139,1,0,0.0000000000
13,139,2,0,0.0000000000
13,139,3,0,0.0000000000
13,140,1,0,0.0000000000
13,140,2,0,0.0000000000
13,140,3,0,0.0000000000
13,141,1,0,0.0000000000
13,141,2,0,0.0000000000
13,141,3,0,0.0000000000
13,142,1,0,0.0000000000
13,142,2,0,0.0000000000
13,142,3,0,0.0000000000
13,143,1,0,0.0000000000
13,143,2,0,0.0000000000
13,143,3,0,0.0000000000
13,144,1,0,0.0000000000
13,144,2,0,0.0000000000
13,144,3,0,0.0000000000
13,145,1,0,0.0000000000
13,145,2,0,0.0000000000
13,145,3,0,0.0000000000
13,146,1,0,0.0000000000
13,146,2,0,0.0000000000
13,146,3,0,0.0000000000
13,147,1,0,0.0000000000
13,147,2,0,0.0000000000
13,147,3,0,0.0000000000
13,148,1,0,0.0000000000
13,148,2,0,0.0000000000
13,148,3,0,0.0000000000
13,149,1,0,0.0000000000
13,149,2,0,0.0000000000
13,149,3,0,0.0000000000
13,150,1,0,0.0000000000
13,150,2,0,0.0000000000
13,150,3,0,0.0000000000
13,151,1,0,0.0000000000
13,151,2,0,0.0000000000
13,151,3,0,0.0000000000
13,152,1,0,0.0000000000
13,152,2,0,0.0000000000
13,152,3,0,0.0000000000
13,153,1,0,0.0000000000
13,153,2,0,0.0000000000
13,153,3,0,0.0000000000
13,154,1,0,0.0000000000
13,154,2,0,0.0000000000
13,154,3,0,0.0000000000
13,155,1,0,0.0000000000
13,155,2,0,0.0000000000
13,155,3,0,0.0000000000
13,156,1,0,0.0000000000
13,156,2,0,0.0000000000
13,156,3,0,0.0000000000
13,157,1,0,0.0000000000
13,157,2,0,0.0000000000
13,157,3,0,0.0000000000
13,158,1,0,0.0000000000
13,158,2,0,0.0000000000
13,158,3,0,0.0000000000
13,159,1,0,0.0000000000
13,159,2,0,0.0000000000
13,159,3,0,0.0000000000
13,160,1,0,0.0000000000
13,160,2,0,0.0000000000
13,160,3,0,0.0000000000
13,161,1,0,0.0000000000
13,161,2,0,0.0000000000
13,161,3,0,0.0000000000
13,162,1,0,0.0000000000
13,162,2,0,0.0000000000
13,162,3,0,0.0000000000
13,163,1,0,0.0000000000
13,163,2,0,0.0000000000
13,163,3,0,0.0000000000
13,164,1,0,0.0000000000
13,164,2,0,0.0000000000
13,164,3,0,0.0000000000
13,165,1,0,0.0000000000
13,165,2,0,0.0000000000
13,165,3,0,0.0000000000
13,166,1,0,0.0000000000
13,166,2,0,0.0000000000
13,166,3,0,0.0000000000
13,167,1,0,0.0000000000
13,167,2,0,0.0000000000
13,167,3,0,0.0000000000
13,168,1,0,0.0000000000
13,168,2,0,0.0000000000
13,168,3,0,0.0000000000
14,1,1,0,0.0000000000
14,1,2,0,0.0000000000
14,1,3,0,0.0000000000
14,2,1,0,0.0000000000
14,2,2,0,0.0000000000
14,2,3,0,0.0000000000
14,3,1,0,0.0000000000
14,3,2,0,0.0000000000
14,3,3,0,0.0000000000
14,4,1,0,0.0000000000
14,4,2,0,0.0000000000
14,4,3,0,0.0000000000
14,5,1,0,0.0000000000
14,5,2,0,0.0000000000
14,5,3,0,0.0000000000
14,6,1,0,0.0000000000
14,6,2,0,0.0000000000
14,6,3,0,0.0000000000
14,7,1,0,0.0000000000
14,7,2,0,0.0000000000
14,7,3,0,0.0000000000
14,8,1,0,0.0000000000
14,8,2,0,0.0000000000
14,8,3,0,0.0000000000
14,9,1,0,0.0000000000
14,9,2,0,0.0000000000
14,9,3,0,0.0000000000
14,10,1,0,0.0000000000
14,10,2,0,0.0000000000
14,10,3,0,0.0000000000
14,11,1,0,0.0000000000
14,11,2,0,0.0000000000
14,11,3,0,0.0000000000
14,12,1,0,0.0000000000
14,12,2,0,0.0000000000
14,12,3,0,0.0000000000
14,13,1,0,0.0000000000
14,13,2,0,0.0000000000
14,13,3,0,0.0000000000
14,14,1,0,0.0000000000
14,14,2,0,0.0000000000
14,14,3,0,0.0000000000
14,15,1,0,0.0000000000
14,15,2,0,0.0000000000
14,15,3,0,0.0000000000
14,16,1,0,0.0000000000
14,16,2,0,0.0000000000
14,16,3,0,0.0000000000
14,17,1,0,0.0000000000
14,17,2,0,0.0000000000
14,17,3,0,0.0000000000
14,18,1,0,0.0000000000
14,18,2,0,0.0000000000
14,18,3,0,0.0000000000
14,19,1,0,0.0000000000
14,19,2,0,0.0000000000
14,19,3,0,0.0000000000
14,20,1,0,0.0000000000
14,20,2,0,0.0000000000
14,20,3,0,0.0000000000
14,21,1,0,0.0000000000
14,21,2,0,0.0000000000
14,21,3,0,0.0000000000
14,22,1,0,0.0000000000
14,22,2,0,0.0000000000
14,22,3,0,0.0000000000
14,23,1,0,0.0000000000
14,23,2,0,0.0000000000
14,23,3,0,0.0000000000
14,24,1,0,0.0000000000
14,24,2,0,0.0000000000
14,24,3,0,0.0000000000
14,25,1,0,0.0000000000
14,25,2,0,0.0000000000
14,25,3,0,0.0000000000
14,26,1,0,0.0000000000
14,26,2,0,0.0000000000
14,26,3,0,0.0000000000
14,27,1,0,0.0000000000
14,27,2,0,0.0000000000
14,27,3,0,0.0000000000
14,28,1,0,0.0000000000
14,28,2,0,0.0000000000
14,28,3,0,0.0000000000
14,29,1,0,0.0000000000
14,29,2,0,0.0000000000
14,29,3,0,0.0000000000
14,30,1,0,0.0000000000
14,30,2,0,0.0000000000
14,30,3,0,0.0000000000
14,31,1,0,0.0000000000
14,31,2,0,0.0000000000
14,31,3,0,0.0000000000
14,32,1,0,0.0000000000
14,32,2,0,0.0000000000
14,32,3,0,0.0000000000
14,33,1,0,0.0000000000
14,33,2,0,0.0000000000
14,33,3,0,0.0000000000
14,34,1,0,0.0000000000
14,34,2,0,0.0000000000
14,34,3,0,0.0000000000
14,35,1,0,0.0000000000
14,35,2,0,0.0000000000
14,35,3,0,0.0000000000
14,36,1,0,0.0000000000
14,36,2,0,0.0000000000
14,36,3,0,0.0000000000
14,37,1,0,0.0000000000
14,37,2,0,0.0000000000
14,37,3,0,0.0000000000
14,38,1,0,0.0000000000
14,38,2,0,0.0000000000
14,38,3,0,0.0000000000
14,39,1,0,0.0000000000
14,39,2,0,0.0000000000
14,39,3,0,0.0000000000
14,40,1,0,0.0000000000
14,40,2,0,0.0000000000
14,40,3,0,0.0000000000
14,41,1,0,0.0000000000
14,41,2,0,0.0000000000
14,41,3,0,0.0000000000
14,42,1,0,0.0000000000
14,42,2,0,0.0000000000
14,42,3,0,0.0000000000
14,43,1,0,0.0000000000
14,43,2,0,0.0000000000
14,43,3,0,0.0000000000
14,44,1,0,0.0000000000
14,44,2,0,0.0000000000
14,44,3,0,0.0000000000
14,45,1,0,0.0000000000
14,45,2,0,0.0000000000
14,45,3,0,0.0000000000
14,46,1,0,0.0000000000
14,46,2,0,0.0000000000
14,46,3,0,0.0000000000
14,47,1,0,0.0000000000
14,47,2,0,0.0000000000
14,47,3,0,0.0000000000
14,48,1,0,0.0000000000
14,48,2,0,0.0000000000
14,48,3,0,0.0000000000
14,49,1,0,0.0000000000
14,49,2,0,0.0000000000
14,49,3,0,0.0000000000
14,50,1,0,0.0000000000
14,50,2,0,0.0000000000
14,50,3,0,0.0000000000
14,51,1,0,0.0000000000
14,51,2,0,0.0000000000
14,51,3,0,0.0000000000
14,52,1,0,0.0000000000
14,52,2,0,0.0000000000
14,52,3,0,0.0000000000
14,53,1,0,0.0000000000
14,53,2,0,0.0000000000
14,53,3,0,0.0000000000
14,54,1,0,0.0000000000
14,54,2,0,0.0000000000
14,54,3,0,0.0000000000
14,55,1,0,0.0000000000
14,55,2,0,0.0000000000
14,55,3,0,0.0000000000
14,56,1,0,0.0000000000
14,56,2,0,0.0000000000
14,56,3,0,0.0000000000
14,57,1,0,0.0000000000
14,57,2,0,0.0000000000
14,57,3,0,0.0000000000
14,58,1,0,0.0000000000
14,58,2,0,0.0000000000
14,58,3,0,0.0000000000
14,59,1,0,0.0000000000
14,59,2,0,0.0000000000
14,59,3,0,0.0000000000
14,60,1,0,0.0000000000
14,60,2,0,0.0000000000
14,60,3,0,0.0000000000
14,61,1,0,0.0000000000
14,61,2,0,0.0000000000
14,61,3,0,0.0000000000
14,62,1,0,0.0000000000
14,62,2,0,0.0000000000
14,62,3,0,0.0000000000
14,63,1,0,0.0000000000
14,63,2,0,0.0000000000
14,63,3,0,0.0000000000
14,64,1,0,0.0000000000
14,64,2,0,0.0000000000
14,64,3,0,0.0000000000
14,65,1,0,0.0000000000
14,65,2,0,0.0000000000
14,65,3,0,0.0000000000
14,66,1,0,0.0000000000
14,66,2,0,0.0000000000
14,66,3,0,0.0000000000
14,67,1,0,0.0000000000
14,67,2,0,0.0000000000
14,67,3,0,0.0000000000
14,68,1,0,0.0000000000
14,68,2,0,0.0000000000
14,68,3,0,0.0000000000
14,69,1,0,0.0000000000
14,69,2,0,0.0000000000
14,69,3,0,0.0000000000
14,70,1,0,0.0000000000
14,70,2,0,0.0000000000
14,70,3,0,0.0000000000
14,71,1,0,0.0000000000
14,71,2,0,0.0000000000
14,71,3,0,0.0000000000
14,72,1,0,0.0000000000
14,72,2,0,0.0000000000
14,72,3,0,0.0000000000
14,73,1,0,0.0000000000
14,73,2,0,0.0000000000
14,73,3,0,0.0000000000
14,74,1,0,0.0000000000
14,74,2,0,0.0000000000
14,74,3,0,0.0000000000
14,75,1,0,0.0000000000
14,75,2,0,0.0000000000
14,75,3,0,0.0000000000
14,76,1,0,0.0000000000
14,76,2,0,0.0000000000
14,76,3,0,0.0000000000
14,77,1,0,0.0000000000
14,77,2,0,0.0000000000
14,77,3,0,0.0000000000
14,78,1,0,0.0000000000
14,78,2,0,0.0000000000
14,78,3,0,0.0000000000
14,79,1,0,0.0000000000
14,79,2,0,0.0000000000
14,79,3,0,0.0000000000
14,80,1,0,0.0000000000
14,80,2,0,0.0000000000
14,80,3,0,0.0000000000
14,81,1,0,0.0000000000
14,81,2,0,0.0000000000
14,81,3,0,0.0000000000
14,82,1,0,0.0000000000
14,82,2,0,0.0000000000
14,82,3,0,0.0000000000
14,83,1,0,0.0000000000
14,83,2,0,0.0000000000
14,83,3,0,0.0000000000
14,84,1,0,0.0000000000
14,84,2,0,0.0000000000
14,84,3,0,0.0000000000
14,85,1,0,0.0000000000
14,85,2,0,0.0000000000
14,85,3,0,0.0000000000
14,86,1,0,0.0000000000
14,86,2,0,0.0000000000
14,86,3,0,0.0000000000
14,87,1,0,0.0000000000
14,87,2,0,0.0000000000
14,87,3,0,0.0000000000
14,88,1,0,0.0000000000
14,88,2,0,0.0000000000
14,88,3,0,0.0000000000
14,89,1,0,0.0000000000
14,89,2,0,0.0000000000
14,89,3,0,0.0000000000
14,90,1,0,0.0000000000
14,90,2,0,0.0000000000
14,90,3,0,0.0000000000
14,91,1,0,0.0000000000
14,91,2,0,0.0000000000
14,91,3,0,0.0000000000
14,92,1,0,0.0000000000
14,92,2,0,0.0000000000
14,92,3,0,0.0000000000
14,93,1,0,0.0000000000
14,93,2,0,0.0000000000
14,93,3,0,0.0000000000
14,94,1,0,0.0000000000
14,94,2,0,0.0000000000
14,94,3,0,0.0000000000
14,95,1,0,0.0000000000
14,95,2,0,0.0000000000
14,95,3,0,0.0000000000
14,96,1,0,0.0000000000
14,96,2,0,0.0000000000
14,96,3,0,0.0000000000
14,97,1,0,0.0000000000
14,97,2,0,0.0000000000
14,97,3,0,0.0000000000
14,98,1,0,0.0000000000
14,98,2,0,0.0000000000
14,98,3,0,0.0000000000
14,99,1,0,0.0000000000
14,99,2,0,0.0000000000
14,99,3,0,0.0000000000
14,100,1,0,0.0000000000
14,100,2,0,0.0000000000
14,100,3,0,0.0000000000
14,101,1,0,0.0000000000
14,101,2,0,0.0000000000
14,101,3,0,0.0000000000
14,102,1,0,0.0000000000
14,102,2,0,0.0000000000
14,102,3,0,0.0000000000
14,103,1,0,0.0000000000
14,103,2,0,0.0000000000
14,103,3,0,0.0000000000
14,104,1,0,0.0000000000
14,104,2,0,0.0000000000
14,104,3,0,0.0000000000
14,105,1,0,0.0000000000
14,105,2,0,0.0000000000
14,105,3,0,0.0000000000
14,106,1,0,0.0000000000
14,106,2,0,0.0000000000
14,106,3,0,0.0000000000
14,107,1,0,0.0000000000
14,107,2,0,0.0000000000
14,107,3,0,0.0000000000
14,108,1,0,0.0000000000
14,108,2,0,0.0000000000
14,108,3,0,0.0000000000
14,109,1,0,0.0000000000
14,109,2,0,0.0000000000
14,109,3,0,0.0000000000
14,110,1,0,0.0000000000
14,110,2,0,0.0000000000
14,110,3,0,0.0000000000
14,111,1,0,0.0000000000
14,111,2,0,0.0000000000
14,111,3,0,0.0000000000
14,112,1,0,0.0000000000
14,112,2,0,0.0000000000
14,112,3,0,0.0000000000
14,113,1,0,0.0000000000
14,113,2,0,0.0000000000
14,113,3,0,0.0000000000
14,114,1,0,0.0000000000
14,114,2,0,0.0000000000
14,114,3,0,0.0000000000
14,115,1,0,0.0000000000
14,115,2,0,0.0000000000
14,115,3,0,0.0000000000
14,116,1,0,0.0000000000
14,116,2,0,0.0000000000
14,116,3,0,0.0000000000
14,117,1,0,0.0000000000
14,117,2,0,0.0000000000
14,117,3,0,0.0000000000
14,118,1,0,0.0000000000
14,118,2,0,0.0000000000
14,118,3,0,0.0000000000
14,119,1,0,0.0000000000
14,119,2,0,0.0000000000
14,119,3,0,0.0000000000
14,120,1,0,0.0000000000
14,120,2,0,0.0000000000
14,120,3,0,0.0000000000
14,121,1,0,0.0000000000
14,121,2,0,0.0000000000
14,121,3,0,0.0000000000
14,122,1,0,0.0000000000
14,122,2,0,0.0000000000
14,122,3,0,0.0000000000
14,123,1,0,0.0000000000
14,123,2,0,0.0000000000
14,123,3,0,0.0000000000
14,124,1,0,0.0000000000
14,124,2,0,0.0000000000
14,124,3,0,0.0000000000
14,125,1,0,0.0000000000
14,125,2,0,0.0000000000
14,125,3,0,0.0000000000
14,126,1,0,0.0000000000
14,126,2,0,0.0000000000
14,126,3,0,0.0000000000
14,127,1,0,0.0000000000
14,127,2,0,0.0000000000
14,127,3,0,0.0000000000
14,128,1,0,0.0000000000
14,128,2,0,0.0000000000
14,128,3,0,0.0000000000
14,129,1,0,0.0000000000
14,129,2,0,0.0000000000
14,129,3,0,0.0000000000
14,130,1,0,0.0000000000
14,130,2,0,0.0000000000
14,130,3,0,0.0000000000
14,131,1,0,0.0000000000
14,131,2,0,0.0000000000
14,131,3,0,0.0000000000
14,132,1,0,0.0000000000
14,132,2,0,0.0000000000
14,132,3,0,0.0000000000
14,133,1,0,0.0000000000
14,133,2,0,0.0000000000
14,133,3,0,0.0000000000
14,134,1,0,0.0000000000
14,134,2,0,0.0000000000
14,134,3,0,0.0000000000
14,135,1,0,0.0000000000
14,135,2,0,0.0000000000
14,135,3,0,0.0000000000
14,136,1,0,0.0000000000
14,136,2,0,0.0000000000
14,136,3,0,0.0000000000
14,137,1,0,0.0000000000
14,137,2,0,0.0000000000
14,137,3,0,0.0000000000
14,138,1,0,0.0000000000
14,138,2,0,0.0000000000
14,138,3,0,0.0000000000
14,139,1,0,0.0000000000
14,139,2,0,0.0000000000
14,139,3,0,0.0000000000
14,140,1,0,0.0000000000
14,140,2,0,0.0000000000
14,140,3,0,0.0000000000
14,141,1,0,0.0000000000
14,141,2,0,0.0000000000
14,141,3,0,0.0000000000
14,142,1,0,0.0000000000
14,142,2,0,0.0000000000
14,142,3,0,0.0000000000
14,143,1,0,0.0000000000
14,143,2,0,0.0000000000
14,143,3,0,0.0000000000
14,144,1,0,0.0000000000
14,144,2,0,0.0000000000
14,144,3,0,0.0000000000
14,145,1,0,0.0000000000
14,145,2,0,0.0000000000
14,145,3,0,0.0000000000
14,146,1,0,0.0000000000
14,146,2,0,0.0000000000
14,146,3,0,0.0000000000
14,147,1,0,0.0000000000
14,147,2,0,0.0000000000
14,147,3,0,0.0000000000
14,148,1,0,0.0000000000
14,148,2,0,0.0000000000
14,148,3,0,0.0000000000
14,149,1,0,0.0000000000
14,149,2,0,0.0000000000
14,149,3,0,0.0000000000
14,150,1,0,0.0000000000
14,150,2,0,0.0000000000
14,150,3,0,0.0000000000
14,151,1,0,0.0000000000
14,151,2,0,0.0000000000
14,151,3,0,0.0000000000
14,152,1,0,0.0000000000
14,152,2,0,0.0000000000
14,152,3,0,0.0000000000
14,153,1,0,0.0000000000
14,153,2,0,0.0000000000
14,153,3,0,0.0000000000
14,154,1,0,0.0000000000
14,154,2,0,0.0000000000
14,154,3,0,0.0000000000
14,155,1,0,0.0000000000
14,155,2,0,0.0000000000
14,155,3,0,0.0000000000
14,156,1,0,0.0000000000
14,156,2,0,0.0000000000
14,156,3,0,0.0000000000
14,157,1,0,0.0000000000
14,157,2,0,0.0000000000
14,157,3,0,0.0000000000
14,158,1,0,0.0000000000
14,158,2,0,0.0000000000
14,158,3,0,0.0000000000
14,159,1,0,0.0000000000
14,159,2,0,0.0000000000
14,159,3,0,0.0000000000
14,160,1,0,0.0000000000
14,160,2,0,0.0000000000
14,160,3,0,0.0000000000
14,161,1,0,0.0000000000
14,161,2,0,0.0000000000
14,161,3,0,0.0000000000
14,162,1,0,0.0000000000
14,162,2,0,0.0000000000
14,162,3,0,0.0000000000
14,163,1,0,0.0000000000
14,163,2,0,0.0000000000
14,163,3,0,0.0000000000
14,164,1,0,0.0000000000
14,164,2,0,0.0000000000
14,164,3,0,0.0000000000
14,165,1,0,0.0000000000
14,165,2,0,0.0000000000
14,165,3,0,0.0000000000
14,166,1,0,0.0000000000
14,166,2,0,0.0000000000
14,166,3,0,0.0000000000
14,167,1,0,0.0000000000
14,167,2,0,0.0000000000
14,167,3,0,0.0000000000
14,168,1,0,0.0000000000
14,168,2,0,0.0000000000
14,168,3,0,0.0000000000
16,1,1,0,0.0000000000
16,1,2,0,0.0000000000
16,1,3,0,0.0000000000
16,2,1,0,0.0000000000
16,2,2,0,0.0000000000
16,2,3,0,0.0000000000
16,3,1,0,0.0000000000
16,3,2,0,0.0000000000
16,3,3,0,0.0000000000
16,4,1,0,0.0000000000
16,4,2,0,0.0000000000
16,4,3,0,0.0000000000
16,5,1,0,0.0000000000
16,5,2,0,0.0000000000
16,5,3,0,0.0000000000
16,6,1,0,0.0000000000
16,6,2,0,0.0000000000
16,6,3,0,0.0000000000
16,7,1,0,0.0000000000
16,7,2,0,0.0000000000
16,7,3,0,0.0000000000
16,8,1,0,0.0000000000
16,8,2,0,0.0000000000
16,8,3,0,0.0000000000
16,9,1,0,0.0000000000
16,9,2,0,0.0000000000
16,9,3,0,0.0000000000
16,10,1,0,0.0000000000
16,10,2,0,0.0000000000
16,10,3,0,0.0000000000
16,11,1,0,0.0000000000
16,11,2,0,0.0000000000
16,11,3,0,0.0000000000
16,12,1,0,0.0000000000
16,12,2,0,0.0000000000
16,12,3,0,0.0000000000
16,13,1,0,0.0000000000
16,13,2,0,0.0000000000
16,13,3,0,0.0000000000
16,14,1,0,0.0000000000
16,14,2,0,0.0000000000
16,14,3,0,0.0000000000
16,15,1,0,0.0000000000
16,15,2,0,0.0000000000
16,15,3,0,0.0000000000
16,16,1,0,0.0000000000
16,16,2,0,0.0000000000
16,16,3,0,0.0000000000
16,17,1,0,0.0000000000
16,17,2,0,0.0000000000
16,17,3,0,0.0000000000
16,18,1,0,0.0000000000
16,18,2,0,0.0000000000
16,18,3,0,0.0000000000
16,19,1,0,0.0000000000
16,19,2,0,0.0000000000
16,19,3,0,0.0000000000
16,20,1,0,0.0000000000
16,20,2,0,0.0000000000
16,20,3,0,0.0000000000
16,21,1,0,0.0000000000
16,21,2,0,0.0000000000
16,21,3,0,0.0000000000
16,22,1,0,0.0000000000
16,22,2,0,0.0000000000
16,22,3,0,0.0000000000
16,23,1,0,0.0000000000
16,23,2,0,0.0000000000
16,23,3,0,0.0000000000
16,24,1,0,0.0000000000
16,24,2,0,0.0000000000
16,24,3,0,0.0000000000
16,25,1,0,0.0000000000
16,25,2,0,0.0000000000
16,25,3,0,0.0000000000
16,26,1,0,0.0000000000
16,26,2,0,0.0000000000
16,26,3,0,0.0000000000
16,27,1,0,0.0000000000
16,27,2,0,0.0000000000
16,27,3,0,0.0000000000
16,28,1,0,0.0000000000
16,28,2,0,0.0000000000
16,28,3,0,0.0000000000
16,29,1,0,0.0000000000
16,29,2,0,0.0000000000
16,29,3,0,0.0000000000
16,30,1,0,0.0000000000
16,30,2,0,0.0000000000
16,30,3,0,0.0000000000
16,31,1,0,0.0000000000
16,31,2,0,0.0000000000
16,31,3,0,0.0000000000
16,32,1,0,0.0000000000
16,32,2,0,0.0000000000
16,32,3,0,0.0000000000
16,33,1,0,0.0000000000
16,33,2,0,0.0000000000
16,33,3,0,0.0000000000
16,34,1,0,0.0000000000
16,34,2,0,0.0000000000
16,34,3,0,0.0000000000
16,35,1,0,0.0000000000
16,35,2,0,0.0000000000
16,35,3,0,0.0000000000
16,36,1,0,0.0000000000
16,36,2,0,0.0000000000
16,36,3,0,0.0000000000
16,37,1,0,0.0000000000
16,37,2,0,0.0000000000
16,37,3,0,0.0000000000
16,38,1,0,0.0000000000
16,38,2,0,0.0000000000
16,38,3,0,0.0000000000
16,39,1,0,0.0000000000
16,39,2,0,0.0000000000
16,39,3,0,0.0000000000
16,40,1,0,0.0000000000
16,40,2,0,0.0000000000
16,40,3,0,0.0000000000
16,41,1,0,0.0000000000
16,41,2,0,0.0000000000
16,41,3,0,0.0000000000
16,42,1,0,0.0000000000
16,42,2,0,0.0000000000
16,42,3,0,0.0000000000
16,43,1,0,0.0000000000
16,43,2,0,0.0000000000
16,43,3,0,0.0000000000
16,44,1,0,0.0000000000
16,44,2,0,0.0000000000
16,44,3,0,0.0000000000
16,45,1,0,0.0000000000
16,45,2,0,0.0000000000
16,45,3,0,0.0000000000
16,46,1,0,0.0000000000
16,46,2,0,0.0000000000
16,46,3,0,0.0000000000
16,47,1,0,0.0000000000
16,47,2,0,0.0000000000
16,47,3,0,0.0000000000
16,48,1,0,0.0000000000
16,48,2,0,0.0000000000
16,48,3,0,0.0000000000
16,49,1,0,0.0000000000
16,49,2,0,0.0000000000
16,49,3,0,0.0000000000
16,50,1,0,0.0000000000
16,50,2,0,0.0000000000
16,50,3,0,0.0000000000
16,51,1,0,0.0000000000
16,51,2,0,0.0000000000
16,51,3,0,0.0000000000
16,52,1,0,0.0000000000
16,52,2,0,0.0000000000
16,52,3,0,0.0000000000
16,53,1,0,0.0000000000
16,53,2,0,0.0000000000
16,53,3,0,0.0000000000
16,54,1,0,0.0000000000
16,54,2,0,0.0000000000
16,54,3,0,0.0000000000
16,55,1,0,0.0000000000
16,55,2,0,0.0000000000
16,55,3,0,0.0000000000
16,56,1,0,0.0000000000
16,56,2,0,0.0000000000
16,56,3,0,0.0000000000
16,57,1,0,0.0000000000
16,57,2,0,0.0000000000
16,57,3,0,0.0000000000
16,58,1,0,0.0000000000
16,58,2,0,0.0000000000
16,58,3,0,0.0000000000
16,59,1,0,0.0000000000
16,59,2,0,0.0000000000
16,59,3,0,0.0000000000
16,60,1,0,0.0000000000
16,60,2,0,0.0000000000
16,60,3,0,0.0000000000
16,61,1,0,0.0000000000
16,61,2,0,0.0000000000
16,61,3,0,0.0000000000
16,62,1,0,0.0000000000
16,62,2,0,0.0000000000
16,62,3,0,0.0000000000
16,63,1,0,0.0000000000
16,63,2,0,0.0000000000
16,63,3,0,0.0000000000
16,64,1,0,0.0000000000
16,64,2,0,0.0000000000
16,64,3,0,0.0000000000
16,65,1,0,0.0000000000
16,65,2,0,0.0000000000
16,65,3,0,0.0000000000
16,66,1,0,0.0000000000
16,66,2,0,0.0000000000
16,66,3,0,0.0000000000
16,67,1,0,0.0000000000
16,67,2,0,0.0000000000
16,67,3,0,0.0000000000
16,68,1,0,0.0000000000
16,68,2,0,0.0000000000
16,68,3,0,0.0000000000
16,69,1,0,0.0000000000
16,69,2,0,0.0000000000
16,69,3,0,0.0000000000
16,70,1,0,0.0000000000
16,70,2,0,0.0000000000
16,70,3,0,0.0000000000
16,71,1,0,0.0000000000
16,71,2,0,0.0000000000
16,71,3,0,0.0000000000
16,72,1,0,0.0000000000
16,72,2,0,0.0000000000
16,72,3,0,0.0000000000
16,73,1,0,0.0000000000
16,73,2,0,0.0000000000
16,73,3,0,0.0000000000
16,74,1,0,0.0000000000
16,74,2,0,0.0000000000
16,74,3,0,0.0000000000
16,75,1,0,0.0000000000
16,75,2,0,0.0000000000
16,75,3,0,0.0000000000
16,76,1,0,0.0000000000
16,76,2,0,0.0000000000
16,76,3,0,0.0000000000
16,77,1,0,0.0000000000
16,77,2,0,0.0000000000
16,77,3,0,0.0000000000
16,78,1,0,0.0000000000
16,78,2,0,0.0000000000
16,78,3,0,0.0000000000
16,79,1,0,0.0000000000
16,79,2,0,0.0000000000
16,79,3,0,0.0000000000
16,80,1,0,0.0000000000
16,80,2,0,0.0000000000
16,80,3,0,0.0000000000
16,81,1,0,0.0000000000
16,81,2,0,0.0000000000
16,81,3,0,0.0000000000
16,82,1,0,0.0000000000
16,82,2,0,0.0000000000
16,82,3,0,0.0000000000
16,83,1,0,0.0000000000
16,83,2,0,0.0000000000
16,83,3,0,0.0000000000
16,84,1,0,0.0000000000
16,84,2,0,0.0000000000
16,84,3,0,0.0000000000
16,85,1,0,0.0000000000
16,85,2,0,0.0000000000
16,85,3,0,0.0000000000
16,86,1,0,0.0000000000
16,86,2,0,0.0000000000
16,86,3,0,0.0000000000
16,87,1,0,0.0000000000
16,87,2,0,0.0000000000
16,87,3,0,0.0000000000
16,88,1,0,0.0000000000
16,88,2,0,0.0000000000
16,88,3,0,0.0000000000
16,89,1,0,0.0000000000
16,89,2,0,0.0000000000
16,89,3,0,0.0000000000
16,90,1,0,0.0000000000
16,90,2,0,0.0000000000
16,90,3,0,0.0000000000
16,91,1,0,0.0000000000
16,91,2,0,0.0000000000
16,91,3,0,0.0000000000
16,92,1,0,0.0000000000
16,92,2,0,0.0000000000
16,92,3,0,0.0000000000
16,93,1,0,0.0000000000
16,93,2,0,0.0000000000
16,93,3,0,0.0000000000
16,94,1,0,0.0000000000
16,94,2,0,0.0000000000
16,94,3,0,0.0000000000
16,95,1,0,0.0000000000
16,95,2,0,0.0000000000
16,95,3,0,0.0000000000
16,96,1,0,0.0000000000
16,96,2,0,0.0000000000
16,96,3,0,0.0000000000
16,97,1,0,0.0000000000
16,97,2,0,0.0000000000
16,97,3,0,0.0000000000
16,98,1,0,0.0000000000
16,98,2,0,0.0000000000
16,98,3,0,0.0000000000
16,99,1,0,0.0000000000
16,99,2,0,0.0000000000
16,99,3,0,0.0000000000
16,100,1,0,0.0000000000
16,100,2,0,0.0000000000
16,100,3,0,0.0000000000
16,101,1,0,0.0000000000
16,101,2,0,0.0000000000
16,101,3,0,0.0000000000
16,102,1,0,0.0000000000
16,102,2,0,0.0000000000
16,102,3,0,0.0000000000
16,103,1,0,0.0000000000
16,103,2,0,0.0000000000
16,103,3,0,0.0000000000
16,104,1,0,0.0000000000
16,104,2,0,0.0000000000
16,104,3,0,0.0000000000
16,105,1,0,0.0000000000
16,105,2,0,0.0000000000
16,105,3,0,0.0000000000
16,106,1,0,0.0000000000
16,106,2,0,0.0000000000
16,106,3,0,0.0000000000
16,107,1,0,0.0000000000
16,107,2,0,0.0000000000
16,107,3,0,0.0000000000
16,108,1,0,0.0000000000
16,108,2,0,0.0000000000
16,108,3,0,0.0000000000
16,109,1,0,0.0000000000
16,109,2,0,0.0000000000
16,109,3,0,0.0000000000
16,110,1,0,0.0000000000
16,110,2,0,0.0000000000
16,110,3,0,0.0000000000
16,111,1,0,0.0000000000
16,111,2,0,0.0000000000
16,111,3,0,0.0000000000
16,112,1,0,0.0000000000
16,112,2,0,0.0000000000
16,112,3,0,0.0000000000
16,113,1,0,0.0000000000
16,113,2,0,0.0000000000
16,113,3,0,0.0000000000
16,114,1,0,0.0000000000
16,114,2,0,0.0000000000
16,114,3,0,0.0000000000
16,115,1,0,0.0000000000
16,115,2,0,0.0000000000
16,115,3,0,0.0000000000
16,116,1,0,0.0000000000
16,116,2,0,0.0000000000
16,116,3,0,0.0000000000
16,117,1,0,0.0000000000
16,117,2,0,0.0000000000
16,117,3,0,0.0000000000
16,118,1,0,0.0000000000
16,118,2,0,0.0000000000
16,118,3,0,0.0000000000
16,119,1,0,0.0000000000
16,119,2,0,0.0000000000
16,119,3,0,0.0000000000
16,120,1,0,0.0000000000
16,120,2,0,0.0000000000
16,120,3,0,0.0000000000
16,121,1,0,0.0000000000
16,121,2,0,0.0000000000
16,121,3,0,0.0000000000
16,122,1,0,0.0000000000
16,122,2,0,0.0000000000
16,122,3,0,0.0000000000
16,123,1,0,0.0000000000
16,123,2,0,0.0000000000
16,123,3,0,0.0000000000
16,124,1,0,0.0000000000
16,124,2,0,0.0000000000
16,124,3,0,0.0000000000
16,125,1,0,0.0000000000
16,125,2,0,0.0000000000
16,125,3,0,0.0000000000
16,126,1,0,0.0000000000
16,126,2,0,0.0000000000
16,126,3,0,0.0000000000
16,127,1,0,0.0000000000
16,127,2,0,0.0000000000
16,127,3,0,0.0000000000
16,128,1,0,0.0000000000
16,128,2,0,0.0000000000
16,128,3,0,0.0000000000
16,129,1,0,0.0000000000
16,129,2,0,0.0000000000
16,129,3,0,0.0000000000
16,130,1,0,0.0000000000
16,130,2,0,0.0000000000
16,130,3,0,0.0000000000
16,131,1,0,0.0000000000
16,131,2,0,0.0000000000
16,131,3,0,0.0000000000
16,132,1,0,0.0000000000
16,132,2,0,0.0000000000
16,132,3,0,0.0000000000
16,133,1,0,0.0000000000
16,133,2,0,0.0000000000
16,133,3,0,0.0000000000
16,134,1,0,0.0000000000
16,134,2,0,0.0000000000
16,134,3,0,0.0000000000
16,135,1,0,0.0000000000
16,135,2,0,0.0000000000
16,135,3,0,0.0000000000
16,136,1,0,0.0000000000
16,136,2,0,0.0000000000
16,136,3,0,0.0000000000
16,137,1,0,0.0000000000
16,137,2,0,0.0000000000
16,137,3,0,0.0000000000
16,138,1,0,0.0000000000
16,138,2,0,0.0000000000
16,138,3,0,0.0000000000
16,139,1,0,0.0000000000
16,139,2,0,0.0000000000
16,139,3,0,0.0000000000
16,140,1,0,0.0000000000
16,140,2,0,0.0000000000
16,140,3,0,0.0000000000
16,141,1,0,0.0000000000
16,141,2,0,0.0000000000
16,141,3,0,0.0000000000
16,142,1,0,0.0000000000
16,142,2,0,0.0000000000
16,142,3,0,0.0000000000
16,143,1,0,0.0000000000
16,143,2,0,0.0000000000
16,143,3,0,0.0000000000
16,144,1,0,0.0000000000
16,144,2,0,0.0000000000
16,144,3,0,0.0000000000
16,145,1,0,0.0000000000
16,145,2,0,0.0000000000
16,145,3,0,0.0000000000
16,146,1,0,0.0000000000
16,146,2,0,0.0000000000
16,146,3,0,0.0000000000
16,147,1,0,0.0000000000
16,147,2,0,0.0000000000
16,147,3,0,0.0000000000
16,148,1,0,0.0000000000
16,148,2,0,0.0000000000
16,148,3,0,0.0000000000
16,149,1,0,0.0000000000
16,149,2,0,0.0000000000
16,149,3,0,0.0000000000
16,150,1,0,0.0000000000
16,150,2,0,0.0000000000
16,150,3,0,0.0000000000
16,151,1,0,0.0000000000
16,151,2,0,0.0000000000
16,151,3,0,0.0000000000
16,152,1,0,0.0000000000
16,152,2,0,0.0000000000
16,152,3,0,0.0000000000
16,153,1,0,0.0000000000
16,153,2,0,0.0000000000
16,153,3,0,0.0000000000
16,154,1,0,0.0000000000
16,154,2,0,0.0000000000
16,154,3,0,0.0000000000
16,155,1,0,0.0000000000
16,155,2,0,0.0000000000
16,155,3,0,0.0000000000
16,156,1,0,0.0000000000
16,156,2,0,0.0000000000
16,156,3,0,0.0000000000
16,157,1,0,0.0000000000
16,157,2,0,0.0000000000
16,157,3,0,0.0000000000
16,158,1,0,0.0000000000
16,158,2,0,0.0000000000
16,158,3,0,0.0000000000
16,159,1,0,0.0000000000
16,159,2,0,0.0000000000
16,159,3,0,0.0000000000
16,160,1,0,0.0000000000
16,160,2,0,0.0000000000
16,160,3,0,0.0000000000
16,161,1,0,0.0000000000
16,161,2,0,0.0000000000
16,161,3,0,0.0000000000
16,162,1,0,0.0000000000
16,162,2,0,0.0000000000
16,162,3,0,0.0000000000
16,163,1,0,0.0000000000
16,163,2,0,0.0000000000
16,163,3,0,0.0000000000
16,164,1,0,0.0000000000
16,164,2,0,0.0000000000
16,164,3,0,0.0000000000
16,165,1,0,0.0000000000
16,165,2,0,0.0000000000
16,165,3,0,0.0000000000
16,166,1,0,0.0000000000
16,166,2,0,0.0000000000
16,166,3,0,0.0000000000
16,167,1,0,0.0000000000
16,167,2,0,0.0000000000
16,167,3,0,0.0000000000
16,168,1,0,0.0000000000
16,168,2,0,0.0000000000
16,168,3,0,0.0000000000
17,1,1,0,0.0000000000
17,1,2,0,0.0000000000
17,1,3,0,0.0000000000
17,2,1,0,0.0000000000
17,2,2,0,0.0000000000
17,2,3,0,0.0000000000
17,3,1,0,0.0000000000
17,3,2,0,0.0000000000
17,3,3,0,0.0000000000
17,4,1,0,0.0000000000
17,4,2,0,0.0000000000
17,4,3,0,0.0000000000
17,5,1,0,0.0000000000
17,5,2,0,0.0000000000
17,5,3,0,0.0000000000
17,6,1,0,0.0000000000
17,6,2,0,0.0000000000
17,6,3,0,0.0000000000
17,7,1,0,0.0000000000
17,7,2,0,0.0000000000
17,7,3,0,0.0000000000
17,8,1,0,0.0000000000
17,8,2,0,0.0000000000
17,8,3,0,0.0000000000
17,9,1,0,0.0000000000
17,9,2,0,0.0000000000
17,9,3,0,0.0000000000
17,10,1,0,0.0000000000
17,10,2,0,0.0000000000
17,10,3,0,0.0000000000
17,11,1,0,0.0000000000
17,11,2,0,0.0000000000
17,11,3,0,0.0000000000
17,12,1,0,0.0000000000
17,12,2,0,0.0000000000
17,12,3,0,0.0000000000
17,13,1,0,0.0000000000
17,13,2,0,0.0000000000
17,13,3,0,0.0000000000
17,14,1,0,0.0000000000
17,14,2,0,0.0000000000
17,14,3,0,0.0000000000
17,15,1,0,0.0000000000
17,15,2,0,0.0000000000
17,15,3,0,0.0000000000
17,16,1,0,0.0000000000
17,16,2,0,0.0000000000
17,16,3,0,0.0000000000
17,17,1,0,0.0000000000
17,17,2,0,0.0000000000
17,17,3,0,0.0000000000
17,18,1,0,0.0000000000
17,18,2,0,0.0000000000
17,18,3,0,0.0000000000
17,19,1,0,0.0000000000
17,19,2,0,0.0000000000
17,19,3,0,0.0000000000
17,20,1,0,0.0000000000
17,20,2,0,0.0000000000
17,20,3,0,0.0000000000
17,21,1,0,0.0000000000
17,21,2,0,0.0000000000
17,21,3,0,0.0000000000
17,22,1,0,0.0000000000
17,22,2,0,0.0000000000
17,22,3,0,0.0000000000
17,23,1,0,0.0000000000
17,23,2,0,0.0000000000
17,23,3,0,0.0000000000
17,24,1,0,0.0000000000
17,24,2,0,0.0000000000
17,24,3,0,0.0000000000
17,25,1,0,0.0000000000
17,25,2,0,0.0000000000
17,25,3,0,0.0000000000
17,26,1,0,0.0000000000
17,26,2,0,0.0000000000
17,26,3,0,0.0000000000
17,27,1,0,0.0000000000
17,27,2,0,0.0000000000
17,27,3,0,0.0000000000
17,28,1,0,0.0000000000
17,28,2,0,0.0000000000
17,28,3,0,0.0000000000
17,29,1,0,0.0000000000
17,29,2,0,0.0000000000
17,29,3,0,0.0000000000
17,30,1,0,0.0000000000
17,30,2,0,0.0000000000
17,30,3,0,0.0000000000
17,31,1,0,0.0000000000
17,31,2,0,0.0000000000
17,31,3,0,0.0000000000
17,32,1,0,0.0000000000
17,32,2,0,0.0000000000
17,32,3,0,0.0000000000
17,33,1,0,0.0000000000
17,33,2,0,0.0000000000
17,33,3,0,0.0000000000
17,34,1,0,0.0000000000
17,34,2,0,0.0000000000
17,34,3,0,0.0000000000
17,35,1,0,0.0000000000
17,35,2,0,0.0000000000
17,35,3,0,0.0000000000
17,36,1,0,0.0000000000
17,36,2,0,0.0000000000
17,36,3,0,0.0000000000
17,37,1,0,0.0000000000
17,37,2,0,0.0000000000
17,37,3,0,0.0000000000
17,38,1,0,0.0000000000
17,38,2,0,0.0000000000
17,38,3,0,0.0000000000
17,39,1,0,0.0000000000
17,39,2,0,0.0000000000
17,39,3,0,0.0000000000
17,40,1,0,0.0000000000
17,40,2,0,0.0000000000
17,40,3,0,0.0000000000
17,41,1,0,0.0000000000
17,41,2,0,0.0000000000
17,41,3,0,0.0000000000
17,42,1,0,0.0000000000
17,42,2,0,0.0000000000
17,42,3,0,0.0000000000
17,43,1,0,0.0000000000
17,43,2,0,0.0000000000
17,43,3,0,0.0000000000
17,44,1,0,0.0000000000
17,44,2,0,0.0000000000
17,44,3,0,0.0000000000
17,45,1,0,0.0000000000
17,45,2,0,0.0000000000
17,45,3,0,0.0000000000
17,46,1,0,0.0000000000
17,46,2,0,0.0000000000
17,46,3,0,0.0000000000
17,47,1,0,0.0000000000
17,47,2,0,0.0000000000
17,47,3,0,0.0000000000
17,48,1,0,0.0000000000
17,48,2,0,0.0000000000
17,48,3,0,0.0000000000
17,49,1,0,0.0000000000
17,49,2,0,0.0000000000
17,49,3,0,0.0000000000
17,50,1,0,0.0000000000
17,50,2,0,0.0000000000
17,50,3,0,0.0000000000
17,51,1,0,0.0000000000
17,51,2,0,0.0000000000
17,51,3,0,0.0000000000
17,52,1,0,0.0000000000
17,52,2,0,0.0000000000
17,52,3,0,0.0000000000
17,53,1,0,0.0000000000
17,53,2,0,0.0000000000
17,53,3,0,0.0000000000
17,54,1,0,0.0000000000
17,54,2,0,0.0000000000
17,54,3,0,0.0000000000
17,55,1,0,0.0000000000
17,55,2,0,0.0000000000
17,55,3,0,0.0000000000
17,56,1,0,0.0000000000
17,56,2,0,0.0000000000
17,56,3,0,0.0000000000
17,57,1,0,0.0000000000
17,57,2,0,0.0000000000
17,57,3,0,0.0000000000
17,58,1,0,0.0000000000
17,58,2,0,0.0000000000
17,58,3,0,0.0000000000
17,59,1,0,0.0000000000
17,59,2,0,0.0000000000
17,59,3,0,0.0000000000
17,60,1,0,0.0000000000
17,60,2,0,0.0000000000
17,60,3,0,0.0000000000
17,61,1,0,0.0000000000
17,61,2,0,0.0000000000
17,61,3,0,0.0000000000
17,62,1,0,0.0000000000
17,62,2,0,0.0000000000
17,62,3,0,0.0000000000
17,63,1,0,0.0000000000
17,63,2,0,0.0000000000
17,63,3,0,0.0000000000
17,64,1,0,0.0000000000
17,64,2,0,0.0000000000
17,64,3,0,0.0000000000
17,65,1,0,0.0000000000
17,65,2,0,0.0000000000
17,65,3,0,0.0000000000
17,66,1,0,0.0000000000
17,66,2,0,0.0000000000
17,66,3,0,0.0000000000
17,67,1,0,0.0000000000
17,67,2,0,0.0000000000
17,67,3,0,0.0000000000
17,68,1,0,0.0000000000
17,68,2,0,0.0000000000
17,68,3,0,0.0000000000
17,69,1,0,0.0000000000
17,69,2,0,0.0000000000
17,69,3,0,0.0000000000
17,70,1,0,0.0000000000
17,70,2,0,0.0000000000
17,70,3,0,0.0000000000
17,71,1,0,0.0000000000
17,71,2,0,0.0000000000
17,71,3,0,0.0000000000
17,72,1,0,0.0000000000
17,72,2,0,0.0000000000
17,72,3,0,0.0000000000
17,73,1,0,0.0000000000
17,73,2,0,0.0000000000
17,73,3,0,0.0000000000
17,74,1,0,0.0000000000
17,74,2,0,0.0000000000
17,74,3,0,0.0000000000
17,75,1,0,0.0000000000
17,75,2,0,0.0000000000
17,75,3,0,0.0000000000
17,76,1,0,0.0000000000
17,76,2,0,0.0000000000
17,76,3,0,0.0000000000
17,77,1,0,0.0000000000
17,77,2,0,0.0000000000
17,77,3,0,0.0000000000
17,78,1,0,0.0000000000
17,78,2,0,0.0000000000
17,78,3,0,0.0000000000
17,79,1,0,0.0000000000
17,79,2,0,0.0000000000
17,79,3,0,0.0000000000
17,80,1,0,0.0000000000
17,80,2,0,0.0000000000
17,80,3,0,0.0000000000
17,81,1,0,0.0000000000
17,81,2,0,0.0000000000
17,81,3,0,0.0000000000
17,82,1,0,0.0000000000
17,82,2,0,0.0000000000
17,82,3,0,0.0000000000
17,83,1,0,0.0000000000
17,83,2,0,0.0000000000
17,83,3,0,0.0000000000
17,84,1,0,0.0000000000
17,84,2,0,0.0000000000
17,84,3,0,0.0000000000
17,85,1,0,0.0000000000
17,85,2,0,0.0000000000
17,85,3,0,0.0000000000
17,86,1,0,0.0000000000
17,86,2,0,0.0000000000
17,86,3,0,0.0000000000
17,87,1,0,0.0000000000
17,87,2,0,0.0000000000
17,87,3,0,0.0000000000
17,88,1,0,0.0000000000
17,88,2,0,0.0000000000
17,88,3,0,0.0000000000
17,89,1,0,0.0000000000
17,89,2,0,0.0000000000
17,89,3,0,0.0000000000
17,90,1,0,0.0000000000
17,90,2,0,0.0000000000
17,90,3,0,0.0000000000
17,91,1,0,0.0000000000
17,91,2,0,0.0000000000
17,91,3,0,0.0000000000
17,92,1,0,0.0000000000
17,92,2,0,0.0000000000
17,92,3,0,0.0000000000
17,93,1,0,0.0000000000
17,93,2,0,0.0000000000
17,93,3,0,0.0000000000
17,94,1,0,0.0000000000
17,94,2,0,0.0000000000
17,94,3,0,0.0000000000
17,95,1,0,0.0000000000
17,95,2,0,0.0000000000
17,95,3,0,0.0000000000
17,96,1,0,0.0000000000
17,96,2,0,0.0000000000
17,96,3,0,0.0000000000
17,97,1,0,0.0000000000
17,97,2,0,0.0000000000
17,97,3,0,0.0000000000
17,98,1,0,0.0000000000
17,98,2,0,0.0000000000
17,98,3,0,0.0000000000
17,99,1,0,0.0000000000
17,99,2,0,0.0000000000
17,99,3,0,0.0000000000
17,100,1,0,0.0000000000
17,100,2,0,0.0000000000
17,100,3,0,0.0000000000
17,101,1,0,0.0000000000
17,101,2,0,0.0000000000
17,101,3,0,0.0000000000
17,102,1,0,0.0000000000
17,102,2,0,0.0000000000
17,102,3,0,0.0000000000
17,103,1,0,0.0000000000
17,103,2,0,0.0000000000
17,103,3,0,0.0000000000
17,104,1,0,0.0000000000
17,104,2,0,0.0000000000
17,104,3,0,0.0000000000
17,105,1,0,0.0000000000
17,105,2,0,0.0000000000
17,105,3,0,0.0000000000
17,106,1,0,0.0000000000
17,106,2,0,0.0000000000
17,106,3,0,0.0000000000
17,107,1,0,0.0000000000
17,107,2,0,0.0000000000
17,107,3,0,0.0000000000
17,108,1,0,0.0000000000
17,108,2,0,0.0000000000
17,108,3,0,0.0000000000
17,109,1,0,0.0000000000
17,109,2,0,0.0000000000
17,109,3,0,0.0000000000
17,110,1,0,0.0000000000
17,110,2,0,0.0000000000
17,110,3,0,0.0000000000
17,111,1,0,0.0000000000
17,111,2,0,0.0000000000
17,111,3,0,0.0000000000
17,112,1,0,0.0000000000
17,112,2,0,0.0000000000
17,112,3,0,0.0000000000
17,113,1,0,0.0000000000
17,113,2,0,0.0000000000
17,113,3,0,0.0000000000
17,114,1,0,0.0000000000
17,114,2,0,0.0000000000
17,114,3,0,0.0000000000
17,115,1,0,0.0000000000
17,115,2,0,0.0000000000
17,115,3,0,0.0000000000
17,116,1,0,0.0000000000
17,116,2,0,0.0000000000
17,116,3,0,0.0000000000
17,117,1,0,0.0000000000
17,117,2,0,0.0000000000
17,117,3,0,0.0000000000
17,118,1,0,0.0000000000
17,118,2,0,0.0000000000
17,118,3,0,0.0000000000
17,119,1,0,0.0000000000
17,119,2,0,0.0000000000
17,119,3,0,0.0000000000
17,120,1,0,0.0000000000
17,120,2,0,0.0000000000
17,120,3,0,0.0000000000
17,121,1,0,0.0000000000
17,121,2,0,0.0000000000
17,121,3,0,0.0000000000
17,122,1,0,0.0000000000
17,122,2,0,0.0000000000
17,122,3,0,0.0000000000
17,123,1,0,0.0000000000
17,123,2,0,0.0000000000
17,123,3,0,0.0000000000
17,124,1,0,0.0000000000
17,124,2,0,0.0000000000
17,124,3,0,0.0000000000
17,125,1,0,0.0000000000
17,125,2,0,0.0000000000
17,125,3,0,0.0000000000
17,126,1,0,0.0000000000
17,126,2,0,0.0000000000
17,126,3,0,0.0000000000
17,127,1,0,0.0000000000
17,127,2,0,0.0000000000
17,127,3,0,0.0000000000
17,128,1,0,0.0000000000
17,128,2,0,0.0000000000
17,128,3,0,0.0000000000
17,129,1,0,0.0000000000
17,129,2,0,0.0000000000
17,129,3,0,0.0000000000
17,130,1,0,0.0000000000
17,130,2,0,0.0000000000
17,130,3,0,0.0000000000
17,131,1,0,0.0000000000
17,131,2,0,0.0000000000
17,131,3,0,0.0000000000
17,132,1,0,0.0000000000
17,132,2,0,0.0000000000
17,132,3,0,0.0000000000
17,133,1,0,0.0000000000
17,133,2,0,0.0000000000
17,133,3,0,0.0000000000
17,134,1,0,0.0000000000
17,134,2,0,0.0000000000
17,134,3,0,0.0000000000
17,135,1,0,0.0000000000
17,135,2,0,0.0000000000
17,135,3,0,0.0000000000
17,136,1,0,0.0000000000
17,136,2,0,0.0000000000
17,136,3,0,0.0000000000
17,137,1,0,0.0000000000
17,137,2,0,0.0000000000
17,137,3,0,0.0000000000
17,138,1,0,0.0000000000
17,138,2,0,0.0000000000
17,138,3,0,0.0000000000
17,139,1,0,0.0000000000
17,139,2,0,0.0000000000
17,139,3,0,0.0000000000
17,140,1,0,0.0000000000
17,140,2,0,0.0000000000
17,140,3,0,0.0000000000
17,141,1,0,0.0000000000
17,141,2,0,0.0000000000
17,141,3,0,0.0000000000
17,142,1,0,0.0000000000
17,142,2,0,0.0000000000
17,142,3,0,0.0000000000
17,143,1,0,0.0000000000
17,143,2,0,0.0000000000
17,143,3,0,0.0000000000
17,144,1,0,0.0000000000
17,144,2,0,0.0000000000
17,144,3,0,0.0000000000
17,145,1,0,0.0000000000
17,145,2,0,0.0000000000
17,145,3,0,0.0000000000
17,146,1,0,0.0000000000
17,146,2,0,0.0000000000
17,146,3,0,0.0000000000
17,147,1,0,0.0000000000
17,147,2,0,0.0000000000
17,147,3,0,0.0000000000
17,148,1,0,0.0000000000
17,148,2,0,0.0000000000
17,148,3,0,0.0000000000
17,149,1,0,0.0000000000
17,149,2,0,0.0000000000
17,149,3,0,0.0000000000
17,150,1,0,0.0000000000
17,150,2,0,0.0000000000
17,150,3,0,0.0000000000
17,151,1,0,0.0000000000
17,151,2,0,0.0000000000
17,151,3,0,0.0000000000
17,152,1,0,0.0000000000
17,152,2,0,0.0000000000
17,152,3,0,0.0000000000
17,153,1,0,0.0000000000
17,153,2,0,0.0000000000
17,153,3,0,0.0000000000
17,154,1,0,0.0000000000
17,154,2,0,0.0000000000
17,154,3,0,0.0000000000
17,155,1,0,0.0000000000
17,155,2,0,0.0000000000
17,155,3,0,0.0000000000
17,156,1,0,0.0000000000
17,156,2,0,0.0000000000
17,156,3,0,0.0000000000
17,157,1,0,0.0000000000
17,157,2,0,0.0000000000
17,157,3,0,0.0000000000
17,158,1,0,0.0000000000
17,158,2,0,0.0000000000
17,158,3,0,0.0000000000
17,159,1,0,0.0000000000
17,159,2,0,0.0000000000
17,159,3,0,0.0000000000
17,160,1,0,0.0000000000
17,160,2,0,0.0000000000
17,160,3,0,0.0000000000
17,161,1,0,0.0000000000
17,161,2,0,0.0000000000
17,161,3,0,0.0000000000
17,162,1,0,0.0000000000
17,162,2,0,0.0000000000
17,162,3,0,0.0000000000
17,163,1,0,0.0000000000
17,163,2,0,0.0000000000
17,163,3,0,0.0000000000
17,164,1,0,0.0000000000
17,164,2,0,0.0000000000
17,164,3,0,0.0000000000
17,165,1,0,0.0000000000
17,165,2,0,0.0000000000
17,165,3,0,0.0000000000
17,166,1,0,0.0000000000
17,166,2,0,0.0000000000
17,166,3,0,0.0000000000
17,167,1,0,0.0000000000
17,167,2,0,0.0000000000
17,167,3,0,0.0000000000
17,168,1,0,0.0000000000
17,168,2,0,0.0000000000
17,168,3,0,0.0000000000
20,1,1,0,0.0000000000
20,1,2,0,0.0000000000
20,1,3,0,0.0000000000
20,2,1,0,0.0000000000
20,2,2,0,0.0000000000
20,2,3,0,0.0000000000
20,3,1,0,0.0000000000
20,3,2,0,0.0000000000
20,3,3,0,0.0000000000
20,4,1,0,0.0000000000
20,4,2,0,0.0000000000
20,4,3,0,0.0000000000
20,5,1,0,0.0000000000
20,5,2,0,0.0000000000
20,5,3,0,0.0000000000
20,6,1,0,0.0000000000
20,6,2,0,0.0000000000
20,6,3,0,0.0000000000
20,7,1,0,0.0000000000
20,7,2,0,0.0000000000
20,7,3,0,0.0000000000
20,8,1,0,0.0000000000
20,8,2,0,0.0000000000
20,8,3,0,0.0000000000
20,9,1,0,0.0000000000
20,9,2,0,0.0000000000
20,9,3,0,0.0000000000
20,10,1,0,0.0000000000
20,10,2,0,0.0000000000
20,10,3,0,0.0000000000
20,11,1,0,0.0000000000
20,11,2,0,0.0000000000
20,11,3,0,0.0000000000
20,12,1,0,0.0000000000
20,12,2,0,0.0000000000
20,12,3,0,0.0000000000
20,13,1,0,0.0000000000
20,13,2,0,0.0000000000
20,13,3,0,0.0000000000
20,14,1,0,0.0000000000
20,14,2,0,0.0000000000
20,14,3,0,0.0000000000
20,15,1,0,0.0000000000
20,15,2,0,0.0000000000
20,15,3,0,0.0000000000
20,16,1,0,0.0000000000
20,16,2,0,0.0000000000
20,16,3,0,0.0000000000
20,17,1,0,0.0000000000
20,17,2,0,0.0000000000
20,17,3,0,0.0000000000
20,18,1,0,0.0000000000
20,18,2,0,0.0000000000
20,18,3,0,0.0000000000
20,19,1,0,0.0000000000
20,19,2,0,0.0000000000
20,19,3,0,0.0000000000
20,20,1,0,0.0000000000
20,20,2,0,0.0000000000
20,20,3,0,0.0000000000
20,21,1,0,0.0000000000
20,21,2,0,0.0000000000
20,21,3,0,0.0000000000
20,22,1,0,0.0000000000
20,22,2,0,0.0000000000
20,22,3,0,0.0000000000
20,23,1,0,0.0000000000
20,23,2,0,0.0000000000
20,23,3,0,0.0000000000
20,24,1,0,0.0000000000
20,24,2,0,0.0000000000
20,24,3,0,0.0000000000
20,25,1,0,0.0000000000
20,25,2,0,0.0000000000
20,25,3,0,0.0000000000
20,26,1,0,0.0000000000
20,26,2,0,0.0000000000
20,26,3,0,0.0000000000
20,27,1,0,0.0000000000
20,27,2,0,0.0000000000
20,27,3,0,0.0000000000
20,28,1,0,0.0000000000
20,28,2,0,0.0000000000
20,28,3,0,0.0000000000
20,29,1,0,0.0000000000
20,29,2,0,0.0000000000
20,29,3,0,0.0000000000
20,30,1,0,0.0000000000
20,30,2,0,0.0000000000
20,30,3,0,0.0000000000
20,31,1,0,0.0000000000
20,31,2,0,0.0000000000
20,31,3,0,0.0000000000
20,32,1,0,0.0000000000
20,32,2,0,0.0000000000
20,32,3,0,0.0000000000
20,33,1,0,0.0000000000
20,33,2,0,0.0000000000
20,33,3,0,0.0000000000
20,34,1,0,0.0000000000
20,34,2,0,0.0000000000
20,34,3,0,0.0000000000
20,35,1,0,0.0000000000
20,35,2,0,0.0000000000
20,35,3,0,0.0000000000
20,36,1,0,0.0000000000
20,36,2,0,0.0000000000
20,36,3,0,0.0000000000
20,37,1,0,0.0000000000
20,37,2,0,0.0000000000
20,37,3,0,0.0000000000
20,38,1,0,0.0000000000
20,38,2,0,0.0000000000
20,38,3,0,0.0000000000
20,39,1,0,0.0000000000
20,39,2,0,0.0000000000
20,39,3,0,0.0000000000
20,40,1,0,0.0000000000
20,40,2,0,0.0000000000
20,40,3,0,0.0000000000
20,41,1,0,0.0000000000
20,41,2,0,0.0000000000
20,41,3,0,0.0000000000
20,42,1,0,0.0000000000
20,42,2,0,0.0000000000
20,42,3,0,0.0000000000
20,43,1,0,0.0000000000
20,43,2,0,0.0000000000
20,43,3,0,0.0000000000
20,44,1,0,0.0000000000
20,44,2,0,0.0000000000
20,44,3,0,0.0000000000
20,45,1,0,0.0000000000
20,45,2,0,0.0000000000
20,45,3,0,0.0000000000
20,46,1,0,0.0000000000
20,46,2,0,0.0000000000
20,46,3,0,0.0000000000
20,47,1,0,0.0000000000
20,47,2,0,0.0000000000
20,47,3,0,0.0000000000
20,48,1,0,0.0000000000
20,48,2,0,0.0000000000
20,48,3,0,0.0000000000
20,49,1,0,0.0000000000
20,49,2,0,0.0000000000
20,49,3,0,0.0000000000
20,50,1,0,0.0000000000
20,50,2,0,0.0000000000
20,50,3,0,0.0000000000
20,51,1,0,0.0000000000
20,51,2,0,0.0000000000
20,51,3,0,0.0000000000
20,52,1,0,0.0000000000
20,52,2,0,0.0000000000
20,52,3,0,0.0000000000
20,53,1,0,0.0000000000
20,53,2,0,0.0000000000
20,53,3,0,0.0000000000
20,54,1,0,0.0000000000
20,54,2,0,0.0000000000
20,54,3,0,0.0000000000
20,55,1,0,0.0000000000
20,55,2,0,0.0000000000
20,55,3,0,0.0000000000
20,56,1,0,0.0000000000
20,56,2,0,0.0000000000
20,56,3,0,0.0000000000
20,57,1,0,0.0000000000
20,57,2,0,0.0000000000
20,57,3,0,0.0000000000
20,58,1,0,0.0000000000
20,58,2,0,0.0000000000
20,58,3,0,0.0000000000
20,59,1,0,0.0000000000
20,59,2,0,0.0000000000
20,59,3,0,0.0000000000
20,60,1,0,0.0000000000
20,60,2,0,0.0000000000
20,60,3,0,0.0000000000
20,61,1,0,0.0000000000
20,61,2,0,0.0000000000
20,61,3,0,0.0000000000
20,62,1,0,0.0000000000
20,62,2,0,0.0000000000
20,62,3,0,0.0000000000
20,63,1,0,0.0000000000
20,63,2,0,0.0000000000
20,63,3,0,0.0000000000
20,64,1,0,0.0000000000
20,64,2,0,0.0000000000
20,64,3,0,0.0000000000
20,65,1,0,0.0000000000
20,65,2,0,0.0000000000
20,65,3,0,0.0000000000
20,66,1,0,0.0000000000
20,66,2,0,0.0000000000
20,66,3,0,0.0000000000
20,67,1,0,0.0000000000
20,67,2,0,0.0000000000
20,67,3,0,0.0000000000
20,68,1,0,0.0000000000
20,68,2,0,0.0000000000
20,68,3,0,0.0000000000
20,69,1,0,0.0000000000
20,69,2,0,0.0000000000
20,69,3,0,0.0000000000
20,70,1,0,0.0000000000
20,70,2,0,0.0000000000
20,70,3,0,0.0000000000
20,71,1,0,0.0000000000
20,71,2,0,0.0000000000
20,71,3,0,0.0000000000
20,72,1,0,0.0000000000
20,72,2,0,0.0000000000
20,72,3,0,0.0000000000
20,73,1,0,0.0000000000
20,73,2,0,0.0000000000
20,73,3,0,0.0000000000
20,74,1,0,0.0000000000
20,74,2,0,0.0000000000
20,74,3,0,0.0000000000
20,75,1,0,0.0000000000
20,75,2,0,0.0000000000
20,75,3,0,0.0000000000
20,76,1,0,0.0000000000
20,76,2,0,0.0000000000
20,76,3,0,0.0000000000
20,77,1,0,0.0000000000
20,77,2,0,0.0000000000
20,77,3,0,0.0000000000
20,78,1,0,0.0000000000
20,78,2,0,0.0000000000
20,78,3,0,0.0000000000
20,79,1,0,0.0000000000
20,79,2,0,0.0000000000
20,79,3,0,0.0000000000
20,80,1,0,0.0000000000
20,80,2,0,0.0000000000
20,80,3,0,0.0000000000
20,81,1,0,0.0000000000
20,81,2,0,0.0000000000
20,81,3,0,0.0000000000
20,82,1,0,0.0000000000
20,82,2,0,0.0000000000
20,82,3,0,0.0000000000
20,83,1,0,0.0000000000
20,83,2,0,0.0000000000
20,83,3,0,0.0000000000
20,84,1,0,0.0000000000
20,84,2,0,0.0000000000
20,84,3,0,0.0000000000
20,85,1,0,0.0000000000
20,85,2,0,0.0000000000
20,85,3,0,0.0000000000
20,86,1,0,0.0000000000
20,86,2,0,0.0000000000
20,86,3,0,0.0000000000
20,87,1,0,0.0000000000
20,87,2,0,0.0000000000
20,87,3,0,0.0000000000
20,88,1,0,0.0000000000
20,88,2,0,0.0000000000
20,88,3,0,0.0000000000
20,89,1,0,0.0000000000
20,89,2,0,0.0000000000
20,89,3,0,0.0000000000
20,90,1,0,0.0000000000
20,90,2,0,0.0000000000
20,90,3,0,0.0000000000
20,91,1,0,0.0000000000
20,91,2,0,0.0000000000
20,91,3,0,0.0000000000
20,92,1,0,0.0000000000
20,92,2,0,0.0000000000
20,92,3,0,0.0000000000
20,93,1,0,0.0000000000
20,93,2,0,0.0000000000
20,93,3,0,0.0000000000
20,94,1,0,0.0000000000
20,94,2,0,0.0000000000
20,94,3,0,0.0000000000
20,95,1,0,0.0000000000
20,95,2,0,0.0000000000
20,95,3,0,0.0000000000
20,96,1,0,0.0000000000
20,96,2,0,0.0000000000
20,96,3,0,0.0000000000
20,97,1,0,0.0000000000
20,97,2,0,0.0000000000
20,97,3,0,0.0000000000
20,98,1,0,0.0000000000
20,98,2,0,0.0000000000
20,98,3,0,0.0000000000
20,99,1,0,0.0000000000
20,99,2,0,0.0000000000
20,99,3,0,0.0000000000
20,100,1,0,0.0000000000
20,100,2,0,0.0000000000
20,100,3,0,0.0000000000
20,101,1,0,0.0000000000
20,101,2,0,0.0000000000
20,101,3,0,0.0000000000
20,102,1,0,0.0000000000
20,102,2,0,0.0000000000
20,102,3,0,0.0000000000
20,103,1,0,0.0000000000
20,103,2,0,0.0000000000
20,103,3,0,0.0000000000
20,104,1,0,0.0000000000
20,104,2,0,0.0000000000
20,104,3,0,0.0000000000
20,105,1,0,0.0000000000
20,105,2,0,0.0000000000
20,105,3,0,0.0000000000
20,106,1,0,0.0000000000
20,106,2,0,0.0000000000
20,106,3,0,0.0000000000
20,107,1,0,0.0000000000
20,107,2,0,0.0000000000
20,107,3,0,0.0000000000
20,108,1,0,0.0000000000
20,108,2,0,0.0000000000
20,108,3,0,0.0000000000
20,109,1,0,0.0000000000
20,109,2,0,0.0000000000
20,109,3,0,0.0000000000
20,110,1,0,0.0000000000
20,110,2,0,0.0000000000
20,110,3,0,0.0000000000
20,111,1,0,0.0000000000
20,111,2,0,0.0000000000
20,111,3,0,0.0000000000
20,112,1,0,0.0000000000
20,112,2,0,0.0000000000
20,112,3,0,0.0000000000
20,113,1,0,0.0000000000
20,113,2,0,0.0000000000
20,113,3,0,0.0000000000
20,114,1,0,0.0000000000
20,114,2,0,0.0000000000
20,114,3,0,0.0000000000
20,115,1,0,0.0000000000
20,115,2,0,0.0000000000
20,115,3,0,0.0000000000
20,116,1,0,0.0000000000
20,116,2,0,0.0000000000
20,116,3,0,0.0000000000
20,117,1,0,0.0000000000
20,117,2,0,0.0000000000
20,117,3,0,0.0000000000
20,118,1,0,0.0000000000
20,118,2,0,0.0000000000
20,118,3,0,0.0000000000
20,119,1,0,0.0000000000
20,119,2,0,0.0000000000
20,119,3,0,0.0000000000
20,120,1,0,0.0000000000
20,120,2,0,0.0000000000
20,120,3,0,0.0000000000
20,121,1,0,0.0000000000
20,121,2,0,0.0000000000
20,121,3,0,0.0000000000
20,122,1,0,0.0000000000
20,122,2,0,0.0000000000
20,122,3,0,0.0000000000
20,123,1,0,0.0000000000
20,123,2,0,0.0000000000
20,123,3,0,0.0000000000
20,124,1,0,0.0000000000
20,124,2,0,0.0000000000
20,124,3,0,0.0000000000
20,125,1,0,0.0000000000
20,125,2,0,0.0000000000
20,125,3,0,0.0000000000
20,126,1,0,0.0000000000
20,126,2,0,0.0000000000
20,126,3,0,0.0000000000
20,127,1,0,0.0000000000
20,127,2,0,0.0000000000
20,127,3,0,0.0000000000
20,128,1,0,0.0000000000
20,128,2,0,0.0000000000
20,128,3,0,0.0000000000
20,129,1,0,0.0000000000
20,129,2,0,0.0000000000
20,129,3,0,0.0000000000
20,130,1,0,0.0000000000
20,130,2,0,0.0000000000
20,130,3,0,0.0000000000
20,131,1,0,0.0000000000
20,131,2,0,0.0000000000
20,131,3,0,0.0000000000
20,132,1,0,0.0000000000
20,132,2,0,0.0000000000
20,132,3,0,0.0000000000
20,133,1,0,0.0000000000
20,133,2,0,0.0000000000
20,133,3,0,0.0000000000
20,134,1,0,0.0000000000
20,134,2,0,0.0000000000
20,134,3,0,0.0000000000
20,135,1,0,0.0000000000
20,135,2,0,0.0000000000
20,135,3,0,0.0000000000
20,136,1,0,0.0000000000
20,136,2,0,0.0000000000
20,136,3,0,0.0000000000
20,137,1,0,0.0000000000
20,137,2,0,0.0000000000
20,137,3,0,0.0000000000
20,138,1,0,0.0000000000
20,138,2,0,0.0000000000
20,138,3,0,0.0000000000
20,139,1,0,0.0000000000
20,139,2,0,0.0000000000
20,139,3,0,0.0000000000
20,140,1,0,0.0000000000
20,140,2,0,0.0000000000
20,140,3,0,0.0000000000
20,141,1,0,0.0000000000
20,141,2,0,0.0000000000
20,141,3,0,0.0000000000
20,142,1,0,0.0000000000
20,142,2,0,0.0000000000
20,142,3,0,0.0000000000
20,143,1,0,0.0000000000
20,143,2,0,0.0000000000
20,143,3,0,0.0000000000
20,144,1,0,0.0000000000
20,144,2,0,0.0000000000
20,144,3,0,0.0000000000
20,145,1,0,0.0000000000
20,145,2,0,0.0000000000
20,145,3,0,0.0000000000
20,146,1,0,0.0000000000
20,146,2,0,0.0000000000
20,146,3,0,0.0000000000
20,147,1,0,0.0000000000
20,147,2,0,0.0000000000
20,147,3,0,0.0000000000
20,148,1,0,0.0000000000
20,148,2,0,0.0000000000
20,148,3,0,0.0000000000
20,149,1,0,0.0000000000
20,149,2,0,0.0000000000
20,149,3,0,0.0000000000
20,150,1,0,0.0000000000
20,150,2,0,0.0000000000
20,150,3,0,0.0000000000
20,151,1,0,0.0000000000
20,151,2,0,0.0000000000
20,151,3,0,0.0000000000
20,152,1,0,0.0000000000
20,152,2,0,0.0000000000
20,152,3,0,0.0000000000
20,153,1,0,0.0000000000
20,153,2,0,0.0000000000
20,153,3,0,0.0000000000
20,154,1,0,0.0000000000
20,154,2,0,0.0000000000
20,154,3,0,0.0000000000
20,155,1,0,0.0000000000
20,155,2,0,0.0000000000
20,155,3,0,0.0000000000
20,156,1,0,0.0000000000
20,156,2,0,0.0000000000
20,156,3,0,0.0000000000
20,157,1,0,0.0000000000
20,157,2,0,0.0000000000
20,157,3,0,0.0000000000
20,158,1,0,0.0000000000
20,158,2,0,0.0000000000
20,158,3,0,0.0000000000
20,159,1,0,0.0000000000
20,159,2,0,0.0000000000
20,159,3,0,0.0000000000
20,160,1,0,0.0000000000
20,160,2,0,0.0000000000
20,160,3,0,0.0000000000
20,161,1,0,0.0000000000
20,161,2,0,0.0000000000
20,161,3,0,0.0000000000
20,162,1,0,0.0000000000
20,162,2,0,0.0000000000
20,162,3,0,0.0000000000
20,163,1,0,0.0000000000
20,163,2,0,0.0000000000
20,163,3,0,0.0000000000
20,164,1,0,0.0000000000
20,164,2,0,0.0000000000
20,164,3,0,0.0000000000
20,165,1,0,0.0000000000
20,165,2,0,0.0000000000
20,165,3,0,0.0000000000
20,166,1,0,0.0000000000
20,166,2,0,0.0000000000
20,166,3,0,0.0000000000
20,167,1,0,0.0000000000
20,167,2,0,0.0000000000
20,167,3,0,0.0000000000
20,168,1,0,0.0000000000
20,168,2,0,0.0000000000
20,168,3,0,0.0000000000
21,1,1,0,0.0000000000
21,1,2,0,0.0000000000
21,1,3,0,0.0000000000
21,2,1,0,0.0000000000
21,2,2,0,0.0000000000
21,2,3,0,0.0000000000
21,3,1,0,0.0000000000
21,3,2,0,0.0000000000
21,3,3,0,0.0000000000
21,4,1,0,0.0000000000
21,4,2,0,0.0000000000
21,4,3,0,0.0000000000
21,5,1,0,0.0000000000
21,5,2,0,0.0000000000
21,5,3,0,0.0000000000
21,6,1,0,0.0000000000
21,6,2,0,0.0000000000
21,6,3,0,0.0000000000
21,7,1,0,0.0000000000
21,7,2,0,0.0000000000
21,7,3,0,0.0000000000
21,8,1,0,0.0000000000
21,8,2,0,0.0000000000
21,8,3,0,0.0000000000
21,9,1,0,0.0000000000
21,9,2,0,0.0000000000
21,9,3,0,0.0000000000
21,10,1,0,0.0000000000
21,10,2,0,0.0000000000
21,10,3,0,0.0000000000
21,11,1,0,0.0000000000
21,11,2,0,0.0000000000
21,11,3,0,0.0000000000
21,12,1,0,0.0000000000
21,12,2,0,0.0000000000
21,12,3,0,0.0000000000
21,13,1,0,0.0000000000
21,13,2,0,0.0000000000
21,13,3,0,0.0000000000
21,14,1,0,0.0000000000
21,14,2,0,0.0000000000
21,14,3,0,0.0000000000
21,15,1,0,0.0000000000
21,15,2,0,0.0000000000
21,15,3,0,0.0000000000
21,16,1,0,0.0000000000
21,16,2,0,0.0000000000
21,16,3,0,0.0000000000
21,17,1,0,0.0000000000
21,17,2,0,0.0000000000
21,17,3,0,0.0000000000
21,18,1,0,0.0000000000
21,18,2,0,0.0000000000
21,18,3,0,0.0000000000
21,19,1,0,0.0000000000
21,19,2,0,0.0000000000
21,19,3,0,0.0000000000
21,20,1,0,0.0000000000
21,20,2,0,0.0000000000
21,20,3,0,0.0000000000
21,21,1,0,0.0000000000
21,21,2,0,0.0000000000
21,21,3,0,0.0000000000
21,22,1,0,0.0000000000
21,22,2,0,0.0000000000
21,22,3,0,0.0000000000
21,23,1,0,0.0000000000
21,23,2,0,0.0000000000
21,23,3,0,0.0000000000
21,24,1,0,0.0000000000
21,24,2,0,0.0000000000
21,24,3,0,0.0000000000
21,25,1,0,0.0000000000
21,25,2,0,0.0000000000
21,25,3,0,0.0000000000
21,26,1,0,0.0000000000
21,26,2,0,0.0000000000
21,26,3,0,0.0000000000
21,27,1,0,0.0000000000
21,27,2,0,0.0000000000
21,27,3,0,0.0000000000
21,28,1,0,0.0000000000
21,28,2,0,0.0000000000
21,28,3,0,0.0000000000
21,29,1,0,0.0000000000
21,29,2,0,0.0000000000
21,29,3,0,0.0000000000
21,30,1,0,0.0000000000
21,30,2,0,0.0000000000
21,30,3,0,0.0000000000
21,31,1,0,0.0000000000
21,31,2,0,0.0000000000
21,31,3,0,0.0000000000
21,32,1,0,0.0000000000
21,32,2,0,0.0000000000
21,32,3,0,0.0000000000
21,33,1,0,0.0000000000
21,33,2,0,0.0000000000
21,33,3,0,0.0000000000
21,34,1,0,0.0000000000
21,34,2,0,0.0000000000
21,34,3,0,0.0000000000
21,35,1,0,0.0000000000
21,35,2,0,0.0000000000
21,35,3,0,0.0000000000
21,36,1,0,0.0000000000
21,36,2,0,0.0000000000
21,36,3,0,0.0000000000
21,37,1,0,0.0000000000
21,37,2,0,0.0000000000
21,37,3,0,0.0000000000
21,38,1,0,0.0000000000
21,38,2,0,0.0000000000
21,38,3,0,0.0000000000
21,39,1,0,0.0000000000
21,39,2,0,0.0000000000
21,39,3,0,0.0000000000
21,40,1,0,0.0000000000
21,40,2,0,0.0000000000
21,40,3,0,0.0000000000
21,41,1,0,0.0000000000
21,41,2,0,0.0000000000
21,41,3,0,0.0000000000
21,42,1,0,0.0000000000
21,42,2,0,0.0000000000
21,42,3,0,0.0000000000
21,43,1,0,0.0000000000
21,43,2,0,0.0000000000
21,43,3,0,0.0000000000
21,44,1,0,0.0000000000
21,44,2,0,0.0000000000
21,44,3,0,0.0000000000
21,45,1,0,0.0000000000
21,45,2,0,0.0000000000
21,45,3,0,0.0000000000
21,46,1,0,0.0000000000
21,46,2,0,0.0000000000
21,46,3,0,0.0000000000
21,47,1,0,0.0000000000
21,47,2,0,0.0000000000
21,47,3,0,0.0000000000
21,48,1,0,0.0000000000
21,48,2,0,0.0000000000
21,48,3,0,0.0000000000
21,49,1,0,0.0000000000
21,49,2,0,0.0000000000
21,49,3,0,0.0000000000
21,50,1,0,0.0000000000
21,50,2,0,0.0000000000
21,50,3,0,0.0000000000
21,51,1,0,0.0000000000
21,51,2,0,0.0000000000
21,51,3,0,0.0000000000
21,52,1,0,0.0000000000
21,52,2,0,0.0000000000
21,52,3,0,0.0000000000
21,53,1,0,0.0000000000
21,53,2,0,0.0000000000
21,53,3,0,0.0000000000
21,54,1,0,0.0000000000
21,54,2,0,0.0000000000
21,54,3,0,0.0000000000
21,55,1,0,0.0000000000
21,55,2,0,0.0000000000
21,55,3,0,0.0000000000
21,56,1,0,0.0000000000
21,56,2,0,0.0000000000
21,56,3,0,0.0000000000
21,57,1,0,0.0000000000
21,57,2,0,0.0000000000
21,57,3,0,0.0000000000
21,58,1,0,0.0000000000
21,58,2,0,0.0000000000
21,58,3,0,0.0000000000
21,59,1,0,0.0000000000
21,59,2,0,0.0000000000
21,59,3,0,0.0000000000
21,60,1,0,0.0000000000
21,60,2,0,0.0000000000
21,60,3,0,0.0000000000
21,61,1,0,0.0000000000
21,61,2,0,0.0000000000
21,61,3,0,0.0000000000
21,62,1,0,0.0000000000
21,62,2,0,0.0000000000
21,62,3,0,0.0000000000
21,63,1,0,0.0000000000
21,63,2,0,0.0000000000
21,63,3,0,0.0000000000
21,64,1,0,0.0000000000
21,64,2,0,0.0000000000
21,64,3,0,0.0000000000
21,65,1,0,0.0000000000
21,65,2,0,0.0000000000
21,65,3,0,0.0000000000
21,66,1,0,0.0000000000
21,66,2,0,0.0000000000
21,66,3,0,0.0000000000
21,67,1,0,0.0000000000
21,67,2,0,0.0000000000
21,67,3,0,0.0000000000
21,68,1,0,0.0000000000
21,68,2,0,0.0000000000
21,68,3,0,0.0000000000
21,69,1,0,0.0000000000
21,69,2,0,0.0000000000
21,69,3,0,0.0000000000
21,70,1,0,0.0000000000
21,70,2,0,0.0000000000
21,70,3,0,0.0000000000
21,71,1,0,0.0000000000
21,71,2,0,0.0000000000
21,71,3,0,0.0000000000
21,72,1,0,0.0000000000
21,72,2,0,0.0000000000
21,72,3,0,0.0000000000
21,73,1,0,0.0000000000
21,73,2,0,0.0000000000
21,73,3,0,0.0000000000
21,74,1,0,0.0000000000
21,74,2,0,0.0000000000
21,74,3,0,0.0000000000
21,75,1,0,0.0000000000
21,75,2,0,0.0000000000
21,75,3,0,0.0000000000
21,76,1,0,0.0000000000
21,76,2,0,0.0000000000
21,76,3,0,0.0000000000
21,77,1,0,0.0000000000
21,77,2,0,0.0000000000
21,77,3,0,0.0000000000
21,78,1,0,0.0000000000
21,78,2,0,0.0000000000
21,78,3,0,0.0000000000
21,79,1,0,0.0000000000
21,79,2,0,0.0000000000
21,79,3,0,0.0000000000
21,80,1,0,0.0000000000
21,80,2,0,0.0000000000
21,80,3,0,0.0000000000
21,81,1,0,0.0000000000
21,81,2,0,0.0000000000
21,81,3,0,0.0000000000
21,82,1,0,0.0000000000
21,82,2,0,0.0000000000
21,82,3,0,0.0000000000
21,83,1,0,0.0000000000
21,83,2,0,0.0000000000
21,83,3,0,0.0000000000
21,84,1,0,0.0000000000
21,84,2,0,0.0000000000
21,84,3,0,0.0000000000
21,85,1,0,0.0000000000
21,85,2,0,0.0000000000
21,85,3,0,0.0000000000
21,86,1,0,0.0000000000
21,86,2,0,0.0000000000
21,86,3,0,0.0000000000
21,87,1,0,0.0000000000
21,87,2,0,0.0000000000
21,87,3,0,0.0000000000
21,88,1,0,0.0000000000
21,88,2,0,0.0000000000
21,88,3,0,0.0000000000
21,89,1,0,0.0000000000
21,89,2,0,0.0000000000
21,89,3,0,0.0000000000
21,90,1,0,0.0000000000
21,90,2,0,0.0000000000
21,90,3,0,0.0000000000
21,91,1,0,0.0000000000
21,91,2,0,0.0000000000
21,91,3,0,0.0000000000
21,92,1,0,0.0000000000
21,92,2,0,0.0000000000
21,92,3,0,0.0000000000
21,93,1,0,0.0000000000
21,93,2,0,0.0000000000
21,93,3,0,0.0000000000
21,94,1,0,0.0000000000
21,94,2,0,0.0000000000
21,94,3,0,0.0000000000
21,95,1,0,0.0000000000
21,95,2,0,0.0000000000
21,95,3,0,0.0000000000
21,96,1,0,0.0000000000
21,96,2,0,0.0000000000
21,96,3,0,0.0000000000
21,97,1,0,0.0000000000
21,97,2,0,0.0000000000
21,97,3,0,0.0000000000
21,98,1,0,0.0000000000
21,98,2,0,0.0000000000
21,98,3,0,0.0000000000
21,99,1,0,0.0000000000
21,99,2,0,0.0000000000
21,99,3,0,0.0000000000
21,100,1,0,0.0000000000
21,100,2,0,0.0000000000
21,100,3,0,0.0000000000
21,101,1,0,0.0000000000
21,101,2,0,0.0000000000
21,101,3,0,0.0000000000
21,102,1,0,0.0000000000
21,102,2,0,0.0000000000
21,102,3,0,0.0000000000
21,103,1,0,0.0000000000
21,103,2,0,0.0000000000
21,103,3,0,0.0000000000
21,104,1,0,0.0000000000
21,104,2,0,0.0000000000
21,104,3,0,0.0000000000
21,105,1,0,0.0000000000
21,105,2,0,0.0000000000
21,105,3,0,0.0000000000
21,106,1,0,0.0000000000
21,106,2,0,0.0000000000
21,106,3,0,0.0000000000
21,107,1,0,0.0000000000
21,107,2,0,0.0000000000
21,107,3,0,0.0000000000
21,108,1,0,0.0000000000
21,108,2,0,0.0000000000
21,108,3,0,0.0000000000
21,109,1,0,0.0000000000
21,109,2,0,0.0000000000
21,109,3,0,0.0000000000
21,110,1,0,0.0000000000
21,110,2,0,0.0000000000
21,110,3,0,0.0000000000
21,111,1,0,0.0000000000
21,111,2,0,0.0000000000
21,111,3,0,0.0000000000
21,112,1,0,0.0000000000
21,112,2,0,0.0000000000
21,112,3,0,0.0000000000
21,113,1,0,0.0000000000
21,113,2,0,0.0000000000
21,113,3,0,0.0000000000
21,114,1,0,0.0000000000
21,114,2,0,0.0000000000
21,114,3,0,0.0000000000
21,115,1,0,0.0000000000
21,115,2,0,0.0000000000
21,115,3,0,0.0000000000
21,116,1,0,0.0000000000
21,116,2,0,0.0000000000
21,116,3,0,0.0000000000
21,117,1,0,0.0000000000
21,117,2,0,0.0000000000
21,117,3,0,0.0000000000
21,118,1,0,0.0000000000
21,118,2,0,0.0000000000
21,118,3,0,0.0000000000
21,119,1,0,0.0000000000
21,119,2,0,0.0000000000
21,119,3,0,0.0000000000
21,120,1,0,0.0000000000
21,120,2,0,0.0000000000
21,120,3,0,0.0000000000
21,121,1,0,0.0000000000
21,121,2,0,0.0000000000
21,121,3,0,0.0000000000
21,122,1,0,0.0000000000
21,122,2,0,0.0000000000
21,122,3,0,0.0000000000
21,123,1,0,0.0000000000
21,123,2,0,0.0000000000
21,123,3,0,0.0000000000
21,124,1,0,0.0000000000
21,124,2,0,0.0000000000
21,124,3,0,0.0000000000
21,125,1,0,0.0000000000
21,125,2,0,0.0000000000
21,125,3,0,0.0000000000
21,126,1,0,0.0000000000
21,126,2,0,0.0000000000
21,126,3,0,0.0000000000
21,127,1,0,0.0000000000
21,127,2,0,0.0000000000
21,127,3,0,0.0000000000
21,128,1,0,0.0000000000
21,128,2,0,0.0000000000
21,128,3,0,0.0000000000
21,129,1,0,0.0000000000
21,129,2,0,0.0000000000
21,129,3,0,0.0000000000
21,130,1,0,0.0000000000
21,130,2,0,0.0000000000
21,130,3,0,0.0000000000
21,131,1,0,0.0000000000
21,131,2,0,0.0000000000
21,131,3,0,0.0000000000
21,132,1,0,0.0000000000
21,132,2,0,0.0000000000
21,132,3,0,0.0000000000
21,133,1,0,0.0000000000
21,133,2,0,0.0000000000
21,133,3,0,0.0000000000
21,134,1,0,0.0000000000
21,134,2,0,0.0000000000
21,134,3,0,0.0000000000
21,135,1,0,0.0000000000
21,135,2,0,0.0000000000
21,135,3,0,0.0000000000
21,136,1,0,0.0000000000
21,136,2,0,0.0000000000
21,136,3,0,0.0000000000
21,137,1,0,0.0000000000
21,137,2,0,0.0000000000
21,137,3,0,0.0000000000
21,138,1,0,0.0000000000
21,138,2,0,0.0000000000
21,138,3,0,0.0000000000
21,139,1,0,0.0000000000
21,139,2,0,0.0000000000
21,139,3,0,0.0000000000
21,140,1,0,0.0000000000
21,140,2,0,0.0000000000
21,140,3,0,0.0000000000
21,141,1,0,0.0000000000
21,141,2,0,0.0000000000
21,141,3,0,0.0000000000
21,142,1,0,0.0000000000
21,142,2,0,0.0000000000
21,142,3,0,0.0000000000
21,143,1,0,0.0000000000
21,143,2,0,0.0000000000
21,143,3,0,0.0000000000
21,144,1,0,0.0000000000
21,144,2,0,0.0000000000
21,144,3,0,0.0000000000
21,145,1,0,0.0000000000
21,145,2,0,0.0000000000
21,145,3,0,0.0000000000
21,146,1,0,0.0000000000
21,146,2,0,0.0000000000
21,146,3,0,0.0000000000
21,147,1,0,0.0000000000
21,147,2,0,0.0000000000
21,147,3,0,0.0000000000
21,148,1,0,0.0000000000
21,148,2,0,0.0000000000
21,148,3,0,0.0000000000
21,149,1,0,0.0000000000
21,149,2,0,0.0000000000
21,149,3,0,0.0000000000
21,150,1,0,0.0000000000
21,150,2,0,0.0000000000
21,150,3,0,0.0000000000
21,151,1,0,0.0000000000
21,151,2,0,0.0000000000
21,151,3,0,0.0000000000
21,152,1,0,0.0000000000
21,152,2,0,0.0000000000
21,152,3,0,0.0000000000
21,153,1,0,0.0000000000
21,153,2,0,0.0000000000
21,153,3,0,0.0000000000
21,154,1,0,0.0000000000
21,154,2,0,0.0000000000
21,154,3,0,0.0000000000
21,155,1,0,0.0000000000
21,155,2,0,0.0000000000
21,155,3,0,0.0000000000
21,156,1,0,0.0000000000
21,156,2,0,0.0000000000
21,156,3,0,0.0000000000
21,157,1,0,0.0000000000
21,157,2,0,0.0000000000
21,157,3,0,0.0000000000
21,158,1,0,0.0000000000
21,158,2,0,0.0000000000
21,158,3,0,0.0000000000
21,159,1,0,0.0000000000
21,159,2,0,0.0000000000
21,159,3,0,0.0000000000
21,160,1,0,0.0000000000
21,160,2,0,0.0000000000
21,160,3,0,0.0000000000
21,161,1,0,0.0000000000
21,161,2,0,0.0000000000
21,161,3,0,0.0000000000
21,162,1,0,0.0000000000
21,162,2,0,0.0000000000
21,162,3,0,0.0000000000
21,163,1,0,0.0000000000
21,163,2,0,0.0000000000
21,163,3,0,0.0000000000
21,164,1,0,0.0000000000
21,164,2,0,0.0000000000
21,164,3,0,0.0000000000
21,165,1,0,0.0000000000
21,165,2,0,0.0000000000
21,165,3,0,0.0000000000
21,166,1,0,0.0000000000
21,166,2,0,0.0000000000
21,166,3,0,0.0000000000
21,167,1,0,0.0000000000
21,167,2,0,0.0000000000
21,167,3,0,0.0000000000
21,168,1,0,0.0000000000
21,168,2,0,0.0000000000
21,168,3,0,0.0000000000
22,1,1,0,0.0000000000
22,1,2,0,0.0000000000
22,1,3,0,0.0000000000
22,2,1,0,0.0000000000
22,2,2,0,0.0000000000
22,2,3,0,0.0000000000
22,3,1,0,0.0000000000
22,3,2,0,0.0000000000
22,3,3,0,0.0000000000
22,4,1,0,0.0000000000
22,4,2,0,0.0000000000
22,4,3,0,0.0000000000
22,5,1,0,0.0000000000
22,5,2,0,0.0000000000
22,5,3,0,0.0000000000
22,6,1,0,0.0000000000
22,6,2,0,0.0000000000
22,6,3,0,0.0000000000
22,7,1,0,0.0000000000
22,7,2,0,0.0000000000
22,7,3,0,0.0000000000
22,8,1,0,0.0000000000
22,8,2,0,0.0000000000
22,8,3,0,0.0000000000
22,9,1,0,0.0000000000
22,9,2,0,0.0000000000
22,9,3,0,0.0000000000
22,10,1,0,0.0000000000
22,10,2,0,0.0000000000
22,10,3,0,0.0000000000
22,11,1,0,0.0000000000
22,11,2,0,0.0000000000
22,11,3,0,0.0000000000
22,12,1,0,0.0000000000
22,12,2,0,0.0000000000
22,12,3,0,0.0000000000
22,13,1,0,0.0000000000
22,13,2,0,0.0000000000
22,13,3,0,0.0000000000
22,14,1,0,0.0000000000
22,14,2,0,0.0000000000
22,14,3,0,0.0000000000
22,15,1,0,0.0000000000
22,15,2,0,0.0000000000
22,15,3,0,0.0000000000
22,16,1,0,0.0000000000
22,16,2,0,0.0000000000
22,16,3,0,0.0000000000
22,17,1,0,0.0000000000
22,17,2,0,0.0000000000
22,17,3,0,0.0000000000
22,18,1,0,0.0000000000
22,18,2,0,0.0000000000
22,18,3,0,0.0000000000
22,19,1,0,0.0000000000
22,19,2,0,0.0000000000
22,19,3,0,0.0000000000
22,20,1,0,0.0000000000
22,20,2,0,0.0000000000
22,20,3,0,0.0000000000
22,21,1,0,0.0000000000
22,21,2,0,0.0000000000
22,21,3,0,0.0000000000
22,22,1,0,0.0000000000
22,22,2,0,0.0000000000
22,22,3,0,0.0000000000
22,23,1,0,0.0000000000
22,23,2,0,0.0000000000
22,23,3,0,0.0000000000
22,24,1,0,0.0000000000
22,24,2,0,0.0000000000
22,24,3,0,0.0000000000
22,25,1,0,0.0000000000
22,25,2,0,0.0000000000
22,25,3,0,0.0000000000
22,26,1,0,0.0000000000
22,26,2,0,0.0000000000
22,26,3,0,0.0000000000
22,27,1,0,0.0000000000
22,27,2,0,0.0000000000
22,27,3,0,0.0000000000
22,28,1,0,0.0000000000
22,28,2,0,0.0000000000
22,28,3,0,0.0000000000
22,29,1,0,0.0000000000
22,29,2,0,0.0000000000
22,29,3,0,0.0000000000
22,30,1,0,0.0000000000
22,30,2,0,0.0000000000
22,30,3,0,0.0000000000
22,31,1,0,0.0000000000
22,31,2,0,0.0000000000
22,31,3,0,0.0000000000
22,32,1,0,0.0000000000
22,32,2,0,0.0000000000
22,32,3,0,0.0000000000
22,33,1,0,0.0000000000
22,33,2,0,0.0000000000
22,33,3,0,0.0000000000
22,34,1,0,0.0000000000
22,34,2,0,0.0000000000
22,34,3,0,0.0000000000
22,35,1,0,0.0000000000
22,35,2,0,0.0000000000
22,35,3,0,0.0000000000
22,36,1,0,0.0000000000
22,36,2,0,0.0000000000
22,36,3,0,0.0000000000
22,37,1,0,0.0000000000
22,37,2,0,0.0000000000
22,37,3,0,0.0000000000
22,38,1,0,0.0000000000
22,38,2,0,0.0000000000
22,38,3,0,0.0000000000
22,39,1,0,0.0000000000
22,39,2,0,0.0000000000
22,39,3,0,0.0000000000
22,40,1,0,0.0000000000
22,40,2,0,0.0000000000
22,40,3,0,0.0000000000
22,41,1,0,0.0000000000
22,41,2,0,0.0000000000
22,41,3,0,0.0000000000
22,42,1,0,0.0000000000
22,42,2,0,0.0000000000
22,42,3,0,0.0000000000
22,43,1,0,0.0000000000
22,43,2,0,0.0000000000
22,43,3,0,0.0000000000
22,44,1,0,0.0000000000
22,44,2,0,0.0000000000
22,44,3,0,0.0000000000
22,45,1,0,0.0000000000
22,45,2,0,0.0000000000
22,45,3,0,0.0000000000
22,46,1,0,0.0000000000
22,46,2,0,0.0000000000
22,46,3,0,0.0000000000
22,47,1,0,0.0000000000
22,47,2,0,0.0000000000
22,47,3,0,0.0000000000
22,48,1,0,0.0000000000
22,48,2,0,0.0000000000
22,48,3,0,0.0000000000
22,49,1,0,0.0000000000
22,49,2,0,0.0000000000
22,49,3,0,0.0000000000
22,50,1,0,0.0000000000
22,50,2,0,0.0000000000
22,50,3,0,0.0000000000
22,51,1,0,0.0000000000
22,51,2,0,0.0000000000
22,51,3,0,0.0000000000
22,52,1,0,0.0000000000
22,52,2,0,0.0000000000
22,52,3,0,0.0000000000
22,53,1,0,0.0000000000
22,53,2,0,0.0000000000
22,53,3,0,0.0000000000
22,54,1,0,0.0000000000
22,54,2,0,0.0000000000
22,54,3,0,0.0000000000
22,55,1,0,0.0000000000
22,55,2,0,0.0000000000
22,55,3,0,0.0000000000
22,56,1,0,0.0000000000
22,56,2,0,0.0000000000
22,56,3,0,0.0000000000
22,57,1,0,0.0000000000
22,57,2,0,0.0000000000
22,57,3,0,0.0000000000
22,58,1,0,0.0000000000
22,58,2,0,0.0000000000
22,58,3,0,0.0000000000
22,59,1,0,0.0000000000
22,59,2,0,0.0000000000
22,59,3,0,0.0000000000
22,60,1,0,0.0000000000
22,60,2,0,0.0000000000
22,60,3,0,0.0000000000
22,61,1,0,0.0000000000
22,61,2,0,0.0000000000
22,61,3,0,0.0000000000
22,62,1,0,0.0000000000
22,62,2,0,0.0000000000
22,62,3,0,0.0000000000
22,63,1,0,0.0000000000
22,63,2,0,0.0000000000
22,63,3,0,0.0000000000
22,64,1,0,0.0000000000
22,64,2,0,0.0000000000
22,64,3,0,0.0000000000
22,65,1,0,0.0000000000
22,65,2,0,0.0000000000
22,65,3,0,0.0000000000
22,66,1,0,0.0000000000
22,66,2,0,0.0000000000
22,66,3,0,0.0000000000
22,67,1,0,0.0000000000
22,67,2,0,0.0000000000
22,67,3,0,0.0000000000
22,68,1,0,0.0000000000
22,68,2,0,0.0000000000
22,68,3,0,0.0000000000
22,69,1,0,0.0000000000
22,69,2,0,0.0000000000
22,69,3,0,0.0000000000
22,70,1,0,0.0000000000
22,70,2,0,0.0000000000
22,70,3,0,0.0000000000
22,71,1,0,0.0000000000
22,71,2,0,0.0000000000
22,71,3,0,0.0000000000
22,72,1,0,0.0000000000
22,72,2,0,0.0000000000
22,72,3,0,0.0000000000
22,73,1,0,0.0000000000
22,73,2,0,0.0000000000
22,73,3,0,0.0000000000
22,74,1,0,0.0000000000
22,74,2,0,0.0000000000
22,74,3,0,0.0000000000
22,75,1,0,0.0000000000
22,75,2,0,0.0000000000
22,75,3,0,0.0000000000
22,76,1,0,0.0000000000
22,76,2,0,0.0000000000
22,76,3,0,0.0000000000
22,77,1,0,0.0000000000
22,77,2,0,0.0000000000
22,77,3,0,0.0000000000
22,78,1,0,0.0000000000
22,78,2,0,0.0000000000
22,78,3,0,0.0000000000
22,79,1,0,0.0000000000
22,79,2,0,0.0000000000
22,79,3,0,0.0000000000
22,80,1,0,0.0000000000
22,80,2,0,0.0000000000
22,80,3,0,0.0000000000
22,81,1,0,0.0000000000
22,81,2,0,0.0000000000
22,81,3,0,0.0000000000
22,82,1,0,0.0000000000
22,82,2,0,0.0000000000
22,82,3,0,0.0000000000
22,83,1,0,0.0000000000
22,83,2,0,0.0000000000
22,83,3,0,0.0000000000
22,84,1,0,0.0000000000
22,84,2,0,0.0000000000
22,84,3,0,0.0000000000
22,85,1,0,0.0000000000
22,85,2,0,0.0000000000
22,85,3,0,0.0000000000
22,86,1,0,0.0000000000
22,86,2,0,0.0000000000
22,86,3,0,0.0000000000
22,87,1,0,0.0000000000
22,87,2,0,0.0000000000
22,87,3,0,0.0000000000
22,88,1,0,0.0000000000
22,88,2,0,0.0000000000
22,88,3,0,0.0000000000
22,89,1,0,0.0000000000
22,89,2,0,0.0000000000
22,89,3,0,0.0000000000
22,90,1,0,0.0000000000
22,90,2,0,0.0000000000
22,90,3,0,0.0000000000
22,91,1,0,0.0000000000
22,91,2,0,0.0000000000
22,91,3,0,0.0000000000
22,92,1,0,0.0000000000
22,92,2,0,0.0000000000
22,92,3,0,0.0000000000
22,93,1,0,0.0000000000
22,93,2,0,0.0000000000
22,93,3,0,0.0000000000
22,94,1,0,0.0000000000
22,94,2,0,0.0000000000
22,94,3,0,0.0000000000
22,95,1,0,0.0000000000
22,95,2,0,0.0000000000
22,95,3,0,0.0000000000
22,96,1,0,0.0000000000
22,96,2,0,0.0000000000
22,96,3,0,0.0000000000
22,97,1,0,0.0000000000
22,97,2,0,0.0000000000
22,97,3,0,0.0000000000
22,98,1,0,0.0000000000
22,98,2,0,0.0000000000
22,98,3,0,0.0000000000
22,99,1,0,0.0000000000
22,99,2,0,0.0000000000
22,99,3,0,0.0000000000
22,100,1,0,0.0000000000
22,100,2,0,0.0000000000
22,100,3,0,0.0000000000
22,101,1,0,0.0000000000
22,101,2,0,0.0000000000
22,101,3,0,0.0000000000
22,102,1,0,0.0000000000
22,102,2,0,0.0000000000
22,102,3,0,0.0000000000
22,103,1,0,0.0000000000
22,103,2,0,0.0000000000
22,103,3,0,0.0000000000
22,104,1,0,0.0000000000
22,104,2,0,0.0000000000
22,104,3,0,0.0000000000
22,105,1,0,0.0000000000
22,105,2,0,0.0000000000
22,105,3,0,0.0000000000
22,106,1,0,0.0000000000
22,106,2,0,0.0000000000
22,106,3,0,0.0000000000
22,107,1,0,0.0000000000
22,107,2,0,0.0000000000
22,107,3,0,0.0000000000
22,108,1,0,0.0000000000
22,108,2,0,0.0000000000
22,108,3,0,0.0000000000
22,109,1,0,0.0000000000
22,109,2,0,0.0000000000
22,109,3,0,0.0000000000
22,110,1,0,0.0000000000
22,110,2,0,0.0000000000
22,110,3,0,0.0000000000
22,111,1,0,0.0000000000
22,111,2,0,0.0000000000
22,111,3,0,0.0000000000
22,112,1,0,0.0000000000
22,112,2,0,0.0000000000
22,112,3,0,0.0000000000
22,113,1,0,0.0000000000
22,113,2,0,0.0000000000
22,113,3,0,0.0000000000
22,114,1,0,0.0000000000
22,114,2,0,0.0000000000
22,114,3,0,0.0000000000
22,115,1,0,0.0000000000
22,115,2,0,0.0000000000
22,115,3,0,0.0000000000
22,116,1,0,0.0000000000
22,116,2,0,0.0000000000
22,116,3,0,0.0000000000
22,117,1,0,0.0000000000
22,117,2,0,0.0000000000
22,117,3,0,0.0000000000
22,118,1,0,0.0000000000
22,118,2,0,0.0000000000
22,118,3,0,0.0000000000
22,119,1,0,0.0000000000
22,119,2,0,0.0000000000
22,119,3,0,0.0000000000
22,120,1,0,0.0000000000
22,120,2,0,0.0000000000
22,120,3,0,0.0000000000
22,121,1,0,0.0000000000
22,121,2,0,0.0000000000
22,121,3,0,0.0000000000
22,122,1,0,0.0000000000
22,122,2,0,0.0000000000
22,122,3,0,0.0000000000
22,123,1,0,0.0000000000
22,123,2,0,0.0000000000
22,123,3,0,0.0000000000
22,124,1,0,0.0000000000
22,124,2,0,0.0000000000
22,124,3,0,0.0000000000
22,125,1,0,0.0000000000
22,125,2,0,0.0000000000
22,125,3,0,0.0000000000
22,126,1,0,0.0000000000
22,126,2,0,0.0000000000
22,126,3,0,0.0000000000
22,127,1,0,0.0000000000
22,127,2,0,0.0000000000
22,127,3,0,0.0000000000
22,128,1,0,0.0000000000
22,128,2,0,0.0000000000
22,128,3,0,0.0000000000
22,129,1,0,0.0000000000
22,129,2,0,0.0000000000
22,129,3,0,0.0000000000
22,130,1,0,0.0000000000
22,130,2,0,0.0000000000
22,130,3,0,0.0000000000
22,131,1,0,0.0000000000
22,131,2,0,0.0000000000
22,131,3,0,0.0000000000
22,132,1,0,0.0000000000
22,132,2,0,0.0000000000
22,132,3,0,0.0000000000
22,133,1,0,0.0000000000
22,133,2,0,0.0000000000
22,133,3,0,0.0000000000
22,134,1,0,0.0000000000
22,134,2,0,0.0000000000
22,134,3,0,0.0000000000
22,135,1,0,0.0000000000
22,135,2,0,0.0000000000
22,135,3,0,0.0000000000
22,136,1,0,0.0000000000
22,136,2,0,0.0000000000
22,136,3,0,0.0000000000
22,137,1,0,0.0000000000
22,137,2,0,0.0000000000
22,137,3,0,0.0000000000
22,138,1,0,0.0000000000
22,138,2,0,0.0000000000
22,138,3,0,0.0000000000
22,139,1,0,0.0000000000
22,139,2,0,0.0000000000
22,139,3,0,0.0000000000
22,140,1,0,0.0000000000
22,140,2,0,0.0000000000
22,140,3,0,0.0000000000
22,141,1,0,0.0000000000
22,141,2,0,0.0000000000
22,141,3,0,0.0000000000
22,142,1,0,0.0000000000
22,142,2,0,0.0000000000
22,142,3,0,0.0000000000
22,143,1,0,0.0000000000
22,143,2,0,0.0000000000
22,143,3,0,0.0000000000
22,144,1,0,0.0000000000
22,144,2,0,0.0000000000
22,144,3,0,0.0000000000
22,145,1,0,0.0000000000
22,145,2,0,0.0000000000
22,145,3,0,0.0000000000
22,146,1,0,0.0000000000
22,146,2,0,0.0000000000
22,146,3,0,0.0000000000
22,147,1,0,0.0000000000
22,147,2,0,0.0000000000
22,147,3,0,0.0000000000
22,148,1,0,0.0000000000
22,148,2,0,0.0000000000
22,148,3,0,0.0000000000
22,149,1,0,0.0000000000
22,149,2,0,0.0000000000
22,149,3,0,0.0000000000
22,150,1,0,0.0000000000
22,150,2,0,0.0000000000
22,150,3,0,0.0000000000
22,151,1,0,0.0000000000
22,151,2,0,0.0000000000
22,151,3,0,0.0000000000
22,152,1,0,0.0000000000
22,152,2,0,0.0000000000
22,152,3,0,0.0000000000
22,153,1,0,0.0000000000
22,153,2,0,0.0000000000
22,153,3,0,0.0000000000
22,154,1,0,0.0000000000
22,154,2,0,0.0000000000
22,154,3,0,0.0000000000
22,155,1,0,0.0000000000
22,155,2,0,0.0000000000
22,155,3,0,0.0000000000
22,156,1,0,0.0000000000
22,156,2,0,0.0000000000
22,156,3,0,0.0000000000
22,157,1,0,0.0000000000
22,157,2,0,0.0000000000
22,157,3,0,0.0000000000
22,158,1,0,0.0000000000
22,158,2,0,0.0000000000
22,158,3,0,0.0000000000
22,159,1,0,0.0000000000
22,159,2,0,0.0000000000
22,159,3,0,0.0000000000
22,160,1,0,0.0000000000
22,160,2,0,0.0000000000
22,160,3,0,0.0000000000
22,161,1,0,0.0000000000
22,161,2,0,0.0000000000
22,161,3,0,0.0000000000
22,162,1,0,0.0000000000
22,162,2,0,0.0000000000
22,162,3,0,0.0000000000
22,163,1,0,0.0000000000
22,163,2,0,0.0000000000
22,163,3,0,0.0000000000
22,164,1,0,0.0000000000
22,164,2,0,0.0000000000
22,164,3,0,0.0000000000
22,165,1,0,0.0000000000
22,165,2,0,0.0000000000
22,165,3,0,0.0000000000
22,166,1,0,0.0000000000
22,166,2,0,0.0000000000
22,166,3,0,0.0000000000
22,167,1,0,0.0000000000
22,167,2,0,0.0000000000
22,167,3,0,0.0000000000
22,168,1,0,0.0000000000
22,168,2,0,0.0000000000
22,168,3,0,0.0000000000
23,1,1,0,0.0000000000
23,1,2,0,0.0000000000
23,1,3,0,0.0000000000
23,2,1,0,0.0000000000
23,2,2,0,0.0000000000
23,2,3,0,0.0000000000
23,3,1,0,0.0000000000
23,3,2,0,0.0000000000
23,3,3,0,0.0000000000
23,4,1,0,0.0000000000
23,4,2,0,0.0000000000
23,4,3,0,0.0000000000
23,5,1,0,0.0000000000
23,5,2,0,0.0000000000
23,5,3,0,0.0000000000
23,6,1,0,0.0000000000
23,6,2,0,0.0000000000
23,6,3,0,0.0000000000
23,7,1,0,0.0000000000
23,7,2,0,0.0000000000
23,7,3,0,0.0000000000
23,8,1,0,0.0000000000
23,8,2,0,0.0000000000
23,8,3,0,0.0000000000
23,9,1,0,0.0000000000
23,9,2,0,0.0000000000
23,9,3,0,0.0000000000
23,10,1,0,0.0000000000
23,10,2,0,0.0000000000
23,10,3,0,0.0000000000
23,11,1,0,0.0000000000
23,11,2,0,0.0000000000
23,11,3,0,0.0000000000
23,12,1,0,0.0000000000
23,12,2,0,0.0000000000
23,12,3,0,0.0000000000
23,13,1,0,0.0000000000
23,13,2,0,0.0000000000
23,13,3,0,0.0000000000
23,14,1,0,0.0000000000
23,14,2,0,0.0000000000
23,14,3,0,0.0000000000
23,15,1,0,0.0000000000
23,15,2,0,0.0000000000
23,15,3,0,0.0000000000
23,16,1,0,0.0000000000
23,16,2,0,0.0000000000
23,16,3,0,0.0000000000
23,17,1,0,0.0000000000
23,17,2,0,0.0000000000
23,17,3,0,0.0000000000
23,18,1,0,0.0000000000
23,18,2,0,0.0000000000
23,18,3,0,0.0000000000
23,19,1,0,0.0000000000
23,19,2,0,0.0000000000
23,19,3,0,0.0000000000
23,20,1,0,0.0000000000
23,20,2,0,0.0000000000
23,20,3,0,0.0000000000
23,21,1,0,0.0000000000
23,21,2,0,0.0000000000
23,21,3,0,0.0000000000
23,22,1,0,0.0000000000
23,22,2,0,0.0000000000
23,22,3,0,0.0000000000
23,23,1,0,0.0000000000
23,23,2,0,0.0000000000
23,23,3,0,0.0000000000
23,24,1,0,0.0000000000
23,24,2,0,0.0000000000
23,24,3,0,0.0000000000
23,25,1,0,0.0000000000
23,25,2,0,0.0000000000
23,25,3,0,0.0000000000
23,26,1,0,0.0000000000
23,26,2,0,0.0000000000
23,26,3,0,0.0000000000
23,27,1,0,0.0000000000
23,27,2,0,0.0000000000
23,27,3,0,0.0000000000
23,28,1,0,0.0000000000
23,28,2,0,0.0000000000
23,28,3,0,0.0000000000
23,29,1,0,0.0000000000
23,29,2,0,0.0000000000
23,29,3,0,0.0000000000
23,30,1,0,0.0000000000
23,30,2,0,0.0000000000
23,30,3,0,0.0000000000
23,31,1,0,0.0000000000
23,31,2,0,0.0000000000
23,31,3,0,0.0000000000
23,32,1,0,0.0000000000
23,32,2,0,0.0000000000
23,32,3,0,0.0000000000
23,33,1,0,0.0000000000
23,33,2,0,0.0000000000
23,33,3,0,0.0000000000
23,34,1,0,0.0000000000
23,34,2,0,0.0000000000
23,34,3,0,0.0000000000
23,35,1,0,0.0000000000
23,35,2,0,0.0000000000
23,35,3,0,0.0000000000
23,36,1,0,0.0000000000
23,36,2,0,0.0000000000
23,36,3,0,0.0000000000
23,37,1,0,0.0000000000
23,37,2,0,0.0000000000
23,37,3,0,0.0000000000
23,38,1,0,0.0000000000
23,38,2,0,0.0000000000
23,38,3,0,0.0000000000
23,39,1,0,0.0000000000
23,39,2,0,0.0000000000
23,39,3,0,0.0000000000
23,40,1,0,0.0000000000
23,40,2,0,0.0000000000
23,40,3,0,0.0000000000
23,41,1,0,0.0000000000
23,41,2,0,0.0000000000
23,41,3,0,0.0000000000
23,42,1,0,0.0000000000
23,42,2,0,0.0000000000
23,42,3,0,0.0000000000
23,43,1,0,0.0000000000
23,43,2,0,0.0000000000
23,43,3,0,0.0000000000
23,44,1,0,0.0000000000
23,44,2,0,0.0000000000
23,44,3,0,0.0000000000
23,45,1,0,0.0000000000
23,45,2,0,0.0000000000
23,45,3,0,0.0000000000
23,46,1,0,0.0000000000
23,46,2,0,0.0000000000
23,46,3,0,0.0000000000
23,47,1,0,0.0000000000
23,47,2,0,0.0000000000
23,47,3,0,0.0000000000
23,48,1,0,0.0000000000
23,48,2,0,0.0000000000
23,48,3,0,0.0000000000
23,49,1,0,0.0000000000
23,49,2,0,0.0000000000
23,49,3,0,0.0000000000
23,50,1,0,0.0000000000
23,50,2,0,0.0000000000
23,50,3,0,0.0000000000
23,51,1,0,0.0000000000
23,51,2,0,0.0000000000
23,51,3,0,0.0000000000
23,52,1,0,0.0000000000
23,52,2,0,0.0000000000
23,52,3,0,0.0000000000
23,53,1,0,0.0000000000
23,53,2,0,0.0000000000
23,53,3,0,0.0000000000
23,54,1,0,0.0000000000
23,54,2,0,0.0000000000
23,54,3,0,0.0000000000
23,55,1,0,0.0000000000
23,55,2,0,0.0000000000
23,55,3,0,0.0000000000
23,56,1,0,0.0000000000
23,56,2,0,0.0000000000
23,56,3,0,0.0000000000
23,57,1,0,0.0000000000
23,57,2,0,0.0000000000
23,57,3,0,0.0000000000
23,58,1,0,0.0000000000
23,58,2,0,0.0000000000
23,58,3,0,0.0000000000
23,59,1,0,0.0000000000
23,59,2,0,0.0000000000
23,59,3,0,0.0000000000
23,60,1,0,0.0000000000
23,60,2,0,0.0000000000
23,60,3,0,0.0000000000
23,61,1,0,0.0000000000
23,61,2,0,0.0000000000
23,61,3,0,0.0000000000
23,62,1,0,0.0000000000
23,62,2,0,0.0000000000
23,62,3,0,0.0000000000
23,63,1,0,0.0000000000
23,63,2,0,0.0000000000
23,63,3,0,0.0000000000
23,64,1,0,0.0000000000
23,64,2,0,0.0000000000
23,64,3,0,0.0000000000
23,65,1,0,0.0000000000
23,65,2,0,0.0000000000
23,65,3,0,0.0000000000
23,66,1,0,0.0000000000
23,66,2,0,0.0000000000
23,66,3,0,0.0000000000
23,67,1,0,0.0000000000
23,67,2,0,0.0000000000
23,67,3,0,0.0000000000
23,68,1,0,0.0000000000
23,68,2,0,0.0000000000
23,68,3,0,0.0000000000
23,69,1,0,0.0000000000
23,69,2,0,0.0000000000
23,69,3,0,0.0000000000
23,70,1,0,0.0000000000
23,70,2,0,0.0000000000
23,70,3,0,0.0000000000
23,71,1,0,0.0000000000
23,71,2,0,0.0000000000
23,71,3,0,0.0000000000
23,72,1,0,0.0000000000
23,72,2,0,0.0000000000
23,72,3,0,0.0000000000
23,73,1,0,0.0000000000
23,73,2,0,0.0000000000
23,73,3,0,0.0000000000
23,74,1,0,0.0000000000
23,74,2,0,0.0000000000
23,74,3,0,0.0000000000
23,75,1,0,0.0000000000
23,75,2,0,0.0000000000
23,75,3,0,0.0000000000
23,76,1,0,0.0000000000
23,76,2,0,0.0000000000
23,76,3,0,0.0000000000
23,77,1,0,0.0000000000
23,77,2,0,0.0000000000
23,77,3,0,0.0000000000
23,78,1,0,0.0000000000
23,78,2,0,0.0000000000
23,78,3,0,0.0000000000
23,79,1,0,0.0000000000
23,79,2,0,0.0000000000
23,79,3,0,0.0000000000
23,80,1,0,0.0000000000
23,80,2,0,0.0000000000
23,80,3,0,0.0000000000
23,81,1,0,0.0000000000
23,81,2,0,0.0000000000
23,81,3,0,0.0000000000
23,82,1,0,0.0000000000
23,82,2,0,0.0000000000
23,82,3,0,0.0000000000
23,83,1,0,0.0000000000
23,83,2,0,0.0000000000
23,83,3,0,0.0000000000
23,84,1,0,0.0000000000
23,84,2,0,0.0000000000
23,84,3,0,0.0000000000
23,85,1,0,0.0000000000
23,85,2,0,0.0000000000
23,85,3,0,0.0000000000
23,86,1,0,0.0000000000
23,86,2,0,0.0000000000
23,86,3,0,0.0000000000
23,87,1,0,0.0000000000
23,87,2,0,0.0000000000
23,87,3,0,0.0000000000
23,88,1,0,0.0000000000
23,88,2,0,0.0000000000
23,88,3,0,0.0000000000
23,89,1,0,0.0000000000
23,89,2,0,0.0000000000
23,89,3,0,0.0000000000
23,90,1,0,0.0000000000
23,90,2,0,0.0000000000
23,90,3,0,0.0000000000
23,91,1,0,0.0000000000
23,91,2,0,0.0000000000
23,91,3,0,0.0000000000
23,92,1,0,0.0000000000
23,92,2,0,0.0000000000
23,92,3,0,0.0000000000
23,93,1,0,0.0000000000
23,93,2,0,0.0000000000
23,93,3,0,0.0000000000
23,94,1,0,0.0000000000
23,94,2,0,0.0000000000
23,94,3,0,0.0000000000
23,95,1,0,0.0000000000
23,95,2,0,0.0000000000
23,95,3,0,0.0000000000
23,96,1,0,0.0000000000
23,96,2,0,0.0000000000
23,96,3,0,0.0000000000
23,97,1,0,0.0000000000
23,97,2,0,0.0000000000
23,97,3,0,0.0000000000
23,98,1,0,0.0000000000
23,98,2,0,0.0000000000
23,98,3,0,0.0000000000
23,99,1,0,0.0000000000
23,99,2,0,0.0000000000
23,99,3,0,0.0000000000
23,100,1,0,0.0000000000
23,100,2,0,0.0000000000
23,100,3,0,0.0000000000
23,101,1,0,0.0000000000
23,101,2,0,0.0000000000
23,101,3,0,0.0000000000
23,102,1,0,0.0000000000
23,102,2,0,0.0000000000
23,102,3,0,0.0000000000
23,103,1,0,0.0000000000
23,103,2,0,0.0000000000
23,103,3,0,0.0000000000
23,104,1,0,0.0000000000
23,104,2,0,0.0000000000
23,104,3,0,0.0000000000
23,105,1,0,0.0000000000
23,105,2,0,0.0000000000
23,105,3,0,0.0000000000
23,106,1,0,0.0000000000
23,106,2,0,0.0000000000
23,106,3,0,0.0000000000
23,107,1,0,0.0000000000
23,107,2,0,0.0000000000
23,107,3,0,0.0000000000
23,108,1,0,0.0000000000
23,108,2,0,0.0000000000
23,108,3,0,0.0000000000
23,109,1,0,0.0000000000
23,109,2,0,0.0000000000
23,109,3,0,0.0000000000
23,110,1,0,0.0000000000
23,110,2,0,0.0000000000
23,110,3,0,0.0000000000
23,111,1,0,0.0000000000
23,111,2,0,0.0000000000
23,111,3,0,0.0000000000
23,112,1,0,0.0000000000
23,112,2,0,0.0000000000
23,112,3,0,0.0000000000
23,113,1,0,0.0000000000
23,113,2,0,0.0000000000
23,113,3,0,0.0000000000
23,114,1,0,0.0000000000
23,114,2,0,0.0000000000
23,114,3,0,0.0000000000
23,115,1,0,0.0000000000
23,115,2,0,0.0000000000
23,115,3,0,0.0000000000
23,116,1,0,0.0000000000
23,116,2,0,0.0000000000
23,116,3,0,0.0000000000
23,117,1,0,0.0000000000
23,117,2,0,0.0000000000
23,117,3,0,0.0000000000
23,118,1,0,0.0000000000
23,118,2,0,0.0000000000
23,118,3,0,0.0000000000
23,119,1,0,0.0000000000
23,119,2,0,0.0000000000
23,119,3,0,0.0000000000
23,120,1,0,0.0000000000
23,120,2,0,0.0000000000
23,120,3,0,0.0000000000
23,121,1,0,0.0000000000
23,121,2,0,0.0000000000
23,121,3,0,0.0000000000
23,122,1,0,0.0000000000
23,122,2,0,0.0000000000
23,122,3,0,0.0000000000
23,123,1,0,0.0000000000
23,123,2,0,0.0000000000
23,123,3,0,0.0000000000
23,124,1,0,0.0000000000
23,124,2,0,0.0000000000
23,124,3,0,0.0000000000
23,125,1,0,0.0000000000
23,125,2,0,0.0000000000
23,125,3,0,0.0000000000
23,126,1,0,0.0000000000
23,126,2,0,0.0000000000
23,126,3,0,0.0000000000
23,127,1,0,0.0000000000
23,127,2,0,0.0000000000
23,127,3,0,0.0000000000
23,128,1,0,0.0000000000
23,128,2,0,0.0000000000
23,128,3,0,0.0000000000
23,129,1,0,0.0000000000
23,129,2,0,0.0000000000
23,129,3,0,0.0000000000
23,130,1,0,0.0000000000
23,130,2,0,0.0000000000
23,130,3,0,0.0000000000
23,131,1,0,0.0000000000
23,131,2,0,0.0000000000
23,131,3,0,0.0000000000
23,132,1,0,0.0000000000
23,132,2,0,0.0000000000
23,132,3,0,0.0000000000
23,133,1,0,0.0000000000
23,133,2,0,0.0000000000
23,133,3,0,0.0000000000
23,134,1,0,0.0000000000
23,134,2,0,0.0000000000
23,134,3,0,0.0000000000
23,135,1,0,0.0000000000
23,135,2,0,0.0000000000
23,135,3,0,0.0000000000
23,136,1,0,0.0000000000
23,136,2,0,0.0000000000
23,136,3,0,0.0000000000
23,137,1,0,0.0000000000
23,137,2,0,0.0000000000
23,137,3,0,0.0000000000
23,138,1,0,0.0000000000
23,138,2,0,0.0000000000
23,138,3,0,0.0000000000
23,139,1,0,0.0000000000
23,139,2,0,0.0000000000
23,139,3,0,0.0000000000
23,140,1,0,0.0000000000
23,140,2,0,0.0000000000
23,140,3,0,0.0000000000
23,141,1,0,0.0000000000
23,141,2,0,0.0000000000
23,141,3,0,0.0000000000
23,142,1,0,0.0000000000
23,142,2,0,0.0000000000
23,142,3,0,0.0000000000
23,143,1,0,0.0000000000
23,143,2,0,0.0000000000
23,143,3,0,0.0000000000
23,144,1,0,0.0000000000
23,144,2,0,0.0000000000
23,144,3,0,0.0000000000
23,145,1,0,0.0000000000
23,145,2,0,0.0000000000
23,145,3,0,0.0000000000
23,146,1,0,0.0000000000
23,146,2,0,0.0000000000
23,146,3,0,0.0000000000
23,147,1,0,0.0000000000
23,147,2,0,0.0000000000
23,147,3,0,0.0000000000
23,148,1,0,0.0000000000
23,148,2,0,0.0000000000
23,148,3,0,0.0000000000
23,149,1,0,0.0000000000
23,149,2,0,0.0000000000
23,149,3,0,0.0000000000
23,150,1,0,0.0000000000
23,150,2,0,0.0000000000
23,150,3,0,0.0000000000
23,151,1,0,0.0000000000
23,151,2,0,0.0000000000
23,151,3,0,0.0000000000
23,152,1,0,0.0000000000
23,152,2,0,0.0000000000
23,152,3,0,0.0000000000
23,153,1,0,0.0000000000
23,153,2,0,0.0000000000
23,153,3,0,0.0000000000
23,154,1,0,0.0000000000
23,154,2,0,0.0000000000
23,154,3,0,0.0000000000
23,155,1,0,0.0000000000
23,155,2,0,0.0000000000
23,155,3,0,0.0000000000
23,156,1,0,0.0000000000
23,156,2,0,0.0000000000
23,156,3,0,0.0000000000
23,157,1,0,0.0000000000
23,157,2,0,0.0000000000
23,157,3,0,0.0000000000
23,158,1,0,0.0000000000
23,158,2,0,0.0000000000
23,158,3,0,0.0000000000
23,159,1,0,0.0000000000
23,159,2,0,0.0000000000
23,159,3,0,0.0000000000
23,160,1,0,0.0000000000
23,160,2,0,0.0000000000
23,160,3,0,0.0000000000
23,161,1,0,0.0000000000
23,161,2,0,0.0000000000
23,161,3,0,0.0000000000
23,162,1,0,0.0000000000
23,162,2,0,0.0000000000
23,162,3,0,0.0000000000
23,163,1,0,0.0000000000
23,163,2,0,0.0000000000
23,163,3,0,0.0000000000
23,164,1,0,0.0000000000
23,164,2,0,0.0000000000
23,164,3,0,0.0000000000
23,165,1,0,0.0000000000
23,165,2,0,0.0000000000
23,165,3,0,0.0000000000
23,166,1,0,0.0000000000
23,166,2,0,0.0000000000
23,166,3,0,0.0000000000
23,167,1,0,0.0000000000
23,167,2,0,0.0000000000
23,167,3,0,0.0000000000
23,168,1,0,0.0000000000
23,168,2,0,0.0000000000
23,168,3,0,0.0000000000
28,1,1,0,0.0000000000
28,1,2,0,0.0000000000
28,1,3,0,0.0000000000
28,2,1,0,0.0000000000
28,2,2,0,0.0000000000
28,2,3,0,0.0000000000
28,3,1,0,0.0000000000
28,3,2,0,0.0000000000
28,3,3,0,0.0000000000
28,4,1,0,0.0000000000
28,4,2,0,0.0000000000
28,4,3,0,0.0000000000
28,5,1,0,0.0000000000
28,5,2,0,0.0000000000
28,5,3,0,0.0000000000
28,6,1,0,0.0000000000
28,6,2,0,0.0000000000
28,6,3,0,0.0000000000
28,7,1,0,0.0000000000
28,7,2,0,0.0000000000
28,7,3,0,0.0000000000
28,8,1,0,0.0000000000
28,8,2,0,0.0000000000
28,8,3,0,0.0000000000
28,9,1,0,0.0000000000
28,9,2,0,0.0000000000
28,9,3,0,0.0000000000
28,10,1,0,0.0000000000
28,10,2,0,0.0000000000
28,10,3,0,0.0000000000
28,11,1,0,0.0000000000
28,11,2,0,0.0000000000
28,11,3,0,0.0000000000
28,12,1,0,0.0000000000
28,12,2,0,0.0000000000
28,12,3,0,0.0000000000
28,13,1,0,0.0000000000
28,13,2,0,0.0000000000
28,13,3,0,0.0000000000
28,14,1,0,0.0000000000
28,14,2,0,0.0000000000
28,14,3,0,0.0000000000
28,15,1,0,0.0000000000
28,15,2,0,0.0000000000
28,15,3,0,0.0000000000
28,16,1,0,0.0000000000
28,16,2,0,0.0000000000
28,16,3,0,0.0000000000
28,17,1,0,0.0000000000
28,17,2,0,0.0000000000
28,17,3,0,0.0000000000
28,18,1,0,0.0000000000
28,18,2,0,0.0000000000
28,18,3,0,0.0000000000
28,19,1,0,0.0000000000
28,19,2,0,0.0000000000
28,19,3,0,0.0000000000
28,20,1,0,0.0000000000
28,20,2,0,0.0000000000
28,20,3,0,0.0000000000
28,21,1,0,0.0000000000
28,21,2,0,0.0000000000
28,21,3,0,0.0000000000
28,22,1,0,0.0000000000
28,22,2,0,0.0000000000
28,22,3,0,0.0000000000
28,23,1,0,0.0000000000
28,23,2,0,0.0000000000
28,23,3,0,0.0000000000
28,24,1,0,0.0000000000
28,24,2,0,0.0000000000
28,24,3,0,0.0000000000
28,25,1,0,0.0000000000
28,25,2,0,0.0000000000
28,25,3,0,0.0000000000
28,26,1,0,0.0000000000
28,26,2,0,0.0000000000
28,26,3,0,0.0000000000
28,27,1,0,0.0000000000
28,27,2,0,0.0000000000
28,27,3,0,0.0000000000
28,28,1,0,0.0000000000
28,28,2,0,0.0000000000
28,28,3,0,0.0000000000
28,29,1,0,0.0000000000
28,29,2,0,0.0000000000
28,29,3,0,0.0000000000
28,30,1,0,0.0000000000
28,30,2,0,0.0000000000
28,30,3,0,0.0000000000
28,31,1,0,0.0000000000
28,31,2,0,0.0000000000
28,31,3,0,0.0000000000
28,32,1,0,0.0000000000
28,32,2,0,0.0000000000
28,32,3,0,0.0000000000
28,33,1,0,0.0000000000
28,33,2,0,0.0000000000
28,33,3,0,0.0000000000
28,34,1,0,0.0000000000
28,34,2,0,0.0000000000
28,34,3,0,0.0000000000
28,35,1,0,0.0000000000
28,35,2,0,0.0000000000
28,35,3,0,0.0000000000
28,36,1,0,0.0000000000
28,36,2,0,0.0000000000
28,36,3,0,0.0000000000
28,37,1,0,0.0000000000
28,37,2,0,0.0000000000
28,37,3,0,0.0000000000
28,38,1,0,0.0000000000
28,38,2,0,0.0000000000
28,38,3,0,0.0000000000
28,39,1,0,0.0000000000
28,39,2,0,0.0000000000
28,39,3,0,0.0000000000
28,40,1,0,0.0000000000
28,40,2,0,0.0000000000
28,40,3,0,0.0000000000
28,41,1,0,0.0000000000
28,41,2,0,0.0000000000
28,41,3,0,0.0000000000
28,42,1,0,0.0000000000
28,42,2,0,0.0000000000
28,42,3,0,0.0000000000
28,43,1,0,0.0000000000
28,43,2,0,0.0000000000
28,43,3,0,0.0000000000
28,44,1,0,0.0000000000
28,44,2,0,0.0000000000
28,44,3,0,0.0000000000
28,45,1,0,0.0000000000
28,45,2,0,0.0000000000
28,45,3,0,0.0000000000
28,46,1,0,0.0000000000
28,46,2,0,0.0000000000
28,46,3,0,0.0000000000
28,47,1,0,0.0000000000
28,47,2,0,0.0000000000
28,47,3,0,0.0000000000
28,48,1,0,0.0000000000
28,48,2,0,0.0000000000
28,48,3,0,0.0000000000
28,49,1,0,0.0000000000
28,49,2,0,0.0000000000
28,49,3,0,0.0000000000
28,50,1,0,0.0000000000
28,50,2,0,0.0000000000
28,50,3,0,0.0000000000
28,51,1,0,0.0000000000
28,51,2,0,0.0000000000
28,51,3,0,0.0000000000
28,52,1,0,0.0000000000
28,52,2,0,0.0000000000
28,52,3,0,0.0000000000
28,53,1,0,0.0000000000
28,53,2,0,0.0000000000
28,53,3,0,0.0000000000
28,54,1,0,0.0000000000
28,54,2,0,0.0000000000
28,54,3,0,0.0000000000
28,55,1,0,0.0000000000
28,55,2,0,0.0000000000
28,55,3,0,0.0000000000
28,56,1,0,0.0000000000
28,56,2,0,0.0000000000
28,56,3,0,0.0000000000
28,57,1,0,0.0000000000
28,57,2,0,0.0000000000
28,57,3,0,0.0000000000
28,58,1,0,0.0000000000
28,58,2,0,0.0000000000
28,58,3,0,0.0000000000
28,59,1,0,0.0000000000
28,59,2,0,0.0000000000
28,59,3,0,0.0000000000
28,60,1,0,0.0000000000
28,60,2,0,0.0000000000
28,60,3,0,0.0000000000
28,61,1,0,0.0000000000
28,61,2,0,0.0000000000
28,61,3,0,0.0000000000
28,62,1,0,0.0000000000
28,62,2,0,0.0000000000
28,62,3,0,0.0000000000
28,63,1,0,0.0000000000
28,63,2,0,0.0000000000
28,63,3,0,0.0000000000
28,64,1,0,0.0000000000
28,64,2,0,0.0000000000
28,64,3,0,0.0000000000
28,65,1,0,0.0000000000
28,65,2,0,0.0000000000
28,65,3,0,0.0000000000
28,66,1,0,0.0000000000
28,66,2,0,0.0000000000
28,66,3,0,0.0000000000
28,67,1,0,0.0000000000
28,67,2,0,0.0000000000
28,67,3,0,0.0000000000
28,68,1,0,0.0000000000
28,68,2,0,0.0000000000
28,68,3,0,0.0000000000
28,69,1,0,0.0000000000
28,69,2,0,0.0000000000
28,69,3,0,0.0000000000
28,70,1,0,0.0000000000
28,70,2,0,0.0000000000
28,70,3,0,0.0000000000
28,71,1,0,0.0000000000
28,71,2,0,0.0000000000
28,71,3,0,0.0000000000
28,72,1,0,0.0000000000
28,72,2,0,0.0000000000
28,72,3,0,0.0000000000
28,73,1,0,0.0000000000
28,73,2,0,0.0000000000
28,73,3,0,0.0000000000
28,74,1,0,0.0000000000
28,74,2,0,0.0000000000
28,74,3,0,0.0000000000
28,75,1,0,0.0000000000
28,75,2,0,0.0000000000
28,75,3,0,0.0000000000
28,76,1,0,0.0000000000
28,76,2,0,0.0000000000
28,76,3,0,0.0000000000
28,77,1,0,0.0000000000
28,77,2,0,0.0000000000
28,77,3,0,0.0000000000
28,78,1,0,0.0000000000
28,78,2,0,0.0000000000
28,78,3,0,0.0000000000
28,79,1,0,0.0000000000
28,79,2,0,0.0000000000
28,79,3,0,0.0000000000
28,80,1,0,0.0000000000
28,80,2,0,0.0000000000
28,80,3,0,0.0000000000
28,81,1,0,0.0000000000
28,81,2,0,0.0000000000
28,81,3,0,0.0000000000
28,82,1,0,0.0000000000
28,82,2,0,0.0000000000
28,82,3,0,0.0000000000
28,83,1,0,0.0000000000
28,83,2,0,0.0000000000
28,83,3,0,0.0000000000
28,84,1,0,0.0000000000
28,84,2,0,0.0000000000
28,84,3,0,0.0000000000
28,85,1,0,0.0000000000
28,85,2,0,0.0000000000
28,85,3,0,0.0000000000
28,86,1,0,0.0000000000
28,86,2,0,0.0000000000
28,86,3,0,0.0000000000
28,87,1,0,0.0000000000
28,87,2,0,0.0000000000
28,87,3,0,0.0000000000
28,88,1,0,0.0000000000
28,88,2,0,0.0000000000
28,88,3,0,0.0000000000
28,89,1,0,0.0000000000
28,89,2,0,0.0000000000
28,89,3,0,0.0000000000
28,90,1,0,0.0000000000
28,90,2,0,0.0000000000
28,90,3,0,0.0000000000
28,91,1,0,0.0000000000
28,91,2,0,0.0000000000
28,91,3,0,0.0000000000
28,92,1,0,0.0000000000
28,92,2,0,0.0000000000
28,92,3,0,0.0000000000
28,93,1,0,0.0000000000
28,93,2,0,0.0000000000
28,93,3,0,0.0000000000
28,94,1,0,0.0000000000
28,94,2,0,0.0000000000
28,94,3,0,0.0000000000
28,95,1,0,0.0000000000
28,95,2,0,0.0000000000
28,95,3,0,0.0000000000
28,96,1,0,0.0000000000
28,96,2,0,0.0000000000
28,96,3,0,0.0000000000
28,97,1,0,0.0000000000
28,97,2,0,0.0000000000
28,97,3,0,0.0000000000
28,98,1,0,0.0000000000
28,98,2,0,0.0000000000
28,98,3,0,0.0000000000
28,99,1,0,0.0000000000
28,99,2,0,0.0000000000
28,99,3,0,0.0000000000
28,100,1,0,0.0000000000
28,100,2,0,0.0000000000
28,100,3,0,0.0000000000
28,101,1,0,0.0000000000
28,101,2,0,0.0000000000
28,101,3,0,0.0000000000
28,102,1,0,0.0000000000
28,102,2,0,0.0000000000
28,102,3,0,0.0000000000
28,103,1,0,0.0000000000
28,103,2,0,0.0000000000
28,103,3,0,0.0000000000
28,104,1,0,0.0000000000
28,104,2,0,0.0000000000
28,104,3,0,0.0000000000
28,105,1,0,0.0000000000
28,105,2,0,0.0000000000
28,105,3,0,0.0000000000
28,106,1,0,0.0000000000
28,106,2,0,0.0000000000
28,106,3,0,0.0000000000
28,107,1,0,0.0000000000
28,107,2,0,0.0000000000
28,107,3,0,0.0000000000
28,108,1,0,0.0000000000
28,108,2,0,0.0000000000
28,108,3,0,0.0000000000
28,109,1,0,0.0000000000
28,109,2,0,0.0000000000
28,109,3,0,0.0000000000
28,110,1,0,0.0000000000
28,110,2,0,0.0000000000
28,110,3,0,0.0000000000
28,111,1,0,0.0000000000
28,111,2,0,0.0000000000
28,111,3,0,0.0000000000
28,112,1,0,0.0000000000
28,112,2,0,0.0000000000
28,112,3,0,0.0000000000
28,113,1,0,0.0000000000
28,113,2,0,0.0000000000
28,113,3,0,0.0000000000
28,114,1,0,0.0000000000
28,114,2,0,0.0000000000
28,114,3,0,0.0000000000
28,115,1,0,0.0000000000
28,115,2,0,0.0000000000
28,115,3,0,0.0000000000
28,116,1,0,0.0000000000
28,116,2,0,0.0000000000
28,116,3,0,0.0000000000
28,117,1,0,0.0000000000
28,117,2,0,0.0000000000
28,117,3,0,0.0000000000
28,118,1,0,0.0000000000
28,118,2,0,0.0000000000
28,118,3,0,0.0000000000
28,119,1,0,0.0000000000
28,119,2,0,0.0000000000
28,119,3,0,0.0000000000
28,120,1,0,0.0000000000
28,120,2,0,0.0000000000
28,120,3,0,0.0000000000
28,121,1,0,0.0000000000
28,121,2,0,0.0000000000
28,121,3,0,0.0000000000
28,122,1,0,0.0000000000
28,122,2,0,0.0000000000
28,122,3,0,0.0000000000
28,123,1,0,0.0000000000
28,123,2,0,0.0000000000
28,123,3,0,0.0000000000
28,124,1,0,0.0000000000
28,124,2,0,0.0000000000
28,124,3,0,0.0000000000
28,125,1,0,0.0000000000
28,125,2,0,0.0000000000
28,125,3,0,0.0000000000
28,126,1,0,0.0000000000
28,126,2,0,0.0000000000
28,126,3,0,0.0000000000
28,127,1,0,0.0000000000
28,127,2,0,0.0000000000
28,127,3,0,0.0000000000
28,128,1,0,0.0000000000
28,128,2,0,0.0000000000
28,128,3,0,0.0000000000
28,129,1,0,0.0000000000
28,129,2,0,0.0000000000
28,129,3,0,0.0000000000
28,130,1,0,0.0000000000
28,130,2,0,0.0000000000
28,130,3,0,0.0000000000
28,131,1,0,0.0000000000
28,131,2,0,0.0000000000
28,131,3,0,0.0000000000
28,132,1,0,0.0000000000
28,132,2,0,0.0000000000
28,132,3,0,0.0000000000
28,133,1,0,0.0000000000
28,133,2,0,0.0000000000
28,133,3,0,0.0000000000
28,134,1,0,0.0000000000
28,134,2,0,0.0000000000
28,134,3,0,0.0000000000
28,135,1,0,0.0000000000
28,135,2,0,0.0000000000
28,135,3,0,0.0000000000
28,136,1,0,0.0000000000
28,136,2,0,0.0000000000
28,136,3,0,0.0000000000
28,137,1,0,0.0000000000
28,137,2,0,0.0000000000
28,137,3,0,0.0000000000
28,138,1,0,0.0000000000
28,138,2,0,0.0000000000
28,138,3,0,0.0000000000
28,139,1,0,0.0000000000
28,139,2,0,0.0000000000
28,139,3,0,0.0000000000
28,140,1,0,0.0000000000
28,140,2,0,0.0000000000
28,140,3,0,0.0000000000
28,141,1,0,0.0000000000
28,141,2,0,0.0000000000
28,141,3,0,0.0000000000
28,142,1,0,0.0000000000
28,142,2,0,0.0000000000
28,142,3,0,0.0000000000
28,143,1,0,0.0000000000
28,143,2,0,0.0000000000
28,143,3,0,0.0000000000
28,144,1,0,0.0000000000
28,144,2,0,0.0000000000
28,144,3,0,0.0000000000
28,145,1,0,0.0000000000
28,145,2,0,0.0000000000
28,145,3,0,0.0000000000
28,146,1,0,0.0000000000
28,146,2,0,0.0000000000
28,146,3,0,0.0000000000
28,147,1,0,0.0000000000
28,147,2,0,0.0000000000
28,147,3,0,0.0000000000
28,148,1,0,0.0000000000
28,148,2,0,0.0000000000
28,148,3,0,0.0000000000
28,149,1,0,0.0000000000
28,149,2,0,0.0000000000
28,149,3,0,0.0000000000
28,150,1,0,0.0000000000
28,150,2,0,0.0000000000
28,150,3,0,0.0000000000
28,151,1,0,0.0000000000
28,151,2,0,0.0000000000
28,151,3,0,0.0000000000
28,152,1,0,0.0000000000
28,152,2,0,0.0000000000
28,152,3,0,0.0000000000
28,153,1,0,0.0000000000
28,153,2,0,0.0000000000
28,153,3,0,0.0000000000
28,154,1,0,0.0000000000
28,154,2,0,0.0000000000
28,154,3,0,0.0000000000
28,155,1,0,0.0000000000
28,155,2,0,0.0000000000
28,155,3,0,0.0000000000
28,156,1,0,0.0000000000
28,156,2,0,0.0000000000
28,156,3,0,0.0000000000
28,157,1,0,0.0000000000
28,157,2,0,0.0000000000
28,157,3,0,0.0000000000
28,158,1,0,0.0000000000
28,158,2,0,0.0000000000
28,158,3,0,0.0000000000
28,159,1,0,0.0000000000
28,159,2,0,0.0000000000
28,159,3,0,0.0000000000
28,160,1,0,0.0000000000
28,160,2,0,0.0000000000
28,160,3,0,0.0000000000
28,161,1,0,0.0000000000
28,161,2,0,0.0000000000
28,161,3,0,0.0000000000
28,162,1,0,0.0000000000
28,162,2,0,0.0000000000
28,162,3,0,0.0000000000
28,163,1,0,0.0000000000
28,163,2,0,0.0000000000
28,163,3,0,0.0000000000
28,164,1,0,0.0000000000
28,164,2,0,0.0000000000
28,164,3,0,0.0000000000
28,165,1,0,0.0000000000
28,165,2,0,0.0000000000
28,165,3,0,0.0000000000
28,166,1,0,0.0000000000
28,166,2,0,0.0000000000
28,166,3,0,0.0000000000
28,167,1,0,0.0000000000
28,167,2,0,0.0000000000
28,167,3,0,0.0000000000
28,168,1,0,0.0000000000
28,168,2,0,0.0000000000
28,168,3,0,0.0000000000
29,1,1,0,0.0000000000
29,1,2,0,0.0000000000
29,1,3,0,0.0000000000
29,2,1,0,0.0000000000
29,2,2,0,0.0000000000
29,2,3,0,0.0000000000
29,3,1,0,0.0000000000
29,3,2,0,0.0000000000
29,3,3,0,0.0000000000
29,4,1,0,0.0000000000
29,4,2,0,0.0000000000
29,4,3,0,0.0000000000
29,5,1,0,0.0000000000
29,5,2,0,0.0000000000
29,5,3,0,0.0000000000
29,6,1,0,0.0000000000
29,6,2,0,0.0000000000
29,6,3,0,0.0000000000
29,7,1,0,0.0000000000
29,7,2,0,0.0000000000
29,7,3,0,0.0000000000
29,8,1,0,0.0000000000
29,8,2,0,0.0000000000
29,8,3,0,0.0000000000
29,9,1,0,0.0000000000
29,9,2,0,0.0000000000
29,9,3,0,0.0000000000
29,10,1,0,0.0000000000
29,10,2,0,0.0000000000
29,10,3,0,0.0000000000
29,11,1,0,0.0000000000
29,11,2,0,0.0000000000
29,11,3,0,0.0000000000
29,12,1,0,0.0000000000
29,12,2,0,0.0000000000
29,12,3,0,0.0000000000
29,13,1,0,0.0000000000
29,13,2,0,0.0000000000
29,13,3,0,0.0000000000
29,14,1,0,0.0000000000
29,14,2,0,0.0000000000
29,14,3,0,0.0000000000
29,15,1,0,0.0000000000
29,15,2,0,0.0000000000
29,15,3,0,0.0000000000
29,16,1,0,0.0000000000
29,16,2,0,0.0000000000
29,16,3,0,0.0000000000
29,17,1,0,0.0000000000
29,17,2,0,0.0000000000
29,17,3,0,0.0000000000
29,18,1,0,0.0000000000
29,18,2,0,0.0000000000
29,18,3,0,0.0000000000
29,19,1,0,0.0000000000
29,19,2,0,0.0000000000
29,19,3,0,0.0000000000
29,20,1,0,0.0000000000
29,20,2,0,0.0000000000
29,20,3,0,0.0000000000
29,21,1,0,0.0000000000
29,21,2,0,0.0000000000
29,21,3,0,0.0000000000
29,22,1,0,0.0000000000
29,22,2,0,0.0000000000
29,22,3,0,0.0000000000
29,23,1,0,0.0000000000
29,23,2,0,0.0000000000
29,23,3,0,0.0000000000
29,24,1,0,0.0000000000
29,24,2,0,0.0000000000
29,24,3,0,0.0000000000
29,25,1,0,0.0000000000
29,25,2,0,0.0000000000
29,25,3,0,0.0000000000
29,26,1,0,0.0000000000
29,26,2,0,0.0000000000
29,26,3,0,0.0000000000
29,27,1,0,0.0000000000
29,27,2,0,0.0000000000
29,27,3,0,0.0000000000
29,28,1,0,0.0000000000
29,28,2,0,0.0000000000
29,28,3,0,0.0000000000
29,29,1,0,0.0000000000
29,29,2,0,0.0000000000
29,29,3,0,0.0000000000
29,30,1,0,0.0000000000
29,30,2,0,0.0000000000
29,30,3,0,0.0000000000
29,31,1,0,0.0000000000
29,31,2,0,0.0000000000
29,31,3,0,0.0000000000
29,32,1,0,0.0000000000
29,32,2,0,0.0000000000
29,32,3,0,0.0000000000
29,33,1,0,0.0000000000
29,33,2,0,0.0000000000
29,33,3,0,0.0000000000
29,34,1,0,0.0000000000
29,34,2,0,0.0000000000
29,34,3,0,0.0000000000
29,35,1,0,0.0000000000
29,35,2,0,0.0000000000
29,35,3,0,0.0000000000
29,36,1,0,0.0000000000
29,36,2,0,0.0000000000
29,36,3,0,0.0000000000
29,37,1,0,0.0000000000
29,37,2,0,0.0000000000
29,37,3,0,0.0000000000
29,38,1,0,0.0000000000
29,38,2,0,0.0000000000
29,38,3,0,0.0000000000
29,39,1,0,0.0000000000
29,39,2,0,0.0000000000
29,39,3,0,0.0000000000
29,40,1,0,0.0000000000
29,40,2,0,0.0000000000
29,40,3,0,0.0000000000
29,41,1,0,0.0000000000
29,41,2,0,0.0000000000
29,41,3,0,0.0000000000
29,42,1,0,0.0000000000
29,42,2,0,0.0000000000
29,42,3,0,0.0000000000
29,43,1,0,0.0000000000
29,43,2,0,0.0000000000
29,43,3,0,0.0000000000
29,44,1,0,0.0000000000
29,44,2,0,0.0000000000
29,44,3,0,0.0000000000
29,45,1,0,0.0000000000
29,45,2,0,0.0000000000
29,45,3,0,0.0000000000
29,46,1,0,0.0000000000
29,46,2,0,0.0000000000
29,46,3,0,0.0000000000
29,47,1,0,0.0000000000
29,47,2,0,0.0000000000
29,47,3,0,0.0000000000
29,48,1,0,0.0000000000
29,48,2,0,0.0000000000
29,48,3,0,0.0000000000
29,49,1,0,0.0000000000
29,49,2,0,0.0000000000
29,49,3,0,0.0000000000
29,50,1,0,0.0000000000
29,50,2,0,0.0000000000
29,50,3,0,0.0000000000
29,51,1,0,0.0000000000
29,51,2,0,0.0000000000
29,51,3,0,0.0000000000
29,52,1,0,0.0000000000
29,52,2,0,0.0000000000
29,52,3,0,0.0000000000
29,53,1,0,0.0000000000
29,53,2,0,0.0000000000
29,53,3,0,0.0000000000
29,54,1,0,0.0000000000
29,54,2,0,0.0000000000
29,54,3,0,0.0000000000
29,55,1,0,0.0000000000
29,55,2,0,0.0000000000
29,55,3,0,0.0000000000
29,56,1,0,0.0000000000
29,56,2,0,0.0000000000
29,56,3,0,0.0000000000
29,57,1,0,0.0000000000
29,57,2,0,0.0000000000
29,57,3,0,0.0000000000
29,58,1,0,0.0000000000
29,58,2,0,0.0000000000
29,58,3,0,0.0000000000
29,59,1,0,0.0000000000
29,59,2,0,0.0000000000
29,59,3,0,0.0000000000
29,60,1,0,0.0000000000
29,60,2,0,0.0000000000
29,60,3,0,0.0000000000
29,61,1,0,0.0000000000
29,61,2,0,0.0000000000
29,61,3,0,0.0000000000
29,62,1,0,0.0000000000
29,62,2,0,0.0000000000
29,62,3,0,0.0000000000
29,63,1,0,0.0000000000
29,63,2,0,0.0000000000
29,63,3,0,0.0000000000
29,64,1,0,0.0000000000
29,64,2,0,0.0000000000
29,64,3,0,0.0000000000
29,65,1,0,0.0000000000
29,65,2,0,0.0000000000
29,65,3,0,0.0000000000
29,66,1,0,0.0000000000
29,66,2,0,0.0000000000
29,66,3,0,0.0000000000
29,67,1,0,0.0000000000
29,67,2,0,0.0000000000
29,67,3,0,0.0000000000
29,68,1,0,0.0000000000
29,68,2,0,0.0000000000
29,68,3,0,0.0000000000
29,69,1,0,0.0000000000
29,69,2,0,0.0000000000
29,69,3,0,0.0000000000
29,70,1,0,0.0000000000
29,70,2,0,0.0000000000
29,70,3,0,0.0000000000
29,71,1,0,0.0000000000
29,71,2,0,0.0000000000
29,71,3,0,0.0000000000
29,72,1,0,0.0000000000
29,72,2,0,0.0000000000
29,72,3,0,0.0000000000
29,73,1,0,0.0000000000
29,73,2,0,0.0000000000
29,73,3,0,0.0000000000
29,74,1,0,0.0000000000
29,74,2,0,0.0000000000
29,74,3,0,0.0000000000
29,75,1,0,0.0000000000
29,75,2,0,0.0000000000
29,75,3,0,0.0000000000
29,76,1,0,0.0000000000
29,76,2,0,0.0000000000
29,76,3,0,0.0000000000
29,77,1,0,0.0000000000
29,77,2,0,0.0000000000
29,77,3,0,0.0000000000
29,78,1,0,0.0000000000
29,78,2,0,0.0000000000
29,78,3,0,0.0000000000
29,79,1,0,0.0000000000
29,79,2,0,0.0000000000
29,79,3,0,0.0000000000
29,80,1,0,0.0000000000
29,80,2,0,0.0000000000
29,80,3,0,0.0000000000
29,81,1,0,0.0000000000
29,81,2,0,0.0000000000
29,81,3,0,0.0000000000
29,82,1,0,0.0000000000
29,82,2,0,0.0000000000
29,82,3,0,0.0000000000
29,83,1,0,0.0000000000
29,83,2,0,0.0000000000
29,83,3,0,0.0000000000
29,84,1,0,0.0000000000
29,84,2,0,0.0000000000
29,84,3,0,0.0000000000
29,85,1,0,0.0000000000
29,85,2,0,0.0000000000
29,85,3,0,0.0000000000
29,86,1,0,0.0000000000
29,86,2,0,0.0000000000
29,86,3,0,0.0000000000
29,87,1,0,0.0000000000
29,87,2,0,0.0000000000
29,87,3,0,0.0000000000
29,88,1,0,0.0000000000
29,88,2,0,0.0000000000
29,88,3,0,0.0000000000
29,89,1,0,0.0000000000
29,89,2,0,0.0000000000
29,89,3,0,0.0000000000
29,90,1,0,0.0000000000
29,90,2,0,0.0000000000
29,90,3,0,0.0000000000
29,91,1,0,0.0000000000
29,91,2,0,0.0000000000
29,91,3,0,0.0000000000
29,92,1,0,0.0000000000
29,92,2,0,0.0000000000
29,92,3,0,0.0000000000
29,93,1,0,0.0000000000
29,93,2,0,0.0000000000
29,93,3,0,0.0000000000
29,94,1,0,0.0000000000
29,94,2,0,0.0000000000
29,94,3,0,0.0000000000
29,95,1,0,0.0000000000
29,95,2,0,0.0000000000
29,95,3,0,0.0000000000
29,96,1,0,0.0000000000
29,96,2,0,0.0000000000
29,96,3,0,0.0000000000
29,97,1,0,0.0000000000
29,97,2,0,0.0000000000
29,97,3,0,0.0000000000
29,98,1,0,0.0000000000
29,98,2,0,0.0000000000
29,98,3,0,0.0000000000
29,99,1,0,0.0000000000
29,99,2,0,0.0000000000
29,99,3,0,0.0000000000
29,100,1,0,0.0000000000
29,100,2,0,0.0000000000
29,100,3,0,0.0000000000
29,101,1,0,0.0000000000
29,101,2,0,0.0000000000
29,101,3,0,0.0000000000
29,102,1,0,0.0000000000
29,102,2,0,0.0000000000
29,102,3,0,0.0000000000
29,103,1,0,0.0000000000
29,103,2,0,0.0000000000
29,103,3,0,0.0000000000
29,104,1,0,0.0000000000
29,104,2,0,0.0000000000
29,104,3,0,0.0000000000
29,105,1,0,0.0000000000
29,105,2,0,0.0000000000
29,105,3,0,0.0000000000
29,106,1,0,0.0000000000
29,106,2,0,0.0000000000
29,106,3,0,0.0000000000
29,107,1,0,0.0000000000
29,107,2,0,0.0000000000
29,107,3,0,0.0000000000
29,108,1,0,0.0000000000
29,108,2,0,0.0000000000
29,108,3,0,0.0000000000
29,109,1,0,0.0000000000
29,109,2,0,0.0000000000
29,109,3,0,0.0000000000
29,110,1,0,0.0000000000
29,110,2,0,0.0000000000
29,110,3,0,0.0000000000
29,111,1,0,0.0000000000
29,111,2,0,0.0000000000
29,111,3,0,0.0000000000
29,112,1,0,0.0000000000
29,112,2,0,0.0000000000
29,112,3,0,0.0000000000
29,113,1,0,0.0000000000
29,113,2,0,0.0000000000
29,113,3,0,0.0000000000
29,114,1,0,0.0000000000
29,114,2,0,0.0000000000
29,114,3,0,0.0000000000
29,115,1,0,0.0000000000
29,115,2,0,0.0000000000
29,115,3,0,0.0000000000
29,116,1,0,0.0000000000
29,116,2,0,0.0000000000
29,116,3,0,0.0000000000
29,117,1,0,0.0000000000
29,117,2,0,0.0000000000
29,117,3,0,0.0000000000
29,118,1,0,0.0000000000
29,118,2,0,0.0000000000
29,118,3,0,0.0000000000
29,119,1,0,0.0000000000
29,119,2,0,0.0000000000
29,119,3,0,0.0000000000
29,120,1,0,0.0000000000
29,120,2,0,0.0000000000
29,120,3,0,0.0000000000
29,121,1,0,0.0000000000
29,121,2,0,0.0000000000
29,121,3,0,0.0000000000
29,122,1,0,0.0000000000
29,122,2,0,0.0000000000
29,122,3,0,0.0000000000
29,123,1,0,0.0000000000
29,123,2,0,0.0000000000
29,123,3,0,0.0000000000
29,124,1,0,0.0000000000
29,124,2,0,0.0000000000
29,124,3,0,0.0000000000
29,125,1,0,0.0000000000
29,125,2,0,0.0000000000
29,125,3,0,0.0000000000
29,126,1,0,0.0000000000
29,126,2,0,0.0000000000
29,126,3,0,0.0000000000
29,127,1,0,0.0000000000
29,127,2,0,0.0000000000
29,127,3,0,0.0000000000
29,128,1,0,0.0000000000
29,128,2,0,0.0000000000
29,128,3,0,0.0000000000
29,129,1,0,0.0000000000
29,129,2,0,0.0000000000
29,129,3,0,0.0000000000
29,130,1,0,0.0000000000
29,130,2,0,0.0000000000
29,130,3,0,0.0000000000
29,131,1,0,0.0000000000
29,131,2,0,0.0000000000
29,131,3,0,0.0000000000
29,132,1,0,0.0000000000
29,132,2,0,0.0000000000
29,132,3,0,0.0000000000
29,133,1,0,0.0000000000
29,133,2,0,0.0000000000
29,133,3,0,0.0000000000
29,134,1,0,0.0000000000
29,134,2,0,0.0000000000
29,134,3,0,0.0000000000
29,135,1,0,0.0000000000
29,135,2,0,0.0000000000
29,135,3,0,0.0000000000
29,136,1,0,0.0000000000
29,136,2,0,0.0000000000
29,136,3,0,0.0000000000
29,137,1,0,0.0000000000
29,137,2,0,0.0000000000
29,137,3,0,0.0000000000
29,138,1,0,0.0000000000
29,138,2,0,0.0000000000
29,138,3,0,0.0000000000
29,139,1,0,0.0000000000
29,139,2,0,0.0000000000
29,139,3,0,0.0000000000
29,140,1,0,0.0000000000
29,140,2,0,0.0000000000
29,140,3,0,0.0000000000
29,141,1,0,0.0000000000
29,141,2,0,0.0000000000
29,141,3,0,0.0000000000
29,142,1,0,0.0000000000
29,142,2,0,0.0000000000
29,142,3,0,0.0000000000
29,143,1,0,0.0000000000
29,143,2,0,0.0000000000
29,143,3,0,0.0000000000
29,144,1,0,0.0000000000
29,144,2,0,0.0000000000
29,144,3,0,0.0000000000
29,145,1,0,0.0000000000
29,145,2,0,0.0000000000
29,145,3,0,0.0000000000
29,146,1,0,0.0000000000
29,146,2,0,0.0000000000
29,146,3,0,0.0000000000
29,147,1,0,0.0000000000
29,147,2,0,0.0000000000
29,147,3,0,0.0000000000
29,148,1,0,0.0000000000
29,148,2,0,0.0000000000
29,148,3,0,0.0000000000
29,149,1,0,0.0000000000
29,149,2,0,0.0000000000
29,149,3,0,0.0000000000
29,150,1,0,0.0000000000
29,150,2,0,0.0000000000
29,150,3,0,0.0000000000
29,151,1,0,0.0000000000
29,151,2,0,0.0000000000
29,151,3,0,0.0000000000
29,152,1,0,0.0000000000
29,152,2,0,0.0000000000
29,152,3,0,0.0000000000
29,153,1,0,0.0000000000
29,153,2,0,0.0000000000
29,153,3,0,0.0000000000
29,154,1,0,0.0000000000
29,154,2,0,0.0000000000
29,154,3,0,0.0000000000
29,155,1,0,0.0000000000
29,155,2,0,0.0000000000
29,155,3,0,0.0000000000
29,156,1,0,0.0000000000
29,156,2,0,0.0000000000
29,156,3,0,0.0000000000
29,157,1,0,0.0000000000
29,157,2,0,0.0000000000
29,157,3,0,0.0000000000
29,158,1,0,0.0000000000
29,158,2,0,0.0000000000
29,158,3,0,0.0000000000
29,159,1,0,0.0000000000
29,159,2,0,0.0000000000
29,159,3,0,0.0000000000
29,160,1,0,0.0000000000
29,160,2,0,0.0000000000
29,160,3,0,0.0000000000
29,161,1,0,0.0000000000
29,161,2,0,0.0000000000
29,161,3,0,0.0000000000
29,162,1,0,0.0000000000
29,162,2,0,0.0000000000
29,162,3,0,0.0000000000
29,163,1,0,0.0000000000
29,163,2,0,0.0000000000
29,163,3,0,0.0000000000
29,164,1,0,0.0000000000
29,164,2,0,0.0000000000
29,164,3,0,0.0000000000
29,165,1,0,0.0000000000
29,165,2,0,0.0000000000
29,165,3,0,0.0000000000
29,166,1,0,0.0000000000
29,166,2,0,0.0000000000
29,166,3,0,0.0000000000
29,167,1,0,0.0000000000
29,167,2,0,0.0000000000
29,167,3,0,0.0000000000
29,168,1,0,0.0000000000
29,168,2,0,0.0000000000
29,168,3,0,0.0000000000
30,1,1,0,0.0000000000
30,1,2,0,0.0000000000
30,1,3,0,0.0000000000
30,2,1,0,0.0000000000
30,2,2,0,0.0000000000
30,2,3,0,0.0000000000
30,3,1,0,0.0000000000
30,3,2,0,0.0000000000
30,3,3,0,0.0000000000
30,4,1,0,0.0000000000
30,4,2,0,0.0000000000
30,4,3,0,0.0000000000
30,5,1,0,0.0000000000
30,5,2,0,0.0000000000
30,5,3,0,0.0000000000
30,6,1,0,0.0000000000
30,6,2,0,0.0000000000
30,6,3,0,0.0000000000
30,7,1,0,0.0000000000
30,7,2,0,0.0000000000
30,7,3,0,0.0000000000
30,8,1,0,0.0000000000
30,8,2,0,0.0000000000
30,8,3,0,0.0000000000
30,9,1,0,0.0000000000
30,9,2,0,0.0000000000
30,9,3,0,0.0000000000
30,10,1,0,0.0000000000
30,10,2,0,0.0000000000
30,10,3,0,0.0000000000
30,11,1,0,0.0000000000
30,11,2,0,0.0000000000
30,11,3,0,0.0000000000
30,12,1,0,0.0000000000
30,12,2,0,0.0000000000
30,12,3,0,0.0000000000
30,13,1,0,0.0000000000
30,13,2,0,0.0000000000
30,13,3,0,0.0000000000
30,14,1,0,0.0000000000
30,14,2,0,0.0000000000
30,14,3,0,0.0000000000
30,15,1,0,0.0000000000
30,15,2,0,0.0000000000
30,15,3,0,0.0000000000
30,16,1,0,0.0000000000
30,16,2,0,0.0000000000
30,16,3,0,0.0000000000
30,17,1,0,0.0000000000
30,17,2,0,0.0000000000
30,17,3,0,0.0000000000
30,18,1,0,0.0000000000
30,18,2,0,0.0000000000
30,18,3,0,0.0000000000
30,19,1,0,0.0000000000
30,19,2,0,0.0000000000
30,19,3,0,0.0000000000
30,20,1,0,0.0000000000
30,20,2,0,0.0000000000
30,20,3,0,0.0000000000
30,21,1,0,0.0000000000
30,21,2,0,0.0000000000
30,21,3,0,0.0000000000
30,22,1,0,0.0000000000
30,22,2,0,0.0000000000
30,22,3,0,0.0000000000
30,23,1,0,0.0000000000
30,23,2,0,0.0000000000
30,23,3,0,0.0000000000
30,24,1,0,0.0000000000
30,24,2,0,0.0000000000
30,24,3,0,0.0000000000
30,25,1,0,0.0000000000
30,25,2,0,0.0000000000
30,25,3,0,0.0000000000
30,26,1,0,0.0000000000
30,26,2,0,0.0000000000
30,26,3,0,0.0000000000
30,27,1,0,0.0000000000
30,27,2,0,0.0000000000
30,27,3,0,0.0000000000
30,28,1,0,0.0000000000
30,28,2,0,0.0000000000
30,28,3,0,0.0000000000
30,29,1,0,0.0000000000
30,29,2,0,0.0000000000
30,29,3,0,0.0000000000
30,30,1,0,0.0000000000
30,30,2,0,0.0000000000
30,30,3,0,0.0000000000
30,31,1,0,0.0000000000
30,31,2,0,0.0000000000
30,31,3,0,0.0000000000
30,32,1,0,0.0000000000
30,32,2,0,0.0000000000
30,32,3,0,0.0000000000
30,33,1,0,0.0000000000
30,33,2,0,0.0000000000
30,33,3,0,0.0000000000
30,34,1,0,0.0000000000
30,34,2,0,0.0000000000
30,34,3,0,0.0000000000
30,35,1,0,0.0000000000
30,35,2,0,0.0000000000
30,35,3,0,0.0000000000
30,36,1,0,0.0000000000
30,36,2,0,0.0000000000
30,36,3,0,0.0000000000
30,37,1,0,0.0000000000
30,37,2,0,0.0000000000
30,37,3,0,0.0000000000
30,38,1,0,0.0000000000
30,38,2,0,0.0000000000
30,38,3,0,0.0000000000
30,39,1,0,0.0000000000
30,39,2,0,0.0000000000
30,39,3,0,0.0000000000
30,40,1,0,0.0000000000
30,40,2,0,0.0000000000
30,40,3,0,0.0000000000
30,41,1,0,0.0000000000
30,41,2,0,0.0000000000
30,41,3,0,0.0000000000
30,42,1,0,0.0000000000
30,42,2,0,0.0000000000
30,42,3,0,0.0000000000
30,43,1,0,0.0000000000
30,43,2,0,0.0000000000
30,43,3,0,0.0000000000
30,44,1,0,0.0000000000
30,44,2,0,0.0000000000
30,44,3,0,0.0000000000
30,45,1,0,0.0000000000
30,45,2,0,0.0000000000
30,45,3,0,0.0000000000
30,46,1,0,0.0000000000
30,46,2,0,0.0000000000
30,46,3,0,0.0000000000
30,47,1,0,0.0000000000
30,47,2,0,0.0000000000
30,47,3,0,0.0000000000
30,48,1,0,0.0000000000
30,48,2,0,0.0000000000
30,48,3,0,0.0000000000
30,49,1,0,0.0000000000
30,49,2,0,0.0000000000
30,49,3,0,0.0000000000
30,50,1,0,0.0000000000
30,50,2,0,0.0000000000
30,50,3,0,0.0000000000
30,51,1,0,0.0000000000
30,51,2,0,0.0000000000
30,51,3,0,0.0000000000
30,52,1,0,0.0000000000
30,52,2,0,0.0000000000
30,52,3,0,0.0000000000
30,53,1,0,0.0000000000
30,53,2,0,0.0000000000
30,53,3,0,0.0000000000
30,54,1,0,0.0000000000
30,54,2,0,0.0000000000
30,54,3,0,0.0000000000
30,55,1,0,0.0000000000
30,55,2,0,0.0000000000
30,55,3,0,0.0000000000
30,56,1,0,0.0000000000
30,56,2,0,0.0000000000
30,56,3,0,0.0000000000
30,57,1,0,0.0000000000
30,57,2,0,0.0000000000
30,57,3,0,0.0000000000
30,58,1,0,0.0000000000
30,58,2,0,0.0000000000
30,58,3,0,0.0000000000
30,59,1,0,0.0000000000
30,59,2,0,0.0000000000
30,59,3,0,0.0000000000
30,60,1,0,0.0000000000
30,60,2,0,0.0000000000
30,60,3,0,0.0000000000
30,61,1,0,0.0000000000
30,61,2,0,0.0000000000
30,61,3,0,0.0000000000
30,62,1,0,0.0000000000
30,62,2,0,0.0000000000
30,62,3,0,0.0000000000
30,63,1,0,0.0000000000
30,63,2,0,0.0000000000
30,63,3,0,0.0000000000
30,64,1,0,0.0000000000
30,64,2,0,0.0000000000
30,64,3,0,0.0000000000
30,65,1,0,0.0000000000
30,65,2,0,0.0000000000
30,65,3,0,0.0000000000
30,66,1,0,0.0000000000
30,66,2,0,0.0000000000
30,66,3,0,0.0000000000
30,67,1,0,0.0000000000
30,67,2,0,0.0000000000
30,67,3,0,0.0000000000
30,68,1,0,0.0000000000
30,68,2,0,0.0000000000
30,68,3,0,0.0000000000
30,69,1,0,0.0000000000
30,69,2,0,0.0000000000
30,69,3,0,0.0000000000
30,70,1,0,0.0000000000
30,70,2,0,0.0000000000
30,70,3,0,0.0000000000
30,71,1,0,0.0000000000
30,71,2,0,0.0000000000
30,71,3,0,0.0000000000
30,72,1,0,0.0000000000
30,72,2,0,0.0000000000
30,72,3,0,0.0000000000
30,73,1,0,0.0000000000
30,73,2,0,0.0000000000
30,73,3,0,0.0000000000
30,74,1,0,0.0000000000
30,74,2,0,0.0000000000
30,74,3,0,0.0000000000
30,75,1,0,0.0000000000
30,75,2,0,0.0000000000
30,75,3,0,0.0000000000
30,76,1,0,0.0000000000
30,76,2,0,0.0000000000
30,76,3,0,0.0000000000
30,77,1,0,0.0000000000
30,77,2,0,0.0000000000
30,77,3,0,0.0000000000
30,78,1,0,0.0000000000
30,78,2,0,0.0000000000
30,78,3,0,0.0000000000
30,79,1,0,0.0000000000
30,79,2,0,0.0000000000
30,79,3,0,0.0000000000
30,80,1,0,0.0000000000
30,80,2,0,0.0000000000
30,80,3,0,0.0000000000
30,81,1,0,0.0000000000
30,81,2,0,0.0000000000
30,81,3,0,0.0000000000
30,82,1,0,0.0000000000
30,82,2,0,0.0000000000
30,82,3,0,0.0000000000
30,83,1,0,0.0000000000
30,83,2,0,0.0000000000
30,83,3,0,0.0000000000
30,84,1,0,0.0000000000
30,84,2,0,0.0000000000
30,84,3,0,0.0000000000
30,85,1,0,0.0000000000
30,85,2,0,0.0000000000
30,85,3,0,0.0000000000
30,86,1,0,0.0000000000
30,86,2,0,0.0000000000
30,86,3,0,0.0000000000
30,87,1,0,0.0000000000
30,87,2,0,0.0000000000
30,87,3,0,0.0000000000
30,88,1,0,0.0000000000
30,88,2,0,0.0000000000
30,88,3,0,0.0000000000
30,89,1,0,0.0000000000
30,89,2,0,0.0000000000
30,89,3,0,0.0000000000
30,90,1,0,0.0000000000
30,90,2,0,0.0000000000
30,90,3,0,0.0000000000
30,91,1,0,0.0000000000
30,91,2,0,0.0000000000
30,91,3,0,0.0000000000
30,92,1,0,0.0000000000
30,92,2,0,0.0000000000
30,92,3,0,0.0000000000
30,93,1,0,0.0000000000
30,93,2,0,0.0000000000
30,93,3,0,0.0000000000
30,94,1,0,0.0000000000
30,94,2,0,0.0000000000
30,94,3,0,0.0000000000
30,95,1,0,0.0000000000
30,95,2,0,0.0000000000
30,95,3,0,0.0000000000
30,96,1,0,0.0000000000
30,96,2,0,0.0000000000
30,96,3,0,0.0000000000
30,97,1,0,0.0000000000
30,97,2,0,0.0000000000
30,97,3,0,0.0000000000
30,98,1,0,0.0000000000
30,98,2,0,0.0000000000
30,98,3,0,0.0000000000
30,99,1,0,0.0000000000
30,99,2,0,0.0000000000
30,99,3,0,0.0000000000
30,100,1,0,0.0000000000
30,100,2,0,0.0000000000
30,100,3,0,0.0000000000
30,101,1,0,0.0000000000
30,101,2,0,0.0000000000
30,101,3,0,0.0000000000
30,102,1,0,0.0000000000
30,102,2,0,0.0000000000
30,102,3,0,0.0000000000
30,103,1,0,0.0000000000
30,103,2,0,0.0000000000
30,103,3,0,0.0000000000
30,104,1,0,0.0000000000
30,104,2,0,0.0000000000
30,104,3,0,0.0000000000
30,105,1,0,0.0000000000
30,105,2,0,0.0000000000
30,105,3,0,0.0000000000
30,106,1,0,0.0000000000
30,106,2,0,0.0000000000
30,106,3,0,0.0000000000
30,107,1,0,0.0000000000
30,107,2,0,0.0000000000
30,107,3,0,0.0000000000
30,108,1,0,0.0000000000
30,108,2,0,0.0000000000
30,108,3,0,0.0000000000
30,109,1,0,0.0000000000
30,109,2,0,0.0000000000
30,109,3,0,0.0000000000
30,110,1,0,0.0000000000
30,110,2,0,0.0000000000
30,110,3,0,0.0000000000
30,111,1,0,0.0000000000
30,111,2,0,0.0000000000
30,111,3,0,0.0000000000
30,112,1,0,0.0000000000
30,112,2,0,0.0000000000
30,112,3,0,0.0000000000
30,113,1,0,0.0000000000
30,113,2,0,0.0000000000
30,113,3,0,0.0000000000
30,114,1,0,0.0000000000
30,114,2,0,0.0000000000
30,114,3,0,0.0000000000
30,115,1,0,0.0000000000
30,115,2,0,0.0000000000
30,115,3,0,0.0000000000
30,116,1,0,0.0000000000
30,116,2,0,0.0000000000
30,116,3,0,0.0000000000
30,117,1,0,0.0000000000
30,117,2,0,0.0000000000
30,117,3,0,0.0000000000
30,118,1,0,0.0000000000
30,118,2,0,0.0000000000
30,118,3,0,0.0000000000
30,119,1,0,0.0000000000
30,119,2,0,0.0000000000
30,119,3,0,0.0000000000
30,120,1,0,0.0000000000
30,120,2,0,0.0000000000
30,120,3,0,0.0000000000
30,121,1,0,0.0000000000
30,121,2,0,0.0000000000
30,121,3,0,0.0000000000
30,122,1,0,0.0000000000
30,122,2,0,0.0000000000
30,122,3,0,0.0000000000
30,123,1,0,0.0000000000
30,123,2,0,0.0000000000
30,123,3,0,0.0000000000
30,124,1,0,0.0000000000
30,124,2,0,0.0000000000
30,124,3,0,0.0000000000
30,125,1,0,0.0000000000
30,125,2,0,0.0000000000
30,125,3,0,0.0000000000
30,126,1,0,0.0000000000
30,126,2,0,0.0000000000
30,126,3,0,0.0000000000
30,127,1,0,0.0000000000
30,127,2,0,0.0000000000
30,127,3,0,0.0000000000
30,128,1,0,0.0000000000
30,128,2,0,0.0000000000
30,128,3,0,0.0000000000
30,129,1,0,0.0000000000
30,129,2,0,0.0000000000
30,129,3,0,0.0000000000
30,130,1,0,0.0000000000
30,130,2,0,0.0000000000
30,130,3,0,0.0000000000
30,131,1,0,0.0000000000
30,131,2,0,0.0000000000
30,131,3,0,0.0000000000
30,132,1,0,0.0000000000
30,132,2,0,0.0000000000
30,132,3,0,0.0000000000
30,133,1,0,0.0000000000
30,133,2,0,0.0000000000
30,133,3,0,0.0000000000
30,134,1,0,0.0000000000
30,134,2,0,0.0000000000
30,134,3,0,0.0000000000
30,135,1,0,0.0000000000
30,135,2,0,0.0000000000
30,135,3,0,0.0000000000
30,136,1,0,0.0000000000
30,136,2,0,0.0000000000
30,136,3,0,0.0000000000
30,137,1,0,0.0000000000
30,137,2,0,0.0000000000
30,137,3,0,0.0000000000
30,138,1,0,0.0000000000
30,138,2,0,0.0000000000
30,138,3,0,0.0000000000
30,139,1,0,0.0000000000
30,139,2,0,0.0000000000
30,139,3,0,0.0000000000
30,140,1,0,0.0000000000
30,140,2,0,0.0000000000
30,140,3,0,0.0000000000
30,141,1,0,0.0000000000
30,141,2,0,0.0000000000
30,141,3,0,0.0000000000
30,142,1,0,0.0000000000
30,142,2,0,0.0000000000
30,142,3,0,0.0000000000
30,143,1,0,0.0000000000
30,143,2,0,0.0000000000
30,143,3,0,0.0000000000
30,144,1,0,0.0000000000
30,144,2,0,0.0000000000
30,144,3,0,0.0000000000
30,145,1,0,0.0000000000
30,145,2,0,0.0000000000
30,145,3,0,0.0000000000
30,146,1,0,0.0000000000
30,146,2,0,0.0000000000
30,146,3,0,0.0000000000
30,147,1,0,0.0000000000
30,147,2,0,0.0000000000
30,147,3,0,0.0000000000
30,148,1,0,0.0000000000
30,148,2,0,0.0000000000
30,148,3,0,0.0000000000
30,149,1,0,0.0000000000
30,149,2,0,0.0000000000
30,149,3,0,0.0000000000
30,150,1,0,0.0000000000
30,150,2,0,0.0000000000
30,150,3,0,0.0000000000
30,151,1,0,0.0000000000
30,151,2,0,0.0000000000
30,151,3,0,0.0000000000
30,152,1,0,0.0000000000
30,152,2,0,0.0000000000
30,152,3,0,0.0000000000
30,153,1,0,0.0000000000
30,153,2,0,0.0000000000
30,153,3,0,0.0000000000
30,154,1,0,0.0000000000
30,154,2,0,0.0000000000
30,154,3,0,0.0000000000
30,155,1,0,0.0000000000
30,155,2,0,0.0000000000
30,155,3,0,0.0000000000
30,156,1,0,0.0000000000
30,156,2,0,0.0000000000
30,156,3,0,0.0000000000
30,157,1,0,0.0000000000
30,157,2,0,0.0000000000
30,157,3,0,0.0000000000
30,158,1,0,0.0000000000
30,158,2,0,0.0000000000
30,158,3,0,0.0000000000
30,159,1,0,0.0000000000
30,159,2,0,0.0000000000
30,159,3,0,0.0000000000
30,160,1,0,0.0000000000
30,160,2,0,0.0000000000
30,160,3,0,0.0000000000
30,161,1,0,0.0000000000
30,161,2,0,0.0000000000
30,161,3,0,0.0000000000
30,162,1,0,0.0000000000
30,162,2,0,0.0000000000
30,162,3,0,0.0000000000
30,163,1,0,0.0000000000
30,163,2,0,0.0000000000
30,163,3,0,0.0000000000
30,164,1,0,0.0000000000
30,164,2,0,0.0000000000
30,164,3,0,0.0000000000
30,165,1,0,0.0000000000
30,165,2,0,0.0000000000
30,165,3,0,0.0000000000
30,166,1,0,0.0000000000
30,166,2,0,0.0000000000
30,166,3,0,0.0000000000
30,167,1,0,0.0000000000
30,167,2,0,0.0000000000
30,167,3,0,0.0000000000
30,168,1,0,0.0000000000
30,168,2,0,0.0000000000
30,168,3,0,0.0000000000
33,1,1,0,0.0000000000
33,1,2,0,0.0000000000
33,1,3,0,0.0000000000
33,2,1,0,0.0000000000
33,2,2,0,0.0000000000
33,2,3,0,0.0000000000
33,3,1,0,0.0000000000
33,3,2,0,0.0000000000
33,3,3,0,0.0000000000
33,4,1,0,0.0000000000
33,4,2,0,0.0000000000
33,4,3,0,0.0000000000
33,5,1,0,0.0000000000
33,5,2,0,0.0000000000
33,5,3,0,0.0000000000
33,6,1,0,0.0000000000
33,6,2,0,0.0000000000
33,6,3,0,0.0000000000
33,7,1,0,0.0000000000
33,7,2,0,0.0000000000
33,7,3,0,0.0000000000
33,8,1,0,0.0000000000
33,8,2,0,0.0000000000
33,8,3,0,0.0000000000
33,9,1,0,0.0000000000
33,9,2,0,0.0000000000
33,9,3,0,0.0000000000
33,10,1,0,0.0000000000
33,10,2,0,0.0000000000
33,10,3,0,0.0000000000
33,11,1,0,0.0000000000
33,11,2,0,0.0000000000
33,11,3,0,0.0000000000
33,12,1,0,0.0000000000
33,12,2,0,0.0000000000
33,12,3,0,0.0000000000
33,13,1,0,0.0000000000
33,13,2,0,0.0000000000
33,13,3,0,0.0000000000
33,14,1,0,0.0000000000
33,14,2,0,0.0000000000
33,14,3,0,0.0000000000
33,15,1,0,0.0000000000
33,15,2,0,0.0000000000
33,15,3,0,0.0000000000
33,16,1,0,0.0000000000
33,16,2,0,0.0000000000
33,16,3,0,0.0000000000
33,17,1,0,0.0000000000
33,17,2,0,0.0000000000
33,17,3,0,0.0000000000
33,18,1,0,0.0000000000
33,18,2,0,0.0000000000
33,18,3,0,0.0000000000
33,19,1,0,0.0000000000
33,19,2,0,0.0000000000
33,19,3,0,0.0000000000
33,20,1,0,0.0000000000
33,20,2,0,0.0000000000
33,20,3,0,0.0000000000
33,21,1,0,0.0000000000
33,21,2,0,0.0000000000
33,21,3,0,0.0000000000
33,22,1,0,0.0000000000
33,22,2,0,0.0000000000
33,22,3,0,0.0000000000
33,23,1,0,0.0000000000
33,23,2,0,0.0000000000
33,23,3,0,0.0000000000
33,24,1,0,0.0000000000
33,24,2,0,0.0000000000
33,24,3,0,0.0000000000
33,25,1,0,0.0000000000
33,25,2,0,0.0000000000
33,25,3,0,0.0000000000
33,26,1,0,0.0000000000
33,26,2,0,0.0000000000
33,26,3,0,0.0000000000
33,27,1,0,0.0000000000
33,27,2,0,0.0000000000
33,27,3,0,0.0000000000
33,28,1,0,0.0000000000
33,28,2,0,0.0000000000
33,28,3,0,0.0000000000
33,29,1,0,0.0000000000
33,29,2,0,0.0000000000
33,29,3,0,0.0000000000
33,30,1,0,0.0000000000
33,30,2,0,0.0000000000
33,30,3,0,0.0000000000
33,31,1,0,0.0000000000
33,31,2,0,0.0000000000
33,31,3,0,0.0000000000
33,32,1,0,0.0000000000
33,32,2,0,0.0000000000
33,32,3,0,0.0000000000
33,33,1,0,0.0000000000
33,33,2,0,0.0000000000
33,33,3,0,0.0000000000
33,34,1,0,0.0000000000
33,34,2,0,0.0000000000
33,34,3,0,0.0000000000
33,35,1,0,0.0000000000
33,35,2,0,0.0000000000
33,35,3,0,0.0000000000
33,36,1,0,0.0000000000
33,36,2,0,0.0000000000
33,36,3,0,0.0000000000
33,37,1,0,0.0000000000
33,37,2,0,0.0000000000
33,37,3,0,0.0000000000
33,38,1,0,0.0000000000
33,38,2,0,0.0000000000
33,38,3,0,0.0000000000
33,39,1,0,0.0000000000
33,39,2,0,0.0000000000
33,39,3,0,0.0000000000
33,40,1,0,0.0000000000
33,40,2,0,0.0000000000
33,40,3,0,0.0000000000
33,41,1,0,0.0000000000
33,41,2,0,0.0000000000
33,41,3,0,0.0000000000
33,42,1,0,0.0000000000
33,42,2,0,0.0000000000
33,42,3,0,0.0000000000
33,43,1,0,0.0000000000
33,43,2,0,0.0000000000
33,43,3,0,0.0000000000
33,44,1,0,0.0000000000
33,44,2,0,0.0000000000
33,44,3,0,0.0000000000
33,45,1,0,0.0000000000
33,45,2,0,0.0000000000
33,45,3,0,0.0000000000
33,46,1,0,0.0000000000
33,46,2,0,0.0000000000
33,46,3,0,0.0000000000
33,47,1,0,0.0000000000
33,47,2,0,0.0000000000
33,47,3,0,0.0000000000
33,48,1,0,0.0000000000
33,48,2,0,0.0000000000
33,48,3,0,0.0000000000
33,49,1,0,0.0000000000
33,49,2,0,0.0000000000
33,49,3,0,0.0000000000
33,50,1,0,0.0000000000
33,50,2,0,0.0000000000
33,50,3,0,0.0000000000
33,51,1,0,0.0000000000
33,51,2,0,0.0000000000
33,51,3,0,0.0000000000
33,52,1,0,0.0000000000
33,52,2,0,0.0000000000
33,52,3,0,0.0000000000
33,53,1,0,0.0000000000
33,53,2,0,0.0000000000
33,53,3,0,0.0000000000
33,54,1,0,0.0000000000
33,54,2,0,0.0000000000
33,54,3,0,0.0000000000
33,55,1,0,0.0000000000
33,55,2,0,0.0000000000
33,55,3,0,0.0000000000
33,56,1,0,0.0000000000
33,56,2,0,0.0000000000
33,56,3,0,0.0000000000
33,57,1,0,0.0000000000
33,57,2,0,0.0000000000
33,57,3,0,0.0000000000
33,58,1,0,0.0000000000
33,58,2,0,0.0000000000
33,58,3,0,0.0000000000
33,59,1,0,0.0000000000
33,59,2,0,0.0000000000
33,59,3,0,0.0000000000
33,60,1,0,0.0000000000
33,60,2,0,0.0000000000
33,60,3,0,0.0000000000
33,61,1,0,0.0000000000
33,61,2,0,0.0000000000
33,61,3,0,0.0000000000
33,62,1,0,0.0000000000
33,62,2,0,0.0000000000
33,62,3,0,0.0000000000
33,63,1,0,0.0000000000
33,63,2,0,0.0000000000
33,63,3,0,0.0000000000
33,64,1,0,0.0000000000
33,64,2,0,0.0000000000
33,64,3,0,0.0000000000
33,65,1,0,0.0000000000
33,65,2,0,0.0000000000
33,65,3,0,0.0000000000
33,66,1,0,0.0000000000
33,66,2,0,0.0000000000
33,66,3,0,0.0000000000
33,67,1,0,0.0000000000
33,67,2,0,0.0000000000
33,67,3,0,0.0000000000
33,68,1,0,0.0000000000
33,68,2,0,0.0000000000
33,68,3,0,0.0000000000
33,69,1,0,0.0000000000
33,69,2,0,0.0000000000
33,69,3,0,0.0000000000
33,70,1,0,0.0000000000
33,70,2,0,0.0000000000
33,70,3,0,0.0000000000
33,71,1,0,0.0000000000
33,71,2,0,0.0000000000
33,71,3,0,0.0000000000
33,72,1,0,0.0000000000
33,72,2,0,0.0000000000
33,72,3,0,0.0000000000
33,73,1,0,0.0000000000
33,73,2,0,0.0000000000
33,73,3,0,0.0000000000
33,74,1,0,0.0000000000
33,74,2,0,0.0000000000
33,74,3,0,0.0000000000
33,75,1,0,0.0000000000
33,75,2,0,0.0000000000
33,75,3,0,0.0000000000
33,76,1,0,0.0000000000
33,76,2,0,0.0000000000
33,76,3,0,0.0000000000
33,77,1,0,0.0000000000
33,77,2,0,0.0000000000
33,77,3,0,0.0000000000
33,78,1,0,0.0000000000
33,78,2,0,0.0000000000
33,78,3,0,0.0000000000
33,79,1,0,0.0000000000
33,79,2,0,0.0000000000
33,79,3,0,0.0000000000
33,80,1,0,0.0000000000
33,80,2,0,0.0000000000
33,80,3,0,0.0000000000
33,81,1,0,0.0000000000
33,81,2,0,0.0000000000
33,81,3,0,0.0000000000
33,82,1,0,0.0000000000
33,82,2,0,0.0000000000
33,82,3,0,0.0000000000
33,83,1,0,0.0000000000
33,83,2,0,0.0000000000
33,83,3,0,0.0000000000
33,84,1,0,0.0000000000
33,84,2,0,0.0000000000
33,84,3,0,0.0000000000
33,85,1,0,0.0000000000
33,85,2,0,0.0000000000
33,85,3,0,0.0000000000
33,86,1,0,0.0000000000
33,86,2,0,0.0000000000
33,86,3,0,0.0000000000
33,87,1,0,0.0000000000
33,87,2,0,0.0000000000
33,87,3,0,0.0000000000
33,88,1,0,0.0000000000
33,88,2,0,0.0000000000
33,88,3,0,0.0000000000
33,89,1,0,0.0000000000
33,89,2,0,0.0000000000
33,89,3,0,0.0000000000
33,90,1,0,0.0000000000
33,90,2,0,0.0000000000
33,90,3,0,0.0000000000
33,91,1,0,0.0000000000
33,91,2,0,0.0000000000
33,91,3,0,0.0000000000
33,92,1,0,0.0000000000
33,92,2,0,0.0000000000
33,92,3,0,0.0000000000
33,93,1,0,0.0000000000
33,93,2,0,0.0000000000
33,93,3,0,0.0000000000
33,94,1,0,0.0000000000
33,94,2,0,0.0000000000
33,94,3,0,0.0000000000
33,95,1,0,0.0000000000
33,95,2,0,0.0000000000
33,95,3,0,0.0000000000
33,96,1,0,0.0000000000
33,96,2,0,0.0000000000
33,96,3,0,0.0000000000
33,97,1,0,0.0000000000
33,97,2,0,0.0000000000
33,97,3,0,0.0000000000
33,98,1,0,0.0000000000
33,98,2,0,0.0000000000
33,98,3,0,0.0000000000
33,99,1,0,0.0000000000
33,99,2,0,0.0000000000
33,99,3,0,0.0000000000
33,100,1,0,0.0000000000
33,100,2,0,0.0000000000
33,100,3,0,0.0000000000
33,101,1,0,0.0000000000
33,101,2,0,0.0000000000
33,101,3,0,0.0000000000
33,102,1,0,0.0000000000
33,102,2,0,0.0000000000
33,102,3,0,0.0000000000
33,103,1,0,0.0000000000
33,103,2,0,0.0000000000
33,103,3,0,0.0000000000
33,104,1,0,0.0000000000
33,104,2,0,0.0000000000
33,104,3,0,0.0000000000
33,105,1,0,0.0000000000
33,105,2,0,0.0000000000
33,105,3,0,0.0000000000
33,106,1,0,0.0000000000
33,106,2,0,0.0000000000
33,106,3,0,0.0000000000
33,107,1,0,0.0000000000
33,107,2,0,0.0000000000
33,107,3,0,0.0000000000
33,108,1,0,0.0000000000
33,108,2,0,0.0000000000
33,108,3,0,0.0000000000
33,109,1,0,0.0000000000
33,109,2,0,0.0000000000
33,109,3,0,0.0000000000
33,110,1,0,0.0000000000
33,110,2,0,0.0000000000
33,110,3,0,0.0000000000
33,111,1,0,0.0000000000
33,111,2,0,0.0000000000
33,111,3,0,0.0000000000
33,112,1,0,0.0000000000
33,112,2,0,0.0000000000
33,112,3,0,0.0000000000
33,113,1,0,0.0000000000
33,113,2,0,0.0000000000
33,113,3,0,0.0000000000
33,114,1,0,0.0000000000
33,114,2,0,0.0000000000
33,114,3,0,0.0000000000
33,115,1,0,0.0000000000
33,115,2,0,0.0000000000
33,115,3,0,0.0000000000
33,116,1,0,0.0000000000
33,116,2,0,0.0000000000
33,116,3,0,0.0000000000
33,117,1,0,0.0000000000
33,117,2,0,0.0000000000
33,117,3,0,0.0000000000
33,118,1,0,0.0000000000
33,118,2,0,0.0000000000
33,118,3,0,0.0000000000
33,119,1,0,0.0000000000
33,119,2,0,0.0000000000
33,119,3,0,0.0000000000
33,120,1,0,0.0000000000
33,120,2,0,0.0000000000
33,120,3,0,0.0000000000
33,121,1,0,0.0000000000
33,121,2,0,0.0000000000
33,121,3,0,0.0000000000
33,122,1,0,0.0000000000
33,122,2,0,0.0000000000
33,122,3,0,0.0000000000
33,123,1,0,0.0000000000
33,123,2,0,0.0000000000
33,123,3,0,0.0000000000
33,124,1,0,0.0000000000
33,124,2,0,0.0000000000
33,124,3,0,0.0000000000
33,125,1,0,0.0000000000
33,125,2,0,0.0000000000
33,125,3,0,0.0000000000
33,126,1,0,0.0000000000
33,126,2,0,0.0000000000
33,126,3,0,0.0000000000
33,127,1,0,0.0000000000
33,127,2,0,0.0000000000
33,127,3,0,0.0000000000
33,128,1,0,0.0000000000
33,128,2,0,0.0000000000
33,128,3,0,0.0000000000
33,129,1,0,0.0000000000
33,129,2,0,0.0000000000
33,129,3,0,0.0000000000
33,130,1,0,0.0000000000
33,130,2,0,0.0000000000
33,130,3,0,0.0000000000
33,131,1,0,0.0000000000
33,131,2,0,0.0000000000
33,131,3,0,0.0000000000
33,132,1,0,0.0000000000
33,132,2,0,0.0000000000
33,132,3,0,0.0000000000
33,133,1,0,0.0000000000
33,133,2,0,0.0000000000
33,133,3,0,0.0000000000
33,134,1,0,0.0000000000
33,134,2,0,0.0000000000
33,134,3,0,0.0000000000
33,135,1,0,0.0000000000
33,135,2,0,0.0000000000
33,135,3,0,0.0000000000
33,136,1,0,0.0000000000
33,136,2,0,0.0000000000
33,136,3,0,0.0000000000
33,137,1,0,0.0000000000
33,137,2,0,0.0000000000
33,137,3,0,0.0000000000
33,138,1,0,0.0000000000
33,138,2,0,0.0000000000
33,138,3,0,0.0000000000
33,139,1,0,0.0000000000
33,139,2,0,0.0000000000
33,139,3,0,0.0000000000
33,140,1,0,0.0000000000
33,140,2,0,0.0000000000
33,140,3,0,0.0000000000
33,141,1,0,0.0000000000
33,141,2,0,0.0000000000
33,141,3,0,0.0000000000
33,142,1,0,0.0000000000
33,142,2,0,0.0000000000
33,142,3,0,0.0000000000
33,143,1,0,0.0000000000
33,143,2,0,0.0000000000
33,143,3,0,0.0000000000
33,144,1,0,0.0000000000
33,144,2,0,0.0000000000
33,144,3,0,0.0000000000
33,145,1,0,0.0000000000
33,145,2,0,0.0000000000
33,145,3,0,0.0000000000
33,146,1,0,0.0000000000
33,146,2,0,0.0000000000
33,146,3,0,0.0000000000
33,147,1,0,0.0000000000
33,147,2,0,0.0000000000
33,147,3,0,0.0000000000
33,148,1,0,0.0000000000
33,148,2,0,0.0000000000
33,148,3,0,0.0000000000
33,149,1,0,0.0000000000
33,149,2,0,0.0000000000
33,149,3,0,0.0000000000
33,150,1,0,0.0000000000
33,150,2,0,0.0000000000
33,150,3,0,0.0000000000
33,151,1,0,0.0000000000
33,151,2,0,0.0000000000
33,151,3,0,0.0000000000
33,152,1,0,0.0000000000
33,152,2,0,0.0000000000
33,152,3,0,0.0000000000
33,153,1,0,0.0000000000
33,153,2,0,0.0000000000
33,153,3,0,0.0000000000
33,154,1,0,0.0000000000
33,154,2,0,0.0000000000
33,154,3,0,0.0000000000
33,155,1,0,0.0000000000
33,155,2,0,0.0000000000
33,155,3,0,0.0000000000
33,156,1,0,0.0000000000
33,156,2,0,0.0000000000
33,156,3,0,0.0000000000
33,157,1,0,0.0000000000
33,157,2,0,0.0000000000
33,157,3,0,0.0000000000
33,158,1,0,0.0000000000
33,158,2,0,0.0000000000
33,158,3,0,0.0000000000
33,159,1,0,0.0000000000
33,159,2,0,0.0000000000
33,159,3,0,0.0000000000
33,160,1,0,0.0000000000
33,160,2,0,0.0000000000
33,160,3,0,0.0000000000
33,161,1,0,0.0000000000
33,161,2,0,0.0000000000
33,161,3,0,0.0000000000
33,162,1,0,0.0000000000
33,162,2,0,0.0000000000
33,162,3,0,0.0000000000
33,163,1,0,0.0000000000
33,163,2,0,0.0000000000
33,163,3,0,0.0000000000
33,164,1,0,0.0000000000
33,164,2,0,0.0000000000
33,164,3,0,0.0000000000
33,165,1,0,0.0000000000
33,165,2,0,0.0000000000
33,165,3,0,0.0000000000
33,166,1,0,0.0000000000
33,166,2,0,0.0000000000
33,166,3,0,0.0000000000
33,167,1,0,0.0000000000
33,167,2,0,0.0000000000
33,167,3,0,0.0000000000
33,168,1,0,0.0000000000
33,168,2,0,0.0000000000
33,168,3,0,0.0000000000
35,1,1,0,0.0000000000
35,1,2,0,0.0000000000
35,1,3,0,0.0000000000
35,2,1,0,0.0000000000
35,2,2,0,0.0000000000
35,2,3,0,0.0000000000
35,3,1,0,0.0000000000
35,3,2,0,0.0000000000
35,3,3,0,0.0000000000
35,4,1,0,0.0000000000
35,4,2,0,0.0000000000
35,4,3,0,0.0000000000
35,5,1,0,0.0000000000
35,5,2,0,0.0000000000
35,5,3,0,0.0000000000
35,6,1,0,0.0000000000
35,6,2,0,0.0000000000
35,6,3,0,0.0000000000
35,7,1,0,0.0000000000
35,7,2,0,0.0000000000
35,7,3,0,0.0000000000
35,8,1,0,0.0000000000
35,8,2,0,0.0000000000
35,8,3,0,0.0000000000
35,9,1,0,0.0000000000
35,9,2,0,0.0000000000
35,9,3,0,0.0000000000
35,10,1,0,0.0000000000
35,10,2,0,0.0000000000
35,10,3,0,0.0000000000
35,11,1,0,0.0000000000
35,11,2,0,0.0000000000
35,11,3,0,0.0000000000
35,12,1,0,0.0000000000
35,12,2,0,0.0000000000
35,12,3,0,0.0000000000
35,13,1,0,0.0000000000
35,13,2,0,0.0000000000
35,13,3,0,0.0000000000
35,14,1,0,0.0000000000
35,14,2,0,0.0000000000
35,14,3,0,0.0000000000
35,15,1,0,0.0000000000
35,15,2,0,0.0000000000
35,15,3,0,0.0000000000
35,16,1,0,0.0000000000
35,16,2,0,0.0000000000
35,16,3,0,0.0000000000
35,17,1,0,0.0000000000
35,17,2,0,0.0000000000
35,17,3,0,0.0000000000
35,18,1,0,0.0000000000
35,18,2,0,0.0000000000
35,18,3,0,0.0000000000
35,19,1,0,0.0000000000
35,19,2,0,0.0000000000
35,19,3,0,0.0000000000
35,20,1,0,0.0000000000
35,20,2,0,0.0000000000
35,20,3,0,0.0000000000
35,21,1,0,0.0000000000
35,21,2,0,0.0000000000
35,21,3,0,0.0000000000
35,22,1,0,0.0000000000
35,22,2,0,0.0000000000
35,22,3,0,0.0000000000
35,23,1,0,0.0000000000
35,23,2,0,0.0000000000
35,23,3,0,0.0000000000
35,24,1,0,0.0000000000
35,24,2,0,0.0000000000
35,24,3,0,0.0000000000
35,25,1,0,0.0000000000
35,25,2,0,0.0000000000
35,25,3,0,0.0000000000
35,26,1,0,0.0000000000
35,26,2,0,0.0000000000
35,26,3,0,0.0000000000
35,27,1,0,0.0000000000
35,27,2,0,0.0000000000
35,27,3,0,0.0000000000
35,28,1,0,0.0000000000
35,28,2,0,0.0000000000
35,28,3,0,0.0000000000
35,29,1,0,0.0000000000
35,29,2,0,0.0000000000
35,29,3,0,0.0000000000
35,30,1,0,0.0000000000
35,30,2,0,0.0000000000
35,30,3,0,0.0000000000
35,31,1,0,0.0000000000
35,31,2,0,0.0000000000
35,31,3,0,0.0000000000
35,32,1,0,0.0000000000
35,32,2,0,0.0000000000
35,32,3,0,0.0000000000
35,33,1,0,0.0000000000
35,33,2,0,0.0000000000
35,33,3,0,0.0000000000
35,34,1,0,0.0000000000
35,34,2,0,0.0000000000
35,34,3,0,0.0000000000
35,35,1,0,0.0000000000
35,35,2,0,0.0000000000
35,35,3,0,0.0000000000
35,36,1,0,0.0000000000
35,36,2,0,0.0000000000
35,36,3,0,0.0000000000
35,37,1,0,0.0000000000
35,37,2,0,0.0000000000
35,37,3,0,0.0000000000
35,38,1,0,0.0000000000
35,38,2,0,0.0000000000
35,38,3,0,0.0000000000
35,39,1,0,0.0000000000
35,39,2,0,0.0000000000
35,39,3,0,0.0000000000
35,40,1,0,0.0000000000
35,40,2,0,0.0000000000
35,40,3,0,0.0000000000
35,41,1,0,0.0000000000
35,41,2,0,0.0000000000
35,41,3,0,0.0000000000
35,42,1,0,0.0000000000
35,42,2,0,0.0000000000
35,42,3,0,0.0000000000
35,43,1,0,0.0000000000
35,43,2,0,0.0000000000
35,43,3,0,0.0000000000
35,44,1,0,0.0000000000
35,44,2,0,0.0000000000
35,44,3,0,0.0000000000
35,45,1,0,0.0000000000
35,45,2,0,0.0000000000
35,45,3,0,0.0000000000
35,46,1,0,0.0000000000
35,46,2,0,0.0000000000
35,46,3,0,0.0000000000
35,47,1,0,0.0000000000
35,47,2,0,0.0000000000
35,47,3,0,0.0000000000
35,48,1,0,0.0000000000
35,48,2,0,0.0000000000
35,48,3,0,0.0000000000
35,49,1,0,0.0000000000
35,49,2,0,0.0000000000
35,49,3,0,0.0000000000
35,50,1,0,0.0000000000
35,50,2,0,0.0000000000
35,50,3,0,0.0000000000
35,51,1,0,0.0000000000
35,51,2,0,0.0000000000
35,51,3,0,0.0000000000
35,52,1,0,0.0000000000
35,52,2,0,0.0000000000
35,52,3,0,0.0000000000
35,53,1,0,0.0000000000
35,53,2,0,0.0000000000
35,53,3,0,0.0000000000
35,54,1,0,0.0000000000
35,54,2,0,0.0000000000
35,54,3,0,0.0000000000
35,55,1,0,0.0000000000
35,55,2,0,0.0000000000
35,55,3,0,0.0000000000
35,56,1,0,0.0000000000
35,56,2,0,0.0000000000
35,56,3,0,0.0000000000
35,57,1,0,0.0000000000
35,57,2,0,0.0000000000
35,57,3,0,0.0000000000
35,58,1,0,0.0000000000
35,58,2,0,0.0000000000
35,58,3,0,0.0000000000
35,59,1,0,0.0000000000
35,59,2,0,0.0000000000
35,59,3,0,0.0000000000
35,60,1,0,0.0000000000
35,60,2,0,0.0000000000
35,60,3,0,0.0000000000
35,61,1,0,0.0000000000
35,61,2,0,0.0000000000
35,61,3,0,0.0000000000
35,62,1,0,0.0000000000
35,62,2,0,0.0000000000
35,62,3,0,0.0000000000
35,63,1,0,0.0000000000
35,63,2,0,0.0000000000
35,63,3,0,0.0000000000
35,64,1,0,0.0000000000
35,64,2,0,0.0000000000
35,64,3,0,0.0000000000
35,65,1,0,0.0000000000
35,65,2,0,0.0000000000
35,65,3,0,0.0000000000
35,66,1,0,0.0000000000
35,66,2,0,0.0000000000
35,66,3,0,0.0000000000
35,67,1,0,0.0000000000
35,67,2,0,0.0000000000
35,67,3,0,0.0000000000
35,68,1,0,0.0000000000
35,68,2,0,0.0000000000
35,68,3,0,0.0000000000
35,69,1,0,0.0000000000
35,69,2,0,0.0000000000
35,69,3,0,0.0000000000
35,70,1,0,0.0000000000
35,70,2,0,0.0000000000
35,70,3,0,0.0000000000
35,71,1,0,0.0000000000
35,71,2,0,0.0000000000
35,71,3,0,0.0000000000
35,72,1,0,0.0000000000
35,72,2,0,0.0000000000
35,72,3,0,0.0000000000
35,73,1,0,0.0000000000
35,73,2,0,0.0000000000
35,73,3,0,0.0000000000
35,74,1,0,0.0000000000
35,74,2,0,0.0000000000
35,74,3,0,0.0000000000
35,75,1,0,0.0000000000
35,75,2,0,0.0000000000
35,75,3,0,0.0000000000
35,76,1,0,0.0000000000
35,76,2,0,0.0000000000
35,76,3,0,0.0000000000
35,77,1,0,0.0000000000
35,77,2,0,0.0000000000
35,77,3,0,0.0000000000
35,78,1,0,0.0000000000
35,78,2,0,0.0000000000
35,78,3,0,0.0000000000
35,79,1,0,0.0000000000
35,79,2,0,0.0000000000
35,79,3,0,0.0000000000
35,80,1,0,0.0000000000
35,80,2,0,0.0000000000
35,80,3,0,0.0000000000
35,81,1,0,0.0000000000
35,81,2,0,0.0000000000
35,81,3,0,0.0000000000
35,82,1,0,0.0000000000
35,82,2,0,0.0000000000
35,82,3,0,0.0000000000
35,83,1,0,0.0000000000
35,83,2,0,0.0000000000
35,83,3,0,0.0000000000
35,84,1,0,0.0000000000
35,84,2,0,0.0000000000
35,84,3,0,0.0000000000
35,85,1,0,0.0000000000
35,85,2,0,0.0000000000
35,85,3,0,0.0000000000
35,86,1,0,0.0000000000
35,86,2,0,0.0000000000
35,86,3,0,0.0000000000
35,87,1,0,0.0000000000
35,87,2,0,0.0000000000
35,87,3,0,0.0000000000
35,88,1,0,0.0000000000
35,88,2,0,0.0000000000
35,88,3,0,0.0000000000
35,89,1,0,0.0000000000
35,89,2,0,0.0000000000
35,89,3,0,0.0000000000
35,90,1,0,0.0000000000
35,90,2,0,0.0000000000
35,90,3,0,0.0000000000
35,91,1,0,0.0000000000
35,91,2,0,0.0000000000
35,91,3,0,0.0000000000
35,92,1,0,0.0000000000
35,92,2,0,0.0000000000
35,92,3,0,0.0000000000
35,93,1,0,0.0000000000
35,93,2,0,0.0000000000
35,93,3,0,0.0000000000
35,94,1,0,0.0000000000
35,94,2,0,0.0000000000
35,94,3,0,0.0000000000
35,95,1,0,0.0000000000
35,95,2,0,0.0000000000
35,95,3,0,0.0000000000
35,96,1,0,0.0000000000
35,96,2,0,0.0000000000
35,96,3,0,0.0000000000
35,97,1,0,0.0000000000
35,97,2,0,0.0000000000
35,97,3,0,0.0000000000
35,98,1,0,0.0000000000
35,98,2,0,0.0000000000
35,98,3,0,0.0000000000
35,99,1,0,0.0000000000
35,99,2,0,0.0000000000
35,99,3,0,0.0000000000
35,100,1,0,0.0000000000
35,100,2,0,0.0000000000
35,100,3,0,0.0000000000
35,101,1,0,0.0000000000
35,101,2,0,0.0000000000
35,101,3,0,0.0000000000
35,102,1,0,0.0000000000
35,102,2,0,0.0000000000
35,102,3,0,0.0000000000
35,103,1,0,0.0000000000
35,103,2,0,0.0000000000
35,103,3,0,0.0000000000
35,104,1,0,0.0000000000
35,104,2,0,0.0000000000
35,104,3,0,0.0000000000
35,105,1,0,0.0000000000
35,105,2,0,0.0000000000
35,105,3,0,0.0000000000
35,106,1,0,0.0000000000
35,106,2,0,0.0000000000
35,106,3,0,0.0000000000
35,107,1,0,0.0000000000
35,107,2,0,0.0000000000
35,107,3,0,0.0000000000
35,108,1,0,0.0000000000
35,108,2,0,0.0000000000
35,108,3,0,0.0000000000
35,109,1,0,0.0000000000
35,109,2,0,0.0000000000
35,109,3,0,0.0000000000
35,110,1,0,0.0000000000
35,110,2,0,0.0000000000
35,110,3,0,0.0000000000
35,111,1,0,0.0000000000
35,111,2,0,0.0000000000
35,111,3,0,0.0000000000
35,112,1,0,0.0000000000
35,112,2,0,0.0000000000
35,112,3,0,0.0000000000
35,113,1,0,0.0000000000
35,113,2,0,0.0000000000
35,113,3,0,0.0000000000
35,114,1,0,0.0000000000
35,114,2,0,0.0000000000
35,114,3,0,0.0000000000
35,115,1,0,0.0000000000
35,115,2,0,0.0000000000
35,115,3,0,0.0000000000
35,116,1,0,0.0000000000
35,116,2,0,0.0000000000
35,116,3,0,0.0000000000
35,117,1,0,0.0000000000
35,117,2,0,0.0000000000
35,117,3,0,0.0000000000
35,118,1,0,0.0000000000
35,118,2,0,0.0000000000
35,118,3,0,0.0000000000
35,119,1,0,0.0000000000
35,119,2,0,0.0000000000
35,119,3,0,0.0000000000
35,120,1,0,0.0000000000
35,120,2,0,0.0000000000
35,120,3,0,0.0000000000
35,121,1,0,0.0000000000
35,121,2,0,0.0000000000
35,121,3,0,0.0000000000
35,122,1,0,0.0000000000
35,122,2,0,0.0000000000
35,122,3,0,0.0000000000
35,123,1,0,0.0000000000
35,123,2,0,0.0000000000
35,123,3,0,0.0000000000
35,124,1,0,0.0000000000
35,124,2,0,0.0000000000
35,124,3,0,0.0000000000
35,125,1,0,0.0000000000
35,125,2,0,0.0000000000
35,125,3,0,0.0000000000
35,126,1,0,0.0000000000
35,126,2,0,0.0000000000
35,126,3,0,0.0000000000
35,127,1,0,0.0000000000
35,127,2,0,0.0000000000
35,127,3,0,0.0000000000
35,128,1,0,0.0000000000
35,128,2,0,0.0000000000
35,128,3,0,0.0000000000
35,129,1,0,0.0000000000
35,129,2,0,0.0000000000
35,129,3,0,0.0000000000
35,130,1,0,0.0000000000
35,130,2,0,0.0000000000
35,130,3,0,0.0000000000
35,131,1,0,0.0000000000
35,131,2,0,0.0000000000
35,131,3,0,0.0000000000
35,132,1,0,0.0000000000
35,132,2,0,0.0000000000
35,132,3,0,0.0000000000
35,133,1,0,0.0000000000
35,133,2,0,0.0000000000
35,133,3,0,0.0000000000
35,134,1,0,0.0000000000
35,134,2,0,0.0000000000
35,134,3,0,0.0000000000
35,135,1,0,0.0000000000
35,135,2,0,0.0000000000
35,135,3,0,0.0000000000
35,136,1,0,0.0000000000
35,136,2,0,0.0000000000
35,136,3,0,0.0000000000
35,137,1,0,0.0000000000
35,137,2,0,0.0000000000
35,137,3,0,0.0000000000
35,138,1,0,0.0000000000
35,138,2,0,0.0000000000
35,138,3,0,0.0000000000
35,139,1,0,0.0000000000
35,139,2,0,0.0000000000
35,139,3,0,0.0000000000
35,140,1,0,0.0000000000
35,140,2,0,0.0000000000
35,140,3,0,0.0000000000
35,141,1,0,0.0000000000
35,141,2,0,0.0000000000
35,141,3,0,0.0000000000
35,142,1,0,0.0000000000
35,142,2,0,0.0000000000
35,142,3,0,0.0000000000
35,143,1,0,0.0000000000
35,143,2,0,0.0000000000
35,143,3,0,0.0000000000
35,144,1,0,0.0000000000
35,144,2,0,0.0000000000
35,144,3,0,0.0000000000
35,145,1,0,0.0000000000
35,145,2,0,0.0000000000
35,145,3,0,0.0000000000
35,146,1,0,0.0000000000
35,146,2,0,0.0000000000
35,146,3,0,0.0000000000
35,147,1,0,0.0000000000
35,147,2,0,0.0000000000
35,147,3,0,0.0000000000
35,148,1,0,0.0000000000
35,148,2,0,0.0000000000
35,148,3,0,0.0000000000
35,149,1,0,0.0000000000
35,149,2,0,0.0000000000
35,149,3,0,0.0000000000
35,150,1,0,0.0000000000
35,150,2,0,0.0000000000
35,150,3,0,0.0000000000
35,151,1,0,0.0000000000
35,151,2,0,0.0000000000
35,151,3,0,0.0000000000
35,152,1,0,0.0000000000
35,152,2,0,0.0000000000
35,152,3,0,0.0000000000
35,153,1,0,0.0000000000
35,153,2,0,0.0000000000
35,153,3,0,0.0000000000
35,154,1,0,0.0000000000
35,154,2,0,0.0000000000
35,154,3,0,0.0000000000
35,155,1,0,0.0000000000
35,155,2,0,0.0000000000
35,155,3,0,0.0000000000
35,156,1,0,0.0000000000
35,156,2,0,0.0000000000
35,156,3,0,0.0000000000
35,157,1,0,0.0000000000
35,157,2,0,0.0000000000
35,157,3,0,0.0000000000
35,158,1,0,0.0000000000
35,158,2,0,0.0000000000
35,158,3,0,0.0000000000
35,159,1,0,0.0000000000
35,159,2,0,0.0000000000
35,159,3,0,0.0000000000
35,160,1,0,0.0000000000
35,160,2,0,0.0000000000
35,160,3,0,0.0000000000
35,161,1,0,0.0000000000
35,161,2,0,0.0000000000
35,161,3,0,0.0000000000
35,162,1,0,0.0000000000
35,162,2,0,0.0000000000
35,162,3,0,0.0000000000
35,163,1,0,0.0000000000
35,163,2,0,0.0000000000
35,163,3,0,0.0000000000
35,164,1,0,0.0000000000
35,164,2,0,0.0000000000
35,164,3,0,0.0000000000
35,165,1,0,0.0000000000
35,165,2,0,0.0000000000
35,165,3,0,0.0000000000
35,166,1,0,0.0000000000
35,166,2,0,0.0000000000
35,166,3,0,0.0000000000
35,167,1,0,0.0000000000
35,167,2,0,0.0000000000
35,167,3,0,0.0000000000
35,168,1,0,0.0000000000
35,168,2,0,0.0000000000
35,168,3,0,0.0000000000
37,1,1,0,0.0000000000
37,1,2,0,0.0000000000
37,1,3,0,0.0000000000
37,2,1,0,0.0000000000
37,2,2,0,0.0000000000
37,2,3,0,0.0000000000
37,3,1,0,0.0000000000
37,3,2,0,0.0000000000
37,3,3,0,0.0000000000
37,4,1,0,0.0000000000
37,4,2,0,0.0000000000
37,4,3,0,0.0000000000
37,5,1,0,0.0000000000
37,5,2,0,0.0000000000
37,5,3,0,0.0000000000
37,6,1,0,0.0000000000
37,6,2,0,0.0000000000
37,6,3,0,0.0000000000
37,7,1,0,0.0000000000
37,7,2,0,0.0000000000
37,7,3,0,0.0000000000
37,8,1,0,0.0000000000
37,8,2,0,0.0000000000
37,8,3,0,0.0000000000
37,9,1,0,0.0000000000
37,9,2,0,0.0000000000
37,9,3,0,0.0000000000
37,10,1,0,0.0000000000
37,10,2,0,0.0000000000
37,10,3,0,0.0000000000
37,11,1,0,0.0000000000
37,11,2,0,0.0000000000
37,11,3,0,0.0000000000
37,12,1,0,0.0000000000
37,12,2,0,0.0000000000
37,12,3,0,0.0000000000
37,13,1,0,0.0000000000
37,13,2,0,0.0000000000
37,13,3,0,0.0000000000
37,14,1,0,0.0000000000
37,14,2,0,0.0000000000
37,14,3,0,0.0000000000
37,15,1,0,0.0000000000
37,15,2,0,0.0000000000
37,15,3,0,0.0000000000
37,16,1,0,0.0000000000
37,16,2,0,0.0000000000
37,16,3,0,0.0000000000
37,17,1,0,0.0000000000
37,17,2,0,0.0000000000
37,17,3,0,0.0000000000
37,18,1,0,0.0000000000
37,18,2,0,0.0000000000
37,18,3,0,0.0000000000
37,19,1,0,0.0000000000
37,19,2,0,0.0000000000
37,19,3,0,0.0000000000
37,20,1,0,0.0000000000
37,20,2,0,0.0000000000
37,20,3,0,0.0000000000
37,21,1,0,0.0000000000
37,21,2,0,0.0000000000
37,21,3,0,0.0000000000
37,22,1,0,0.0000000000
37,22,2,0,0.0000000000
37,22,3,0,0.0000000000
37,23,1,0,0.0000000000
37,23,2,0,0.0000000000
37,23,3,0,0.0000000000
37,24,1,0,0.0000000000
37,24,2,0,0.0000000000
37,24,3,0,0.0000000000
37,25,1,0,0.0000000000
37,25,2,0,0.0000000000
37,25,3,0,0.0000000000
37,26,1,0,0.0000000000
37,26,2,0,0.0000000000
37,26,3,0,0.0000000000
37,27,1,0,0.0000000000
37,27,2,0,0.0000000000
37,27,3,0,0.0000000000
37,28,1,0,0.0000000000
37,28,2,0,0.0000000000
37,28,3,0,0.0000000000
37,29,1,0,0.0000000000
37,29,2,0,0.0000000000
37,29,3,0,0.0000000000
37,30,1,0,0.0000000000
37,30,2,0,0.0000000000
37,30,3,0,0.0000000000
37,31,1,0,0.0000000000
37,31,2,0,0.0000000000
37,31,3,0,0.0000000000
37,32,1,0,0.0000000000
37,32,2,0,0.0000000000
37,32,3,0,0.0000000000
37,33,1,0,0.0000000000
37,33,2,0,0.0000000000
37,33,3,0,0.0000000000
37,34,1,0,0.0000000000
37,34,2,0,0.0000000000
37,34,3,0,0.0000000000
37,35,1,0,0.0000000000
37,35,2,0,0.0000000000
37,35,3,0,0.0000000000
37,36,1,0,0.0000000000
37,36,2,0,0.0000000000
37,36,3,0,0.0000000000
37,37,1,0,0.0000000000
37,37,2,0,0.0000000000
37,37,3,0,0.0000000000
37,38,1,0,0.0000000000
37,38,2,0,0.0000000000
37,38,3,0,0.0000000000
37,39,1,0,0.0000000000
37,39,2,0,0.0000000000
37,39,3,0,0.0000000000
37,40,1,0,0.0000000000
37,40,2,0,0.0000000000
37,40,3,0,0.0000000000
37,41,1,0,0.0000000000
37,41,2,0,0.0000000000
37,41,3,0,0.0000000000
37,42,1,0,0.0000000000
37,42,2,0,0.0000000000
37,42,3,0,0.0000000000
37,43,1,0,0.0000000000
37,43,2,0,0.0000000000
37,43,3,0,0.0000000000
37,44,1,0,0.0000000000
37,44,2,0,0.0000000000
37,44,3,0,0.0000000000
37,45,1,0,0.0000000000
37,45,2,0,0.0000000000
37,45,3,0,0.0000000000
37,46,1,0,0.0000000000
37,46,2,0,0.0000000000
37,46,3,0,0.0000000000
37,47,1,0,0.0000000000
37,47,2,0,0.0000000000
37,47,3,0,0.0000000000
37,48,1,0,0.0000000000
37,48,2,0,0.0000000000
37,48,3,0,0.0000000000
37,49,1,0,0.0000000000
37,49,2,0,0.0000000000
37,49,3,0,0.0000000000
37,50,1,0,0.0000000000
37,50,2,0,0.0000000000
37,50,3,0,0.0000000000
37,51,1,0,0.0000000000
37,51,2,0,0.0000000000
37,51,3,0,0.0000000000
37,52,1,0,0.0000000000
37,52,2,0,0.0000000000
37,52,3,0,0.0000000000
37,53,1,0,0.0000000000
37,53,2,0,0.0000000000
37,53,3,0,0.0000000000
37,54,1,0,0.0000000000
37,54,2,0,0.0000000000
37,54,3,0,0.0000000000
37,55,1,0,0.0000000000
37,55,2,0,0.0000000000
37,55,3,0,0.0000000000
37,56,1,0,0.0000000000
37,56,2,0,0.0000000000
37,56,3,0,0.0000000000
37,57,1,0,0.0000000000
37,57,2,0,0.0000000000
37,57,3,0,0.0000000000
37,58,1,0,0.0000000000
37,58,2,0,0.0000000000
37,58,3,0,0.0000000000
37,59,1,0,0.0000000000
37,59,2,0,0.0000000000
37,59,3,0,0.0000000000
37,60,1,0,0.0000000000
37,60,2,0,0.0000000000
37,60,3,0,0.0000000000
37,61,1,0,0.0000000000
37,61,2,0,0.0000000000
37,61,3,0,0.0000000000
37,62,1,0,0.0000000000
37,62,2,0,0.0000000000
37,62,3,0,0.0000000000
37,63,1,0,0.0000000000
37,63,2,0,0.0000000000
37,63,3,0,0.0000000000
37,64,1,0,0.0000000000
37,64,2,0,0.0000000000
37,64,3,0,0.0000000000
37,65,1,0,0.0000000000
37,65,2,0,0.0000000000
37,65,3,0,0.0000000000
37,66,1,0,0.0000000000
37,66,2,0,0.0000000000
37,66,3,0,0.0000000000
37,67,1,0,0.0000000000
37,67,2,0,0.0000000000
37,67,3,0,0.0000000000
37,68,1,0,0.0000000000
37,68,2,0,0.0000000000
37,68,3,0,0.0000000000
37,69,1,0,0.0000000000
37,69,2,0,0.0000000000
37,69,3,0,0.0000000000
37,70,1,0,0.0000000000
37,70,2,0,0.0000000000
37,70,3,0,0.0000000000
37,71,1,0,0.0000000000
37,71,2,0,0.0000000000
37,71,3,0,0.0000000000
37,72,1,0,0.0000000000
37,72,2,0,0.0000000000
37,72,3,0,0.0000000000
37,73,1,0,0.0000000000
37,73,2,0,0.0000000000
37,73,3,0,0.0000000000
37,74,1,0,0.0000000000
37,74,2,0,0.0000000000
37,74,3,0,0.0000000000
37,75,1,0,0.0000000000
37,75,2,0,0.0000000000
37,75,3,0,0.0000000000
37,76,1,0,0.0000000000
37,76,2,0,0.0000000000
37,76,3,0,0.0000000000
37,77,1,0,0.0000000000
37,77,2,0,0.0000000000
37,77,3,0,0.0000000000
37,78,1,0,0.0000000000
37,78,2,0,0.0000000000
37,78,3,0,0.0000000000
37,79,1,0,0.0000000000
37,79,2,0,0.0000000000
37,79,3,0,0.0000000000
37,80,1,0,0.0000000000
37,80,2,0,0.0000000000
37,80,3,0,0.0000000000
37,81,1,0,0.0000000000
37,81,2,0,0.0000000000
37,81,3,0,0.0000000000
37,82,1,0,0.0000000000
37,82,2,0,0.0000000000
37,82,3,0,0.0000000000
37,83,1,0,0.0000000000
37,83,2,0,0.0000000000
37,83,3,0,0.0000000000
37,84,1,0,0.0000000000
37,84,2,0,0.0000000000
37,84,3,0,0.0000000000
37,85,1,0,0.0000000000
37,85,2,0,0.0000000000
37,85,3,0,0.0000000000
37,86,1,0,0.0000000000
37,86,2,0,0.0000000000
37,86,3,0,0.0000000000
37,87,1,0,0.0000000000
37,87,2,0,0.0000000000
37,87,3,0,0.0000000000
37,88,1,0,0.0000000000
37,88,2,0,0.0000000000
37,88,3,0,0.0000000000
37,89,1,0,0.0000000000
37,89,2,0,0.0000000000
37,89,3,0,0.0000000000
37,90,1,0,0.0000000000
37,90,2,0,0.0000000000
37,90,3,0,0.0000000000
37,91,1,0,0.0000000000
37,91,2,0,0.0000000000
37,91,3,0,0.0000000000
37,92,1,0,0.0000000000
37,92,2,0,0.0000000000
37,92,3,0,0.0000000000
37,93,1,0,0.0000000000
37,93,2,0,0.0000000000
37,93,3,0,0.0000000000
37,94,1,0,0.0000000000
37,94,2,0,0.0000000000
37,94,3,0,0.0000000000
37,95,1,0,0.0000000000
37,95,2,0,0.0000000000
37,95,3,0,0.0000000000
37,96,1,0,0.0000000000
37,96,2,0,0.0000000000
37,96,3,0,0.0000000000
37,97,1,0,0.0000000000
37,97,2,0,0.0000000000
37,97,3,0,0.0000000000
37,98,1,0,0.0000000000
37,98,2,0,0.0000000000
37,98,3,0,0.0000000000
37,99,1,0,0.0000000000
37,99,2,0,0.0000000000
37,99,3,0,0.0000000000
37,100,1,0,0.0000000000
37,100,2,0,0.0000000000
37,100,3,0,0.0000000000
37,101,1,0,0.0000000000
37,101,2,0,0.0000000000
37,101,3,0,0.0000000000
37,102,1,0,0.0000000000
37,102,2,0,0.0000000000
37,102,3,0,0.0000000000
37,103,1,0,0.0000000000
37,103,2,0,0.0000000000
37,103,3,0,0.0000000000
37,104,1,0,0.0000000000
37,104,2,0,0.0000000000
37,104,3,0,0.0000000000
37,105,1,0,0.0000000000
37,105,2,0,0.0000000000
37,105,3,0,0.0000000000
37,106,1,0,0.0000000000
37,106,2,0,0.0000000000
37,106,3,0,0.0000000000
37,107,1,0,0.0000000000
37,107,2,0,0.0000000000
37,107,3,0,0.0000000000
37,108,1,0,0.0000000000
37,108,2,0,0.0000000000
37,108,3,0,0.0000000000
37,109,1,0,0.0000000000
37,109,2,0,0.0000000000
37,109,3,0,0.0000000000
37,110,1,0,0.0000000000
37,110,2,0,0.0000000000
37,110,3,0,0.0000000000
37,111,1,0,0.0000000000
37,111,2,0,0.0000000000
37,111,3,0,0.0000000000
37,112,1,0,0.0000000000
37,112,2,0,0.0000000000
37,112,3,0,0.0000000000
37,113,1,0,0.0000000000
37,113,2,0,0.0000000000
37,113,3,0,0.0000000000
37,114,1,0,0.0000000000
37,114,2,0,0.0000000000
37,114,3,0,0.0000000000
37,115,1,0,0.0000000000
37,115,2,0,0.0000000000
37,115,3,0,0.0000000000
37,116,1,0,0.0000000000
37,116,2,0,0.0000000000
37,116,3,0,0.0000000000
37,117,1,0,0.0000000000
37,117,2,0,0.0000000000
37,117,3,0,0.0000000000
37,118,1,0,0.0000000000
37,118,2,0,0.0000000000
37,118,3,0,0.0000000000
37,119,1,0,0.0000000000
37,119,2,0,0.0000000000
37,119,3,0,0.0000000000
37,120,1,0,0.0000000000
37,120,2,0,0.0000000000
37,120,3,0,0.0000000000
37,121,1,0,0.0000000000
37,121,2,0,0.0000000000
37,121,3,0,0.0000000000
37,122,1,0,0.0000000000
37,122,2,0,0.0000000000
37,122,3,0,0.0000000000
37,123,1,0,0.0000000000
37,123,2,0,0.0000000000
37,123,3,0,0.0000000000
37,124,1,0,0.0000000000
37,124,2,0,0.0000000000
37,124,3,0,0.0000000000
37,125,1,0,0.0000000000
37,125,2,0,0.0000000000
37,125,3,0,0.0000000000
37,126,1,0,0.0000000000
37,126,2,0,0.0000000000
37,126,3,0,0.0000000000
37,127,1,0,0.0000000000
37,127,2,0,0.0000000000
37,127,3,0,0.0000000000
37,128,1,0,0.0000000000
37,128,2,0,0.0000000000
37,128,3,0,0.0000000000
37,129,1,0,0.0000000000
37,129,2,0,0.0000000000
37,129,3,0,0.0000000000
37,130,1,0,0.0000000000
37,130,2,0,0.0000000000
37,130,3,0,0.0000000000
37,131,1,0,0.0000000000
37,131,2,0,0.0000000000
37,131,3,0,0.0000000000
37,132,1,0,0.0000000000
37,132,2,0,0.0000000000
37,132,3,0,0.0000000000
37,133,1,0,0.0000000000
37,133,2,0,0.0000000000
37,133,3,0,0.0000000000
37,134,1,0,0.0000000000
37,134,2,0,0.0000000000
37,134,3,0,0.0000000000
37,135,1,0,0.0000000000
37,135,2,0,0.0000000000
37,135,3,0,0.0000000000
37,136,1,0,0.0000000000
37,136,2,0,0.0000000000
37,136,3,0,0.0000000000
37,137,1,0,0.0000000000
37,137,2,0,0.0000000000
37,137,3,0,0.0000000000
37,138,1,0,0.0000000000
37,138,2,0,0.0000000000
37,138,3,0,0.0000000000
37,139,1,0,0.0000000000
37,139,2,0,0.0000000000
37,139,3,0,0.0000000000
37,140,1,0,0.0000000000
37,140,2,0,0.0000000000
37,140,3,0,0.0000000000
37,141,1,0,0.0000000000
37,141,2,0,0.0000000000
37,141,3,0,0.0000000000
37,142,1,0,0.0000000000
37,142,2,0,0.0000000000
37,142,3,0,0.0000000000
37,143,1,0,0.0000000000
37,143,2,0,0.0000000000
37,143,3,0,0.0000000000
37,144,1,0,0.0000000000
37,144,2,0,0.0000000000
37,144,3,0,0.0000000000
37,145,1,0,0.0000000000
37,145,2,0,0.0000000000
37,145,3,0,0.0000000000
37,146,1,0,0.0000000000
37,146,2,0,0.0000000000
37,146,3,0,0.0000000000
37,147,1,0,0.0000000000
37,147,2,0,0.0000000000
37,147,3,0,0.0000000000
37,148,1,0,0.0000000000
37,148,2,0,0.0000000000
37,148,3,0,0.0000000000
37,149,1,0,0.0000000000
37,149,2,0,0.0000000000
37,149,3,0,0.0000000000
37,150,1,0,0.0000000000
37,150,2,0,0.0000000000
37,150,3,0,0.0000000000
37,151,1,0,0.0000000000
37,151,2,0,0.0000000000
37,151,3,0,0.0000000000
37,152,1,0,0.0000000000
37,152,2,0,0.0000000000
37,152,3,0,0.0000000000
37,153,1,0,0.0000000000
37,153,2,0,0.0000000000
37,153,3,0,0.0000000000
37,154,1,0,0.0000000000
37,154,2,0,0.0000000000
37,154,3,0,0.0000000000
37,155,1,0,0.0000000000
37,155,2,0,0.0000000000
37,155,3,0,0.0000000000
37,156,1,0,0.0000000000
37,156,2,0,0.0000000000
37,156,3,0,0.0000000000
37,157,1,0,0.0000000000
37,157,2,0,0.0000000000
37,157,3,0,0.0000000000
37,158,1,0,0.0000000000
37,158,2,0,0.0000000000
37,158,3,0,0.0000000000
37,159,1,0,0.0000000000
37,159,2,0,0.0000000000
37,159,3,0,0.0000000000
37,160,1,0,0.0000000000
37,160,2,0,0.0000000000
37,160,3,0,0.0000000000
37,161,1,0,0.0000000000
37,161,2,0,0.0000000000
37,161,3,0,0.0000000000
37,162,1,0,0.0000000000
37,162,2,0,0.0000000000
37,162,3,0,0.0000000000
37,163,1,0,0.0000000000
37,163,2,0,0.0000000000
37,163,3,0,0.0000000000
37,164,1,0,0.0000000000
37,164,2,0,0.0000000000
37,164,3,0,0.0000000000
37,165,1,0,0.0000000000
37,165,2,0,0.0000000000
37,165,3,0,0.0000000000
37,166,1,0,0.0000000000
37,166,2,0,0.0000000000
37,166,3,0,0.0000000000
37,167,1,0,0.0000000000
37,167,2,0,0.0000000000
37,167,3,0,0.0000000000
37,168,1,0,0.0000000000
37,168,2,0,0.0000000000
37,168,3,0,0.0000000000
38,1,1,0,0.0000000000
38,1,2,0,0.0000000000
38,1,3,0,0.0000000000
38,2,1,0,0.0000000000
38,2,2,0,0.0000000000
38,2,3,0,0.0000000000
38,3,1,0,0.0000000000
38,3,2,0,0.0000000000
38,3,3,0,0.0000000000
38,4,1,0,0.0000000000
38,4,2,0,0.0000000000
38,4,3,0,0.0000000000
38,5,1,0,0.0000000000
38,5,2,0,0.0000000000
38,5,3,0,0.0000000000
38,6,1,0,0.0000000000
38,6,2,0,0.0000000000
38,6,3,0,0.0000000000
38,7,1,0,0.0000000000
38,7,2,0,0.0000000000
38,7,3,0,0.0000000000
38,8,1,0,0.0000000000
38,8,2,0,0.0000000000
38,8,3,0,0.0000000000
38,9,1,0,0.0000000000
38,9,2,0,0.0000000000
38,9,3,0,0.0000000000
38,10,1,0,0.0000000000
38,10,2,0,0.0000000000
38,10,3,0,0.0000000000
38,11,1,0,0.0000000000
38,11,2,0,0.0000000000
38,11,3,0,0.0000000000
38,12,1,0,0.0000000000
38,12,2,0,0.0000000000
38,12,3,0,0.0000000000
38,13,1,0,0.0000000000
38,13,2,0,0.0000000000
38,13,3,0,0.0000000000
38,14,1,0,0.0000000000
38,14,2,0,0.0000000000
38,14,3,0,0.0000000000
38,15,1,0,0.0000000000
38,15,2,0,0.0000000000
38,15,3,0,0.0000000000
38,16,1,0,0.0000000000
38,16,2,0,0.0000000000
38,16,3,0,0.0000000000
38,17,1,0,0.0000000000
38,17,2,0,0.0000000000
38,17,3,0,0.0000000000
38,18,1,0,0.0000000000
38,18,2,0,0.0000000000
38,18,3,0,0.0000000000
38,19,1,0,0.0000000000
38,19,2,0,0.0000000000
38,19,3,0,0.0000000000
38,20,1,0,0.0000000000
38,20,2,0,0.0000000000
38,20,3,0,0.0000000000
38,21,1,0,0.0000000000
38,21,2,0,0.0000000000
38,21,3,0,0.0000000000
38,22,1,0,0.0000000000
38,22,2,0,0.0000000000
38,22,3,0,0.0000000000
38,23,1,0,0.0000000000
38,23,2,0,0.0000000000
38,23,3,0,0.0000000000
38,24,1,0,0.0000000000
38,24,2,0,0.0000000000
38,24,3,0,0.0000000000
38,25,1,0,0.0000000000
38,25,2,0,0.0000000000
38,25,3,0,0.0000000000
38,26,1,0,0.0000000000
38,26,2,0,0.0000000000
38,26,3,0,0.0000000000
38,27,1,0,0.0000000000
38,27,2,0,0.0000000000
38,27,3,0,0.0000000000
38,28,1,0,0.0000000000
38,28,2,0,0.0000000000
38,28,3,0,0.0000000000
38,29,1,0,0.0000000000
38,29,2,0,0.0000000000
38,29,3,0,0.0000000000
38,30,1,0,0.0000000000
38,30,2,0,0.0000000000
38,30,3,0,0.0000000000
38,31,1,0,0.0000000000
38,31,2,0,0.0000000000
38,31,3,0,0.0000000000
38,32,1,0,0.0000000000
38,32,2,0,0.0000000000
38,32,3,0,0.0000000000
38,33,1,0,0.0000000000
38,33,2,0,0.0000000000
38,33,3,0,0.0000000000
38,34,1,0,0.0000000000
38,34,2,0,0.0000000000
38,34,3,0,0.0000000000
38,35,1,0,0.0000000000
38,35,2,0,0.0000000000
38,35,3,0,0.0000000000
38,36,1,0,0.0000000000
38,36,2,0,0.0000000000
38,36,3,0,0.0000000000
38,37,1,0,0.0000000000
38,37,2,0,0.0000000000
38,37,3,0,0.0000000000
38,38,1,0,0.0000000000
38,38,2,0,0.0000000000
38,38,3,0,0.0000000000
38,39,1,0,0.0000000000
38,39,2,0,0.0000000000
38,39,3,0,0.0000000000
38,40,1,0,0.0000000000
38,40,2,0,0.0000000000
38,40,3,0,0.0000000000
38,41,1,0,0.0000000000
38,41,2,0,0.0000000000
38,41,3,0,0.0000000000
38,42,1,0,0.0000000000
38,42,2,0,0.0000000000
38,42,3,0,0.0000000000
38,43,1,0,0.0000000000
38,43,2,0,0.0000000000
38,43,3,0,0.0000000000
38,44,1,0,0.0000000000
38,44,2,0,0.0000000000
38,44,3,0,0.0000000000
38,45,1,0,0.0000000000
38,45,2,0,0.0000000000
38,45,3,0,0.0000000000
38,46,1,0,0.0000000000
38,46,2,0,0.0000000000
38,46,3,0,0.0000000000
38,47,1,0,0.0000000000
38,47,2,0,0.0000000000
38,47,3,0,0.0000000000
38,48,1,0,0.0000000000
38,48,2,0,0.0000000000
38,48,3,0,0.0000000000
38,49,1,0,0.0000000000
38,49,2,0,0.0000000000
38,49,3,0,0.0000000000
38,50,1,0,0.0000000000
38,50,2,0,0.0000000000
38,50,3,0,0.0000000000
38,51,1,0,0.0000000000
38,51,2,0,0.0000000000
38,51,3,0,0.0000000000
38,52,1,0,0.0000000000
38,52,2,0,0.0000000000
38,52,3,0,0.0000000000
38,53,1,0,0.0000000000
38,53,2,0,0.0000000000
38,53,3,0,0.0000000000
38,54,1,0,0.0000000000
38,54,2,0,0.0000000000
38,54,3,0,0.0000000000
38,55,1,0,0.0000000000
38,55,2,0,0.0000000000
38,55,3,0,0.0000000000
38,56,1,0,0.0000000000
38,56,2,0,0.0000000000
38,56,3,0,0.0000000000
38,57,1,0,0.0000000000
38,57,2,0,0.0000000000
38,57,3,0,0.0000000000
38,58,1,0,0.0000000000
38,58,2,0,0.0000000000
38,58,3,0,0.0000000000
38,59,1,0,0.0000000000
38,59,2,0,0.0000000000
38,59,3,0,0.0000000000
38,60,1,0,0.0000000000
38,60,2,0,0.0000000000
38,60,3,0,0.0000000000
38,61,1,0,0.0000000000
38,61,2,0,0.0000000000
38,61,3,0,0.0000000000
38,62,1,0,0.0000000000
38,62,2,0,0.0000000000
38,62,3,0,0.0000000000
38,63,1,0,0.0000000000
38,63,2,0,0.0000000000
38,63,3,0,0.0000000000
38,64,1,0,0.0000000000
38,64,2,0,0.0000000000
38,64,3,0,0.0000000000
38,65,1,0,0.0000000000
38,65,2,0,0.0000000000
38,65,3,0,0.0000000000
38,66,1,0,0.0000000000
38,66,2,0,0.0000000000
38,66,3,0,0.0000000000
38,67,1,0,0.0000000000
38,67,2,0,0.0000000000
38,67,3,0,0.0000000000
38,68,1,0,0.0000000000
38,68,2,0,0.0000000000
38,68,3,0,0.0000000000
38,69,1,0,0.0000000000
38,69,2,0,0.0000000000
38,69,3,0,0.0000000000
38,70,1,0,0.0000000000
38,70,2,0,0.0000000000
38,70,3,0,0.0000000000
38,71,1,0,0.0000000000
38,71,2,0,0.0000000000
38,71,3,0,0.0000000000
38,72,1,0,0.0000000000
38,72,2,0,0.0000000000
38,72,3,0,0.0000000000
38,73,1,0,0.0000000000
38,73,2,0,0.0000000000
38,73,3,0,0.0000000000
38,74,1,0,0.0000000000
38,74,2,0,0.0000000000
38,74,3,0,0.0000000000
38,75,1,0,0.0000000000
38,75,2,0,0.0000000000
38,75,3,0,0.0000000000
38,76,1,0,0.0000000000
38,76,2,0,0.0000000000
38,76,3,0,0.0000000000
38,77,1,0,0.0000000000
38,77,2,0,0.0000000000
38,77,3,0,0.0000000000
38,78,1,0,0.0000000000
38,78,2,0,0.0000000000
38,78,3,0,0.0000000000
38,79,1,0,0.0000000000
38,79,2,0,0.0000000000
38,79,3,0,0.0000000000
38,80,1,0,0.0000000000
38,80,2,0,0.0000000000
38,80,3,0,0.0000000000
38,81,1,0,0.0000000000
38,81,2,0,0.0000000000
38,81,3,0,0.0000000000
38,82,1,0,0.0000000000
38,82,2,0,0.0000000000
38,82,3,0,0.0000000000
38,83,1,0,0.0000000000
38,83,2,0,0.0000000000
38,83,3,0,0.0000000000
38,84,1,0,0.0000000000
38,84,2,0,0.0000000000
38,84,3,0,0.0000000000
38,85,1,0,0.0000000000
38,85,2,0,0.0000000000
38,85,3,0,0.0000000000
38,86,1,0,0.0000000000
38,86,2,0,0.0000000000
38,86,3,0,0.0000000000
38,87,1,0,0.0000000000
38,87,2,0,0.0000000000
38,87,3,0,0.0000000000
38,88,1,0,0.0000000000
38,88,2,0,0.0000000000
38,88,3,0,0.0000000000
38,89,1,0,0.0000000000
38,89,2,0,0.0000000000
38,89,3,0,0.0000000000
38,90,1,0,0.0000000000
38,90,2,0,0.0000000000
38,90,3,0,0.0000000000
38,91,1,0,0.0000000000
38,91,2,0,0.0000000000
38,91,3,0,0.0000000000
38,92,1,0,0.0000000000
38,92,2,0,0.0000000000
38,92,3,0,0.0000000000
38,93,1,0,0.0000000000
38,93,2,0,0.0000000000
38,93,3,0,0.0000000000
38,94,1,0,0.0000000000
38,94,2,0,0.0000000000
38,94,3,0,0.0000000000
38,95,1,0,0.0000000000
38,95,2,0,0.0000000000
38,95,3,0,0.0000000000
38,96,1,0,0.0000000000
38,96,2,0,0.0000000000
38,96,3,0,0.0000000000
38,97,1,0,0.0000000000
38,97,2,0,0.0000000000
38,97,3,0,0.0000000000
38,98,1,0,0.0000000000
38,98,2,0,0.0000000000
38,98,3,0,0.0000000000
38,99,1,0,0.0000000000
38,99,2,0,0.0000000000
38,99,3,0,0.0000000000
38,100,1,0,0.0000000000
38,100,2,0,0.0000000000
38,100,3,0,0.0000000000
38,101,1,0,0.0000000000
38,101,2,0,0.0000000000
38,101,3,0,0.0000000000
38,102,1,0,0.0000000000
38,102,2,0,0.0000000000
38,102,3,0,0.0000000000
38,103,1,0,0.0000000000
38,103,2,0,0.0000000000
38,103,3,0,0.0000000000
38,104,1,0,0.0000000000
38,104,2,0,0.0000000000
38,104,3,0,0.0000000000
38,105,1,0,0.0000000000
38,105,2,0,0.0000000000
38,105,3,0,0.0000000000
38,106,1,0,0.0000000000
38,106,2,0,0.0000000000
38,106,3,0,0.0000000000
38,107,1,0,0.0000000000
38,107,2,0,0.0000000000
38,107,3,0,0.0000000000
38,108,1,0,0.0000000000
38,108,2,0,0.0000000000
38,108,3,0,0.0000000000
38,109,1,0,0.0000000000
38,109,2,0,0.0000000000
38,109,3,0,0.0000000000
38,110,1,0,0.0000000000
38,110,2,0,0.0000000000
38,110,3,0,0.0000000000
38,111,1,0,0.0000000000
38,111,2,0,0.0000000000
38,111,3,0,0.0000000000
38,112,1,0,0.0000000000
38,112,2,0,0.0000000000
38,112,3,0,0.0000000000
38,113,1,0,0.0000000000
38,113,2,0,0.0000000000
38,113,3,0,0.0000000000
38,114,1,0,0.0000000000
38,114,2,0,0.0000000000
38,114,3,0,0.0000000000
38,115,1,0,0.0000000000
38,115,2,0,0.0000000000
38,115,3,0,0.0000000000
38,116,1,0,0.0000000000
38,116,2,0,0.0000000000
38,116,3,0,0.0000000000
38,117,1,0,0.0000000000
38,117,2,0,0.0000000000
38,117,3,0,0.0000000000
38,118,1,0,0.0000000000
38,118,2,0,0.0000000000
38,118,3,0,0.0000000000
38,119,1,0,0.0000000000
38,119,2,0,0.0000000000
38,119,3,0,0.0000000000
38,120,1,0,0.0000000000
38,120,2,0,0.0000000000
38,120,3,0,0.0000000000
38,121,1,0,0.0000000000
38,121,2,0,0.0000000000
38,121,3,0,0.0000000000
38,122,1,0,0.0000000000
38,122,2,0,0.0000000000
38,122,3,0,0.0000000000
38,123,1,0,0.0000000000
38,123,2,0,0.0000000000
38,123,3,0,0.0000000000
38,124,1,0,0.0000000000
38,124,2,0,0.0000000000
38,124,3,0,0.0000000000
38,125,1,0,0.0000000000
38,125,2,0,0.0000000000
38,125,3,0,0.0000000000
38,126,1,0,0.0000000000
38,126,2,0,0.0000000000
38,126,3,0,0.0000000000
38,127,1,0,0.0000000000
38,127,2,0,0.0000000000
38,127,3,0,0.0000000000
38,128,1,0,0.0000000000
38,128,2,0,0.0000000000
38,128,3,0,0.0000000000
38,129,1,0,0.0000000000
38,129,2,0,0.0000000000
38,129,3,0,0.0000000000
38,130,1,0,0.0000000000
38,130,2,0,0.0000000000
38,130,3,0,0.0000000000
38,131,1,0,0.0000000000
38,131,2,0,0.0000000000
38,131,3,0,0.0000000000
38,132,1,0,0.0000000000
38,132,2,0,0.0000000000
38,132,3,0,0.0000000000
38,133,1,0,0.0000000000
38,133,2,0,0.0000000000
38,133,3,0,0.0000000000
38,134,1,0,0.0000000000
38,134,2,0,0.0000000000
38,134,3,0,0.0000000000
38,135,1,0,0.0000000000
38,135,2,0,0.0000000000
38,135,3,0,0.0000000000
38,136,1,0,0.0000000000
38,136,2,0,0.0000000000
38,136,3,0,0.0000000000
38,137,1,0,0.0000000000
38,137,2,0,0.0000000000
38,137,3,0,0.0000000000
38,138,1,0,0.0000000000
38,138,2,0,0.0000000000
38,138,3,0,0.0000000000
38,139,1,0,0.0000000000
38,139,2,0,0.0000000000
38,139,3,0,0.0000000000
38,140,1,0,0.0000000000
38,140,2,0,0.0000000000
38,140,3,0,0.0000000000
38,141,1,0,0.0000000000
38,141,2,0,0.0000000000
38,141,3,0,0.0000000000
38,142,1,0,0.0000000000
38,142,2,0,0.0000000000
38,142,3,0,0.0000000000
38,143,1,0,0.0000000000
38,143,2,0,0.0000000000
38,143,3,0,0.0000000000
38,144,1,0,0.0000000000
38,144,2,0,0.0000000000
38,144,3,0,0.0000000000
38,145,1,0,0.0000000000
38,145,2,0,0.0000000000
38,145,3,0,0.0000000000
38,146,1,0,0.0000000000
38,146,2,0,0.0000000000
38,146,3,0,0.0000000000
38,147,1,0,0.0000000000
38,147,2,0,0.0000000000
38,147,3,0,0.0000000000
38,148,1,0,0.0000000000
38,148,2,0,0.0000000000
38,148,3,0,0.0000000000
38,149,1,0,0.0000000000
38,149,2,0,0.0000000000
38,149,3,0,0.0000000000
38,150,1,0,0.0000000000
38,150,2,0,0.0000000000
38,150,3,0,0.0000000000
38,151,1,0,0.0000000000
38,151,2,0,0.0000000000
38,151,3,0,0.0000000000
38,152,1,0,0.0000000000
38,152,2,0,0.0000000000
38,152,3,0,0.0000000000
38,153,1,0,0.0000000000
38,153,2,0,0.0000000000
38,153,3,0,0.0000000000
38,154,1,0,0.0000000000
38,154,2,0,0.0000000000
38,154,3,0,0.0000000000
38,155,1,0,0.0000000000
38,155,2,0,0.0000000000
38,155,3,0,0.0000000000
38,156,1,0,0.0000000000
38,156,2,0,0.0000000000
38,156,3,0,0.0000000000
38,157,1,0,0.0000000000
38,157,2,0,0.0000000000
38,157,3,0,0.0000000000
38,158,1,0,0.0000000000
38,158,2,0,0.0000000000
38,158,3,0,0.0000000000
38,159,1,0,0.0000000000
38,159,2,0,0.0000000000
38,159,3,0,0.0000000000
38,160,1,0,0.0000000000
38,160,2,0,0.0000000000
38,160,3,0,0.0000000000
38,161,1,0,0.0000000000
38,161,2,0,0.0000000000
38,161,3,0,0.0000000000
38,162,1,0,0.0000000000
38,162,2,0,0.0000000000
38,162,3,0,0.0000000000
38,163,1,0,0.0000000000
38,163,2,0,0.0000000000
38,163,3,0,0.0000000000
38,164,1,0,0.0000000000
38,164,2,0,0.0000000000
38,164,3,0,0.0000000000
38,165,1,0,0.0000000000
38,165,2,0,0.0000000000
38,165,3,0,0.0000000000
38,166,1,0,0.0000000000
38,166,2,0,0.0000000000
38,166,3,0,0.0000000000
38,167,1,0,0.0000000000
38,167,2,0,0.0000000000
38,167,3,0,0.0000000000
38,168,1,0,0.0000000000
38,168,2,0,0.0000000000
38,168,3,0,0.0000000000
39,1,1,0,0.0000000000
39,1,2,0,0.0000000000
39,1,3,0,0.0000000000
39,2,1,0,0.0000000000
39,2,2,0,0.0000000000
39,2,3,0,0.0000000000
39,3,1,0,0.0000000000
39,3,2,0,0.0000000000
39,3,3,0,0.0000000000
39,4,1,0,0.0000000000
39,4,2,0,0.0000000000
39,4,3,0,0.0000000000
39,5,1,0,0.0000000000
39,5,2,0,0.0000000000
39,5,3,0,0.0000000000
39,6,1,0,0.0000000000
39,6,2,0,0.0000000000
39,6,3,0,0.0000000000
39,7,1,0,0.0000000000
39,7,2,0,0.0000000000
39,7,3,0,0.0000000000
39,8,1,0,0.0000000000
39,8,2,0,0.0000000000
39,8,3,0,0.0000000000
39,9,1,0,0.0000000000
39,9,2,0,0.0000000000
39,9,3,0,0.0000000000
39,10,1,0,0.0000000000
39,10,2,0,0.0000000000
39,10,3,0,0.0000000000
39,11,1,0,0.0000000000
39,11,2,0,0.0000000000
39,11,3,0,0.0000000000
39,12,1,0,0.0000000000
39,12,2,0,0.0000000000
39,12,3,0,0.0000000000
39,13,1,0,0.0000000000
39,13,2,0,0.0000000000
39,13,3,0,0.0000000000
39,14,1,0,0.0000000000
39,14,2,0,0.0000000000
39,14,3,0,0.0000000000
39,15,1,0,0.0000000000
39,15,2,0,0.0000000000
39,15,3,0,0.0000000000
39,16,1,0,0.0000000000
39,16,2,0,0.0000000000
39,16,3,0,0.0000000000
39,17,1,0,0.0000000000
39,17,2,0,0.0000000000
39,17,3,0,0.0000000000
39,18,1,0,0.0000000000
39,18,2,0,0.0000000000
39,18,3,0,0.0000000000
39,19,1,0,0.0000000000
39,19,2,0,0.0000000000
39,19,3,0,0.0000000000
39,20,1,0,0.0000000000
39,20,2,0,0.0000000000
39,20,3,0,0.0000000000
39,21,1,0,0.0000000000
39,21,2,0,0.0000000000
39,21,3,0,0.0000000000
39,22,1,0,0.0000000000
39,22,2,0,0.0000000000
39,22,3,0,0.0000000000
39,23,1,0,0.0000000000
39,23,2,0,0.0000000000
39,23,3,0,0.0000000000
39,24,1,0,0.0000000000
39,24,2,0,0.0000000000
39,24,3,0,0.0000000000
39,25,1,0,0.0000000000
39,25,2,0,0.0000000000
39,25,3,0,0.0000000000
39,26,1,0,0.0000000000
39,26,2,0,0.0000000000
39,26,3,0,0.0000000000
39,27,1,0,0.0000000000
39,27,2,0,0.0000000000
39,27,3,0,0.0000000000
39,28,1,0,0.0000000000
39,28,2,0,0.0000000000
39,28,3,0,0.0000000000
39,29,1,0,0.0000000000
39,29,2,0,0.0000000000
39,29,3,0,0.0000000000
39,30,1,0,0.0000000000
39,30,2,0,0.0000000000
39,30,3,0,0.0000000000
39,31,1,0,0.0000000000
39,31,2,0,0.0000000000
39,31,3,0,0.0000000000
39,32,1,0,0.0000000000
39,32,2,0,0.0000000000
39,32,3,0,0.0000000000
39,33,1,0,0.0000000000
39,33,2,0,0.0000000000
39,33,3,0,0.0000000000
39,34,1,0,0.0000000000
39,34,2,0,0.0000000000
39,34,3,0,0.0000000000
39,35,1,0,0.0000000000
39,35,2,0,0.0000000000
39,35,3,0,0.0000000000
39,36,1,0,0.0000000000
39,36,2,0,0.0000000000
39,36,3,0,0.0000000000
39,37,1,0,0.0000000000
39,37,2,0,0.0000000000
39,37,3,0,0.0000000000
39,38,1,0,0.0000000000
39,38,2,0,0.0000000000
39,38,3,0,0.0000000000
39,39,1,0,0.0000000000
39,39,2,0,0.0000000000
39,39,3,0,0.0000000000
39,40,1,0,0.0000000000
39,40,2,0,0.0000000000
39,40,3,0,0.0000000000
39,41,1,0,0.0000000000
39,41,2,0,0.0000000000
39,41,3,0,0.0000000000
39,42,1,0,0.0000000000
39,42,2,0,0.0000000000
39,42,3,0,0.0000000000
39,43,1,0,0.0000000000
39,43,2,0,0.0000000000
39,43,3,0,0.0000000000
39,44,1,0,0.0000000000
39,44,2,0,0.0000000000
39,44,3,0,0.0000000000
39,45,1,0,0.0000000000
39,45,2,0,0.0000000000
39,45,3,0,0.0000000000
39,46,1,0,0.0000000000
39,46,2,0,0.0000000000
39,46,3,0,0.0000000000
39,47,1,0,0.0000000000
39,47,2,0,0.0000000000
39,47,3,0,0.0000000000
39,48,1,0,0.0000000000
39,48,2,0,0.0000000000
39,48,3,0,0.0000000000
39,49,1,0,0.0000000000
39,49,2,0,0.0000000000
39,49,3,0,0.0000000000
39,50,1,0,0.0000000000
39,50,2,0,0.0000000000
39,50,3,0,0.0000000000
39,51,1,0,0.0000000000
39,51,2,0,0.0000000000
39,51,3,0,0.0000000000
39,52,1,0,0.0000000000
39,52,2,0,0.0000000000
39,52,3,0,0.0000000000
39,53,1,0,0.0000000000
39,53,2,0,0.0000000000
39,53,3,0,0.0000000000
39,54,1,0,0.0000000000
39,54,2,0,0.0000000000
39,54,3,0,0.0000000000
39,55,1,0,0.0000000000
39,55,2,0,0.0000000000
39,55,3,0,0.0000000000
39,56,1,0,0.0000000000
39,56,2,0,0.0000000000
39,56,3,0,0.0000000000
39,57,1,0,0.0000000000
39,57,2,0,0.0000000000
39,57,3,0,0.0000000000
39,58,1,0,0.0000000000
39,58,2,0,0.0000000000
39,58,3,0,0.0000000000
39,59,1,0,0.0000000000
39,59,2,0,0.0000000000
39,59,3,0,0.0000000000
39,60,1,0,0.0000000000
39,60,2,0,0.0000000000
39,60,3,0,0.0000000000
39,61,1,0,0.0000000000
39,61,2,0,0.0000000000
39,61,3,0,0.0000000000
39,62,1,0,0.0000000000
39,62,2,0,0.0000000000
39,62,3,0,0.0000000000
39,63,1,0,0.0000000000
39,63,2,0,0.0000000000
39,63,3,0,0.0000000000
39,64,1,0,0.0000000000
39,64,2,0,0.0000000000
39,64,3,0,0.0000000000
39,65,1,0,0.0000000000
39,65,2,0,0.0000000000
39,65,3,0,0.0000000000
39,66,1,0,0.0000000000
39,66,2,0,0.0000000000
39,66,3,0,0.0000000000
39,67,1,0,0.0000000000
39,67,2,0,0.0000000000
39,67,3,0,0.0000000000
39,68,1,0,0.0000000000
39,68,2,0,0.0000000000
39,68,3,0,0.0000000000
39,69,1,0,0.0000000000
39,69,2,0,0.0000000000
39,69,3,0,0.0000000000
39,70,1,0,0.0000000000
39,70,2,0,0.0000000000
39,70,3,0,0.0000000000
39,71,1,0,0.0000000000
39,71,2,0,0.0000000000
39,71,3,0,0.0000000000
39,72,1,0,0.0000000000
39,72,2,0,0.0000000000
39,72,3,0,0.0000000000
39,73,1,0,0.0000000000
39,73,2,0,0.0000000000
39,73,3,0,0.0000000000
39,74,1,0,0.0000000000
39,74,2,0,0.0000000000
39,74,3,0,0.0000000000
39,75,1,0,0.0000000000
39,75,2,0,0.0000000000
39,75,3,0,0.0000000000
39,76,1,0,0.0000000000
39,76,2,0,0.0000000000
39,76,3,0,0.0000000000
39,77,1,0,0.0000000000
39,77,2,0,0.0000000000
39,77,3,0,0.0000000000
39,78,1,0,0.0000000000
39,78,2,0,0.0000000000
39,78,3,0,0.0000000000
39,79,1,0,0.0000000000
39,79,2,0,0.0000000000
39,79,3,0,0.0000000000
39,80,1,0,0.0000000000
39,80,2,0,0.0000000000
39,80,3,0,0.0000000000
39,81,1,0,0.0000000000
39,81,2,0,0.0000000000
39,81,3,0,0.0000000000
39,82,1,0,0.0000000000
39,82,2,0,0.0000000000
39,82,3,0,0.0000000000
39,83,1,0,0.0000000000
39,83,2,0,0.0000000000
39,83,3,0,0.0000000000
39,84,1,0,0.0000000000
39,84,2,0,0.0000000000
39,84,3,0,0.0000000000
39,85,1,0,0.0000000000
39,85,2,0,0.0000000000
39,85,3,0,0.0000000000
39,86,1,0,0.0000000000
39,86,2,0,0.0000000000
39,86,3,0,0.0000000000
39,87,1,0,0.0000000000
39,87,2,0,0.0000000000
39,87,3,0,0.0000000000
39,88,1,0,0.0000000000
39,88,2,0,0.0000000000
39,88,3,0,0.0000000000
39,89,1,0,0.0000000000
39,89,2,0,0.0000000000
39,89,3,0,0.0000000000
39,90,1,0,0.0000000000
39,90,2,0,0.0000000000
39,90,3,0,0.0000000000
39,91,1,0,0.0000000000
39,91,2,0,0.0000000000
39,91,3,0,0.0000000000
39,92,1,0,0.0000000000
39,92,2,0,0.0000000000
39,92,3,0,0.0000000000
39,93,1,0,0.0000000000
39,93,2,0,0.0000000000
39,93,3,0,0.0000000000
39,94,1,0,0.0000000000
39,94,2,0,0.0000000000
39,94,3,0,0.0000000000
39,95,1,0,0.0000000000
39,95,2,0,0.0000000000
39,95,3,0,0.0000000000
39,96,1,0,0.0000000000
39,96,2,0,0.0000000000
39,96,3,0,0.0000000000
39,97,1,0,0.0000000000
39,97,2,0,0.0000000000
39,97,3,0,0.0000000000
39,98,1,0,0.0000000000
39,98,2,0,0.0000000000
39,98,3,0,0.0000000000
39,99,1,0,0.0000000000
39,99,2,0,0.0000000000
39,99,3,0,0.0000000000
39,100,1,0,0.0000000000
39,100,2,0,0.0000000000
39,100,3,0,0.0000000000
39,101,1,0,0.0000000000
39,101,2,0,0.0000000000
39,101,3,0,0.0000000000
39,102,1,0,0.0000000000
39,102,2,0,0.0000000000
39,102,3,0,0.0000000000
39,103,1,0,0.0000000000
39,103,2,0,0.0000000000
39,103,3,0,0.0000000000
39,104,1,0,0.0000000000
39,104,2,0,0.0000000000
39,104,3,0,0.0000000000
39,105,1,0,0.0000000000
39,105,2,0,0.0000000000
39,105,3,0,0.0000000000
39,106,1,0,0.0000000000
39,106,2,0,0.0000000000
39,106,3,0,0.0000000000
39,107,1,0,0.0000000000
39,107,2,0,0.0000000000
39,107,3,0,0.0000000000
39,108,1,0,0.0000000000
39,108,2,0,0.0000000000
39,108,3,0,0.0000000000
39,109,1,0,0.0000000000
39,109,2,0,0.0000000000
39,109,3,0,0.0000000000
39,110,1,0,0.0000000000
39,110,2,0,0.0000000000
39,110,3,0,0.0000000000
39,111,1,0,0.0000000000
39,111,2,0,0.0000000000
39,111,3,0,0.0000000000
39,112,1,0,0.0000000000
39,112,2,0,0.0000000000
39,112,3,0,0.0000000000
39,113,1,0,0.0000000000
39,113,2,0,0.0000000000
39,113,3,0,0.0000000000
39,114,1,0,0.0000000000
39,114,2,0,0.0000000000
39,114,3,0,0.0000000000
39,115,1,0,0.0000000000
39,115,2,0,0.0000000000
39,115,3,0,0.0000000000
39,116,1,0,0.0000000000
39,116,2,0,0.0000000000
39,116,3,0,0.0000000000
39,117,1,0,0.0000000000
39,117,2,0,0.0000000000
39,117,3,0,0.0000000000
39,118,1,0,0.0000000000
39,118,2,0,0.0000000000
39,118,3,0,0.0000000000
39,119,1,0,0.0000000000
39,119,2,0,0.0000000000
39,119,3,0,0.0000000000
39,120,1,0,0.0000000000
39,120,2,0,0.0000000000
39,120,3,0,0.0000000000
39,121,1,0,0.0000000000
39,121,2,0,0.0000000000
39,121,3,0,0.0000000000
39,122,1,0,0.0000000000
39,122,2,0,0.0000000000
39,122,3,0,0.0000000000
39,123,1,0,0.0000000000
39,123,2,0,0.0000000000
39,123,3,0,0.0000000000
39,124,1,0,0.0000000000
39,124,2,0,0.0000000000
39,124,3,0,0.0000000000
39,125,1,0,0.0000000000
39,125,2,0,0.0000000000
39,125,3,0,0.0000000000
39,126,1,0,0.0000000000
39,126,2,0,0.0000000000
39,126,3,0,0.0000000000
39,127,1,0,0.0000000000
39,127,2,0,0.0000000000
39,127,3,0,0.0000000000
39,128,1,0,0.0000000000
39,128,2,0,0.0000000000
39,128,3,0,0.0000000000
39,129,1,0,0.0000000000
39,129,2,0,0.0000000000
39,129,3,0,0.0000000000
39,130,1,0,0.0000000000
39,130,2,0,0.0000000000
39,130,3,0,0.0000000000
39,131,1,0,0.0000000000
39,131,2,0,0.0000000000
39,131,3,0,0.0000000000
39,132,1,0,0.0000000000
39,132,2,0,0.0000000000
39,132,3,0,0.0000000000
39,133,1,0,0.0000000000
39,133,2,0,0.0000000000
39,133,3,0,0.0000000000
39,134,1,0,0.0000000000
39,134,2,0,0.0000000000
39,134,3,0,0.0000000000
39,135,1,0,0.0000000000
39,135,2,0,0.0000000000
39,135,3,0,0.0000000000
39,136,1,0,0.0000000000
39,136,2,0,0.0000000000
39,136,3,0,0.0000000000
39,137,1,0,0.0000000000
39,137,2,0,0.0000000000
39,137,3,0,0.0000000000
39,138,1,0,0.0000000000
39,138,2,0,0.0000000000
39,138,3,0,0.0000000000
39,139,1,0,0.0000000000
39,139,2,0,0.0000000000
39,139,3,0,0.0000000000
39,140,1,0,0.0000000000
39,140,2,0,0.0000000000
39,140,3,0,0.0000000000
39,141,1,0,0.0000000000
39,141,2,0,0.0000000000
39,141,3,0,0.0000000000
39,142,1,0,0.0000000000
39,142,2,0,0.0000000000
39,142,3,0,0.0000000000
39,143,1,0,0.0000000000
39,143,2,0,0.0000000000
39,143,3,0,0.0000000000
39,144,1,0,0.0000000000
39,144,2,0,0.0000000000
39,144,3,0,0.0000000000
39,145,1,0,0.0000000000
39,145,2,0,0.0000000000
39,145,3,0,0.0000000000
39,146,1,0,0.0000000000
39,146,2,0,0.0000000000
39,146,3,0,0.0000000000
39,147,1,0,0.0000000000
39,147,2,0,0.0000000000
39,147,3,0,0.0000000000
39,148,1,0,0.0000000000
39,148,2,0,0.0000000000
39,148,3,0,0.0000000000
39,149,1,0,0.0000000000
39,149,2,0,0.0000000000
39,149,3,0,0.0000000000
39,150,1,0,0.0000000000
39,150,2,0,0.0000000000
39,150,3,0,0.0000000000
39,151,1,0,0.0000000000
39,151,2,0,0.0000000000
39,151,3,0,0.0000000000
39,152,1,0,0.0000000000
39,152,2,0,0.0000000000
39,152,3,0,0.0000000000
39,153,1,0,0.0000000000
39,153,2,0,0.0000000000
39,153,3,0,0.0000000000
39,154,1,0,0.0000000000
39,154,2,0,0.0000000000
39,154,3,0,0.0000000000
39,155,1,0,0.0000000000
39,155,2,0,0.0000000000
39,155,3,0,0.0000000000
39,156,1,0,0.0000000000
39,156,2,0,0.0000000000
39,156,3,0,0.0000000000
39,157,1,0,0.0000000000
39,157,2,0,0.0000000000
39,157,3,0,0.0000000000
39,158,1,0,0.0000000000
39,158,2,0,0.0000000000
39,158,3,0,0.0000000000
39,159,1,0,0.0000000000
39,159,2,0,0.0000000000
39,159,3,0,0.0000000000
39,160,1,0,0.0000000000
39,160,2,0,0.0000000000
39,160,3,0,0.0000000000
39,161,1,0,0.0000000000
39,161,2,0,0.0000000000
39,161,3,0,0.0000000000
39,162,1,0,0.0000000000
39,162,2,0,0.0000000000
39,162,3,0,0.0000000000
39,163,1,0,0.0000000000
39,163,2,0,0.0000000000
39,163,3,0,0.0000000000
39,164,1,0,0.0000000000
39,164,2,0,0.0000000000
39,164,3,0,0.0000000000
39,165,1,0,0.0000000000
39,165,2,0,0.0000000000
39,165,3,0,0.0000000000
39,166,1,0,0.0000000000
39,166,2,0,0.0000000000
39,166,3,0,0.0000000000
39,167,1,0,0.0000000000
39,167,2,0,0.0000000000
39,167,3,0,0.0000000000
39,168,1,0,0.0000000000
39,168,2,0,0.0000000000
39,168,3,0,0.0000000000
41,1,1,0,0.0000000000
41,1,2,0,0.0000000000
41,1,3,0,0.0000000000
41,2,1,0,0.0000000000
41,2,2,0,0.0000000000
41,2,3,0,0.0000000000
41,3,1,0,0.0000000000
41,3,2,0,0.0000000000
41,3,3,0,0.0000000000
41,4,1,0,0.0000000000
41,4,2,0,0.0000000000
41,4,3,0,0.0000000000
41,5,1,0,0.0000000000
41,5,2,0,0.0000000000
41,5,3,0,0.0000000000
41,6,1,0,0.0000000000
41,6,2,0,0.0000000000
41,6,3,0,0.0000000000
41,7,1,0,0.0000000000
41,7,2,0,0.0000000000
41,7,3,0,0.0000000000
41,8,1,0,0.0000000000
41,8,2,0,0.0000000000
41,8,3,0,0.0000000000
41,9,1,0,0.0000000000
41,9,2,0,0.0000000000
41,9,3,0,0.0000000000
41,10,1,0,0.0000000000
41,10,2,0,0.0000000000
41,10,3,0,0.0000000000
41,11,1,0,0.0000000000
41,11,2,0,0.0000000000
41,11,3,0,0.0000000000
41,12,1,0,0.0000000000
41,12,2,0,0.0000000000
41,12,3,0,0.0000000000
41,13,1,0,0.0000000000
41,13,2,0,0.0000000000
41,13,3,0,0.0000000000
41,14,1,0,0.0000000000
41,14,2,0,0.0000000000
41,14,3,0,0.0000000000
41,15,1,0,0.0000000000
41,15,2,0,0.0000000000
41,15,3,0,0.0000000000
41,16,1,0,0.0000000000
41,16,2,0,0.0000000000
41,16,3,0,0.0000000000
41,17,1,0,0.0000000000
41,17,2,0,0.0000000000
41,17,3,0,0.0000000000
41,18,1,0,0.0000000000
41,18,2,0,0.0000000000
41,18,3,0,0.0000000000
41,19,1,0,0.0000000000
41,19,2,0,0.0000000000
41,19,3,0,0.0000000000
41,20,1,0,0.0000000000
41,20,2,0,0.0000000000
41,20,3,0,0.0000000000
41,21,1,0,0.0000000000
41,21,2,0,0.0000000000
41,21,3,0,0.0000000000
41,22,1,0,0.0000000000
41,22,2,0,0.0000000000
41,22,3,0,0.0000000000
41,23,1,0,0.0000000000
41,23,2,0,0.0000000000
41,23,3,0,0.0000000000
41,24,1,0,0.0000000000
41,24,2,0,0.0000000000
41,24,3,0,0.0000000000
41,25,1,0,0.0000000000
41,25,2,0,0.0000000000
41,25,3,0,0.0000000000
41,26,1,0,0.0000000000
41,26,2,0,0.0000000000
41,26,3,0,0.0000000000
41,27,1,0,0.0000000000
41,27,2,0,0.0000000000
41,27,3,0,0.0000000000
41,28,1,0,0.0000000000
41,28,2,0,0.0000000000
41,28,3,0,0.0000000000
41,29,1,0,0.0000000000
41,29,2,0,0.0000000000
41,29,3,0,0.0000000000
41,30,1,0,0.0000000000
41,30,2,0,0.0000000000
41,30,3,0,0.0000000000
41,31,1,0,0.0000000000
41,31,2,0,0.0000000000
41,31,3,0,0.0000000000
41,32,1,0,0.0000000000
41,32,2,0,0.0000000000
41,32,3,0,0.0000000000
41,33,1,0,0.0000000000
41,33,2,0,0.0000000000
41,33,3,0,0.0000000000
41,34,1,0,0.0000000000
41,34,2,0,0.0000000000
41,34,3,0,0.0000000000
41,35,1,0,0.0000000000
41,35,2,0,0.0000000000
41,35,3,0,0.0000000000
41,36,1,0,0.0000000000
41,36,2,0,0.0000000000
41,36,3,0,0.0000000000
41,37,1,0,0.0000000000
41,37,2,0,0.0000000000
41,37,3,0,0.0000000000
41,38,1,0,0.0000000000
41,38,2,0,0.0000000000
41,38,3,0,0.0000000000
41,39,1,0,0.0000000000
41,39,2,0,0.0000000000
41,39,3,0,0.0000000000
41,40,1,0,0.0000000000
41,40,2,0,0.0000000000
41,40,3,0,0.0000000000
41,41,1,0,0.0000000000
41,41,2,0,0.0000000000
41,41,3,0,0.0000000000
41,42,1,0,0.0000000000
41,42,2,0,0.0000000000
41,42,3,0,0.0000000000
41,43,1,0,0.0000000000
41,43,2,0,0.0000000000
41,43,3,0,0.0000000000
41,44,1,0,0.0000000000
41,44,2,0,0.0000000000
41,44,3,0,0.0000000000
41,45,1,0,0.0000000000
41,45,2,0,0.0000000000
41,45,3,0,0.0000000000
41,46,1,0,0.0000000000
41,46,2,0,0.0000000000
41,46,3,0,0.0000000000
41,47,1,0,0.0000000000
41,47,2,0,0.0000000000
41,47,3,0,0.0000000000
41,48,1,0,0.0000000000
41,48,2,0,0.0000000000
41,48,3,0,0.0000000000
41,49,1,0,0.0000000000
41,49,2,0,0.0000000000
41,49,3,0,0.0000000000
41,50,1,0,0.0000000000
41,50,2,0,0.0000000000
41,50,3,0,0.0000000000
41,51,1,0,0.0000000000
41,51,2,0,0.0000000000
41,51,3,0,0.0000000000
41,52,1,0,0.0000000000
41,52,2,0,0.0000000000
41,52,3,0,0.0000000000
41,53,1,0,0.0000000000
41,53,2,0,0.0000000000
41,53,3,0,0.0000000000
41,54,1,0,0.0000000000
41,54,2,0,0.0000000000
41,54,3,0,0.0000000000
41,55,1,0,0.0000000000
41,55,2,0,0.0000000000
41,55,3,0,0.0000000000
41,56,1,0,0.0000000000
41,56,2,0,0.0000000000
41,56,3,0,0.0000000000
41,57,1,0,0.0000000000
41,57,2,0,0.0000000000
41,57,3,0,0.0000000000
41,58,1,0,0.0000000000
41,58,2,0,0.0000000000
41,58,3,0,0.0000000000
41,59,1,0,0.0000000000
41,59,2,0,0.0000000000
41,59,3,0,0.0000000000
41,60,1,0,0.0000000000
41,60,2,0,0.0000000000
41,60,3,0,0.0000000000
41,61,1,0,0.0000000000
41,61,2,0,0.0000000000
41,61,3,0,0.0000000000
41,62,1,0,0.0000000000
41,62,2,0,0.0000000000
41,62,3,0,0.0000000000
41,63,1,0,0.0000000000
41,63,2,0,0.0000000000
41,63,3,0,0.0000000000
41,64,1,0,0.0000000000
41,64,2,0,0.0000000000
41,64,3,0,0.0000000000
41,65,1,0,0.0000000000
41,65,2,0,0.0000000000
41,65,3,0,0.0000000000
41,66,1,0,0.0000000000
41,66,2,0,0.0000000000
41,66,3,0,0.0000000000
41,67,1,0,0.0000000000
41,67,2,0,0.0000000000
41,67,3,0,0.0000000000
41,68,1,0,0.0000000000
41,68,2,0,0.0000000000
41,68,3,0,0.0000000000
41,69,1,0,0.0000000000
41,69,2,0,0.0000000000
41,69,3,0,0.0000000000
41,70,1,0,0.0000000000
41,70,2,0,0.0000000000
41,70,3,0,0.0000000000
41,71,1,0,0.0000000000
41,71,2,0,0.0000000000
41,71,3,0,0.0000000000
41,72,1,0,0.0000000000
41,72,2,0,0.0000000000
41,72,3,0,0.0000000000
41,73,1,0,0.0000000000
41,73,2,0,0.0000000000
41,73,3,0,0.0000000000
41,74,1,0,0.0000000000
41,74,2,0,0.0000000000
41,74,3,0,0.0000000000
41,75,1,0,0.0000000000
41,75,2,0,0.0000000000
41,75,3,0,0.0000000000
41,76,1,0,0.0000000000
41,76,2,0,0.0000000000
41,76,3,0,0.0000000000
41,77,1,0,0.0000000000
41,77,2,0,0.0000000000
41,77,3,0,0.0000000000
41,78,1,0,0.0000000000
41,78,2,0,0.0000000000
41,78,3,0,0.0000000000
41,79,1,0,0.0000000000
41,79,2,0,0.0000000000
41,79,3,0,0.0000000000
41,80,1,0,0.0000000000
41,80,2,0,0.0000000000
41,80,3,0,0.0000000000
41,81,1,0,0.0000000000
41,81,2,0,0.0000000000
41,81,3,0,0.0000000000
41,82,1,0,0.0000000000
41,82,2,0,0.0000000000
41,82,3,0,0.0000000000
41,83,1,0,0.0000000000
41,83,2,0,0.0000000000
41,83,3,0,0.0000000000
41,84,1,0,0.0000000000
41,84,2,0,0.0000000000
41,84,3,0,0.0000000000
41,85,1,0,0.0000000000
41,85,2,0,0.0000000000
41,85,3,0,0.0000000000
41,86,1,0,0.0000000000
41,86,2,0,0.0000000000
41,86,3,0,0.0000000000
41,87,1,0,0.0000000000
41,87,2,0,0.0000000000
41,87,3,0,0.0000000000
41,88,1,0,0.0000000000
41,88,2,0,0.0000000000
41,88,3,0,0.0000000000
41,89,1,0,0.0000000000
41,89,2,0,0.0000000000
41,89,3,0,0.0000000000
41,90,1,0,0.0000000000
41,90,2,0,0.0000000000
41,90,3,0,0.0000000000
41,91,1,0,0.0000000000
41,91,2,0,0.0000000000
41,91,3,0,0.0000000000
41,92,1,0,0.0000000000
41,92,2,0,0.0000000000
41,92,3,0,0.0000000000
41,93,1,0,0.0000000000
41,93,2,0,0.0000000000
41,93,3,0,0.0000000000
41,94,1,0,0.0000000000
41,94,2,0,0.0000000000
41,94,3,0,0.0000000000
41,95,1,0,0.0000000000
41,95,2,0,0.0000000000
41,95,3,0,0.0000000000
41,96,1,0,0.0000000000
41,96,2,0,0.0000000000
41,96,3,0,0.0000000000
41,97,1,0,0.0000000000
41,97,2,0,0.0000000000
41,97,3,0,0.0000000000
41,98,1,0,0.0000000000
41,98,2,0,0.0000000000
41,98,3,0,0.0000000000
41,99,1,0,0.0000000000
41,99,2,0,0.0000000000
41,99,3,0,0.0000000000
41,100,1,0,0.0000000000
41,100,2,0,0.0000000000
41,100,3,0,0.0000000000
41,101,1,0,0.0000000000
41,101,2,0,0.0000000000
41,101,3,0,0.0000000000
41,102,1,0,0.0000000000
41,102,2,0,0.0000000000
41,102,3,0,0.0000000000
41,103,1,0,0.0000000000
41,103,2,0,0.0000000000
41,103,3,0,0.0000000000
41,104,1,0,0.0000000000
41,104,2,0,0.0000000000
41,104,3,0,0.0000000000
41,105,1,0,0.0000000000
41,105,2,0,0.0000000000
41,105,3,0,0.0000000000
41,106,1,0,0.0000000000
41,106,2,0,0.0000000000
41,106,3,0,0.0000000000
41,107,1,0,0.0000000000
41,107,2,0,0.0000000000
41,107,3,0,0.0000000000
41,108,1,0,0.0000000000
41,108,2,0,0.0000000000
41,108,3,0,0.0000000000
41,109,1,0,0.0000000000
41,109,2,0,0.0000000000
41,109,3,0,0.0000000000
41,110,1,0,0.0000000000
41,110,2,0,0.0000000000
41,110,3,0,0.0000000000
41,111,1,0,0.0000000000
41,111,2,0,0.0000000000
41,111,3,0,0.0000000000
41,112,1,0,0.0000000000
41,112,2,0,0.0000000000
41,112,3,0,0.0000000000
41,113,1,0,0.0000000000
41,113,2,0,0.0000000000
41,113,3,0,0.0000000000
41,114,1,0,0.0000000000
41,114,2,0,0.0000000000
41,114,3,0,0.0000000000
41,115,1,0,0.0000000000
41,115,2,0,0.0000000000
41,115,3,0,0.0000000000
41,116,1,0,0.0000000000
41,116,2,0,0.0000000000
41,116,3,0,0.0000000000
41,117,1,0,0.0000000000
41,117,2,0,0.0000000000
41,117,3,0,0.0000000000
41,118,1,0,0.0000000000
41,118,2,0,0.0000000000
41,118,3,0,0.0000000000
41,119,1,0,0.0000000000
41,119,2,0,0.0000000000
41,119,3,0,0.0000000000
41,120,1,0,0.0000000000
41,120,2,0,0.0000000000
41,120,3,0,0.0000000000
41,121,1,0,0.0000000000
41,121,2,0,0.0000000000
41,121,3,0,0.0000000000
41,122,1,0,0.0000000000
41,122,2,0,0.0000000000
41,122,3,0,0.0000000000
41,123,1,0,0.0000000000
41,123,2,0,0.0000000000
41,123,3,0,0.0000000000
41,124,1,0,0.0000000000
41,124,2,0,0.0000000000
41,124,3,0,0.0000000000
41,125,1,0,0.0000000000
41,125,2,0,0.0000000000
41,125,3,0,0.0000000000
41,126,1,0,0.0000000000
41,126,2,0,0.0000000000
41,126,3,0,0.0000000000
41,127,1,0,0.0000000000
41,127,2,0,0.0000000000
41,127,3,0,0.0000000000
41,128,1,0,0.0000000000
41,128,2,0,0.0000000000
41,128,3,0,0.0000000000
41,129,1,0,0.0000000000
41,129,2,0,0.0000000000
41,129,3,0,0.0000000000
41,130,1,0,0.0000000000
41,130,2,0,0.0000000000
41,130,3,0,0.0000000000
41,131,1,0,0.0000000000
41,131,2,0,0.0000000000
41,131,3,0,0.0000000000
41,132,1,0,0.0000000000
41,132,2,0,0.0000000000
41,132,3,0,0.0000000000
41,133,1,0,0.0000000000
41,133,2,0,0.0000000000
41,133,3,0,0.0000000000
41,134,1,0,0.0000000000
41,134,2,0,0.0000000000
41,134,3,0,0.0000000000
41,135,1,0,0.0000000000
41,135,2,0,0.0000000000
41,135,3,0,0.0000000000
41,136,1,0,0.0000000000
41,136,2,0,0.0000000000
41,136,3,0,0.0000000000
41,137,1,0,0.0000000000
41,137,2,0,0.0000000000
41,137,3,0,0.0000000000
41,138,1,0,0.0000000000
41,138,2,0,0.0000000000
41,138,3,0,0.0000000000
41,139,1,0,0.0000000000
41,139,2,0,0.0000000000
41,139,3,0,0.0000000000
41,140,1,0,0.0000000000
41,140,2,0,0.0000000000
41,140,3,0,0.0000000000
41,141,1,0,0.0000000000
41,141,2,0,0.0000000000
41,141,3,0,0.0000000000
41,142,1,0,0.0000000000
41,142,2,0,0.0000000000
41,142,3,0,0.0000000000
41,143,1,0,0.0000000000
41,143,2,0,0.0000000000
41,143,3,0,0.0000000000
41,144,1,0,0.0000000000
41,144,2,0,0.0000000000
41,144,3,0,0.0000000000
41,145,1,0,0.0000000000
41,145,2,0,0.0000000000
41,145,3,0,0.0000000000
41,146,1,0,0.0000000000
41,146,2,0,0.0000000000
41,146,3,0,0.0000000000
41,147,1,0,0.0000000000
41,147,2,0,0.0000000000
41,147,3,0,0.0000000000
41,148,1,0,0.0000000000
41,148,2,0,0.0000000000
41,148,3,0,0.0000000000
41,149,1,0,0.0000000000
41,149,2,0,0.0000000000
41,149,3,0,0.0000000000
41,150,1,0,0.0000000000
41,150,2,0,0.0000000000
41,150,3,0,0.0000000000
41,151,1,0,0.0000000000
41,151,2,0,0.0000000000
41,151,3,0,0.0000000000
41,152,1,0,0.0000000000
41,152,2,0,0.0000000000
41,152,3,0,0.0000000000
41,153,1,0,0.0000000000
41,153,2,0,0.0000000000
41,153,3,0,0.0000000000
41,154,1,0,0.0000000000
41,154,2,0,0.0000000000
41,154,3,0,0.0000000000
41,155,1,0,0.0000000000
41,155,2,0,0.0000000000
41,155,3,0,0.0000000000
41,156,1,0,0.0000000000
41,156,2,0,0.0000000000
41,156,3,0,0.0000000000
41,157,1,0,0.0000000000
41,157,2,0,0.0000000000
41,157,3,0,0.0000000000
41,158,1,0,0.0000000000
41,158,2,0,0.0000000000
41,158,3,0,0.0000000000
41,159,1,0,0.0000000000
41,159,2,0,0.0000000000
41,159,3,0,0.0000000000
41,160,1,0,0.0000000000
41,160,2,0,0.0000000000
41,160,3,0,0.0000000000
41,161,1,0,0.0000000000
41,161,2,0,0.0000000000
41,161,3,0,0.0000000000
41,162,1,0,0.0000000000
41,162,2,0,0.0000000000
41,162,3,0,0.0000000000
41,163,1,0,0.0000000000
41,163,2,0,0.0000000000
41,163,3,0,0.0000000000
41,164,1,0,0.0000000000
41,164,2,0,0.0000000000
41,164,3,0,0.0000000000
41,165,1,0,0.0000000000
41,165,2,0,0.0000000000
41,165,3,0,0.0000000000
41,166,1,0,0.0000000000
41,166,2,0,0.0000000000
41,166,3,0,0.0000000000
41,167,1,0,0.0000000000
41,167,2,0,0.0000000000
41,167,3,0,0.0000000000
41,168,1,0,0.0000000000
41,168,2,0,0.0000000000
41,168,3,0,0.0000000000
43,1,1,0,0.0000000000
43,1,2,0,0.0000000000
43,1,3,0,0.0000000000
43,2,1,0,0.0000000000
43,2,2,0,0.0000000000
43,2,3,0,0.0000000000
43,3,1,0,0.0000000000
43,3,2,0,0.0000000000
43,3,3,0,0.0000000000
43,4,1,0,0.0000000000
43,4,2,0,0.0000000000
43,4,3,0,0.0000000000
43,5,1,0,0.0000000000
43,5,2,0,0.0000000000
43,5,3,0,0.0000000000
43,6,1,0,0.0000000000
43,6,2,0,0.0000000000
43,6,3,0,0.0000000000
43,7,1,0,0.0000000000
43,7,2,0,0.0000000000
43,7,3,0,0.0000000000
43,8,1,0,0.0000000000
43,8,2,0,0.0000000000
43,8,3,0,0.0000000000
43,9,1,0,0.0000000000
43,9,2,0,0.0000000000
43,9,3,0,0.0000000000
43,10,1,0,0.0000000000
43,10,2,0,0.0000000000
43,10,3,0,0.0000000000
43,11,1,0,0.0000000000
43,11,2,0,0.0000000000
43,11,3,0,0.0000000000
43,12,1,0,0.0000000000
43,12,2,0,0.0000000000
43,12,3,0,0.0000000000
43,13,1,0,0.0000000000
43,13,2,0,0.0000000000
43,13,3,0,0.0000000000
43,14,1,0,0.0000000000
43,14,2,0,0.0000000000
43,14,3,0,0.0000000000
43,15,1,0,0.0000000000
43,15,2,0,0.0000000000
43,15,3,0,0.0000000000
43,16,1,0,0.0000000000
43,16,2,0,0.0000000000
43,16,3,0,0.0000000000
43,17,1,0,0.0000000000
43,17,2,0,0.0000000000
43,17,3,0,0.0000000000
43,18,1,0,0.0000000000
43,18,2,0,0.0000000000
43,18,3,0,0.0000000000
43,19,1,0,0.0000000000
43,19,2,0,0.0000000000
43,19,3,0,0.0000000000
43,20,1,0,0.0000000000
43,20,2,0,0.0000000000
43,20,3,0,0.0000000000
43,21,1,0,0.0000000000
43,21,2,0,0.0000000000
43,21,3,0,0.0000000000
43,22,1,0,0.0000000000
43,22,2,0,0.0000000000
43,22,3,0,0.0000000000
43,23,1,0,0.0000000000
43,23,2,0,0.0000000000
43,23,3,0,0.0000000000
43,24,1,0,0.0000000000
43,24,2,0,0.0000000000
43,24,3,0,0.0000000000
43,25,1,0,0.0000000000
43,25,2,0,0.0000000000
43,25,3,0,0.0000000000
43,26,1,0,0.0000000000
43,26,2,0,0.0000000000
43,26,3,0,0.0000000000
43,27,1,0,0.0000000000
43,27,2,0,0.0000000000
43,27,3,0,0.0000000000
43,28,1,0,0.0000000000
43,28,2,0,0.0000000000
43,28,3,0,0.0000000000
43,29,1,0,0.0000000000
43,29,2,0,0.0000000000
43,29,3,0,0.0000000000
43,30,1,0,0.0000000000
43,30,2,0,0.0000000000
43,30,3,0,0.0000000000
43,31,1,0,0.0000000000
43,31,2,0,0.0000000000
43,31,3,0,0.0000000000
43,32,1,0,0.0000000000
43,32,2,0,0.0000000000
43,32,3,0,0.0000000000
43,33,1,0,0.0000000000
43,33,2,0,0.0000000000
43,33,3,0,0.0000000000
43,34,1,0,0.0000000000
43,34,2,0,0.0000000000
43,34,3,0,0.0000000000
43,35,1,0,0.0000000000
43,35,2,0,0.0000000000
43,35,3,0,0.0000000000
43,36,1,0,0.0000000000
43,36,2,0,0.0000000000
43,36,3,0,0.0000000000
43,37,1,0,0.0000000000
43,37,2,0,0.0000000000
43,37,3,0,0.0000000000
43,38,1,0,0.0000000000
43,38,2,0,0.0000000000
43,38,3,0,0.0000000000
43,39,1,0,0.0000000000
43,39,2,0,0.0000000000
43,39,3,0,0.0000000000
43,40,1,0,0.0000000000
43,40,2,0,0.0000000000
43,40,3,0,0.0000000000
43,41,1,0,0.0000000000
43,41,2,0,0.0000000000
43,41,3,0,0.0000000000
43,42,1,0,0.0000000000
43,42,2,0,0.0000000000
43,42,3,0,0.0000000000
43,43,1,0,0.0000000000
43,43,2,0,0.0000000000
43,43,3,0,0.0000000000
43,44,1,0,0.0000000000
43,44,2,0,0.0000000000
43,44,3,0,0.0000000000
43,45,1,0,0.0000000000
43,45,2,0,0.0000000000
43,45,3,0,0.0000000000
43,46,1,0,0.0000000000
43,46,2,0,0.0000000000
43,46,3,0,0.0000000000
43,47,1,0,0.0000000000
43,47,2,0,0.0000000000
43,47,3,0,0.0000000000
43,48,1,0,0.0000000000
43,48,2,0,0.0000000000
43,48,3,0,0.0000000000
43,49,1,0,0.0000000000
43,49,2,0,0.0000000000
43,49,3,0,0.0000000000
43,50,1,0,0.0000000000
43,50,2,0,0.0000000000
43,50,3,0,0.0000000000
43,51,1,0,0.0000000000
43,51,2,0,0.0000000000
43,51,3,0,0.0000000000
43,52,1,0,0.0000000000
43,52,2,0,0.0000000000
43,52,3,0,0.0000000000
43,53,1,0,0.0000000000
43,53,2,0,0.0000000000
43,53,3,0,0.0000000000
43,54,1,0,0.0000000000
43,54,2,0,0.0000000000
43,54,3,0,0.0000000000
43,55,1,0,0.0000000000
43,55,2,0,0.0000000000
43,55,3,0,0.0000000000
43,56,1,0,0.0000000000
43,56,2,0,0.0000000000
43,56,3,0,0.0000000000
43,57,1,0,0.0000000000
43,57,2,0,0.0000000000
43,57,3,0,0.0000000000
43,58,1,0,0.0000000000
43,58,2,0,0.0000000000
43,58,3,0,0.0000000000
43,59,1,0,0.0000000000
43,59,2,0,0.0000000000
43,59,3,0,0.0000000000
43,60,1,0,0.0000000000
43,60,2,0,0.0000000000
43,60,3,0,0.0000000000
43,61,1,0,0.0000000000
43,61,2,0,0.0000000000
43,61,3,0,0.0000000000
43,62,1,0,0.0000000000
43,62,2,0,0.0000000000
43,62,3,0,0.0000000000
43,63,1,0,0.0000000000
43,63,2,0,0.0000000000
43,63,3,0,0.0000000000
43,64,1,0,0.0000000000
43,64,2,0,0.0000000000
43,64,3,0,0.0000000000
43,65,1,0,0.0000000000
43,65,2,0,0.0000000000
43,65,3,0,0.0000000000
43,66,1,0,0.0000000000
43,66,2,0,0.0000000000
43,66,3,0,0.0000000000
43,67,1,0,0.0000000000
43,67,2,0,0.0000000000
43,67,3,0,0.0000000000
43,68,1,0,0.0000000000
43,68,2,0,0.0000000000
43,68,3,0,0.0000000000
43,69,1,0,0.0000000000
43,69,2,0,0.0000000000
43,69,3,0,0.0000000000
43,70,1,0,0.0000000000
43,70,2,0,0.0000000000
43,70,3,0,0.0000000000
43,71,1,0,0.0000000000
43,71,2,0,0.0000000000
43,71,3,0,0.0000000000
43,72,1,0,0.0000000000
43,72,2,0,0.0000000000
43,72,3,0,0.0000000000
43,73,1,0,0.0000000000
43,73,2,0,0.0000000000
43,73,3,0,0.0000000000
43,74,1,0,0.0000000000
43,74,2,0,0.0000000000
43,74,3,0,0.0000000000
43,75,1,0,0.0000000000
43,75,2,0,0.0000000000
43,75,3,0,0.0000000000
43,76,1,0,0.0000000000
43,76,2,0,0.0000000000
43,76,3,0,0.0000000000
43,77,1,0,0.0000000000
43,77,2,0,0.0000000000
43,77,3,0,0.0000000000
43,78,1,0,0.0000000000
43,78,2,0,0.0000000000
43,78,3,0,0.0000000000
43,79,1,0,0.0000000000
43,79,2,0,0.0000000000
43,79,3,0,0.0000000000
43,80,1,0,0.0000000000
43,80,2,0,0.0000000000
43,80,3,0,0.0000000000
43,81,1,0,0.0000000000
43,81,2,0,0.0000000000
43,81,3,0,0.0000000000
43,82,1,0,0.0000000000
43,82,2,0,0.0000000000
43,82,3,0,0.0000000000
43,83,1,0,0.0000000000
43,83,2,0,0.0000000000
43,83,3,0,0.0000000000
43,84,1,0,0.0000000000
43,84,2,0,0.0000000000
43,84,3,0,0.0000000000
43,85,1,0,0.0000000000
43,85,2,0,0.0000000000
43,85,3,0,0.0000000000
43,86,1,0,0.0000000000
43,86,2,0,0.0000000000
43,86,3,0,0.0000000000
43,87,1,0,0.0000000000
43,87,2,0,0.0000000000
43,87,3,0,0.0000000000
43,88,1,0,0.0000000000
43,88,2,0,0.0000000000
43,88,3,0,0.0000000000
43,89,1,0,0.0000000000
43,89,2,0,0.0000000000
43,89,3,0,0.0000000000
43,90,1,0,0.0000000000
43,90,2,0,0.0000000000
43,90,3,0,0.0000000000
43,91,1,0,0.0000000000
43,91,2,0,0.0000000000
43,91,3,0,0.0000000000
43,92,1,0,0.0000000000
43,92,2,0,0.0000000000
43,92,3,0,0.0000000000
43,93,1,0,0.0000000000
43,93,2,0,0.0000000000
43,93,3,0,0.0000000000
43,94,1,0,0.0000000000
43,94,2,0,0.0000000000
43,94,3,0,0.0000000000
43,95,1,0,0.0000000000
43,95,2,0,0.0000000000
43,95,3,0,0.0000000000
43,96,1,0,0.0000000000
43,96,2,0,0.0000000000
43,96,3,0,0.0000000000
43,97,1,0,0.0000000000
43,97,2,0,0.0000000000
43,97,3,0,0.0000000000
43,98,1,0,0.0000000000
43,98,2,0,0.0000000000
43,98,3,0,0.0000000000
43,99,1,0,0.0000000000
43,99,2,0,0.0000000000
43,99,3,0,0.0000000000
43,100,1,0,0.0000000000
43,100,2,0,0.0000000000
43,100,3,0,0.0000000000
43,101,1,0,0.0000000000
43,101,2,0,0.0000000000
43,101,3,0,0.0000000000
43,102,1,0,0.0000000000
43,102,2,0,0.0000000000
43,102,3,0,0.0000000000
43,103,1,0,0.0000000000
43,103,2,0,0.0000000000
43,103,3,0,0.0000000000
43,104,1,0,0.0000000000
43,104,2,0,0.0000000000
43,104,3,0,0.0000000000
43,105,1,0,0.0000000000
43,105,2,0,0.0000000000
43,105,3,0,0.0000000000
43,106,1,0,0.0000000000
43,106,2,0,0.0000000000
43,106,3,0,0.0000000000
43,107,1,0,0.0000000000
43,107,2,0,0.0000000000
43,107,3,0,0.0000000000
43,108,1,0,0.0000000000
43,108,2,0,0.0000000000
43,108,3,0,0.0000000000
43,109,1,0,0.0000000000
43,109,2,0,0.0000000000
43,109,3,0,0.0000000000
43,110,1,0,0.0000000000
43,110,2,0,0.0000000000
43,110,3,0,0.0000000000
43,111,1,0,0.0000000000
43,111,2,0,0.0000000000
43,111,3,0,0.0000000000
43,112,1,0,0.0000000000
43,112,2,0,0.0000000000
43,112,3,0,0.0000000000
43,113,1,0,0.0000000000
43,113,2,0,0.0000000000
43,113,3,0,0.0000000000
43,114,1,0,0.0000000000
43,114,2,0,0.0000000000
43,114,3,0,0.0000000000
43,115,1,0,0.0000000000
43,115,2,0,0.0000000000
43,115,3,0,0.0000000000
43,116,1,0,0.0000000000
43,116,2,0,0.0000000000
43,116,3,0,0.0000000000
43,117,1,0,0.0000000000
43,117,2,0,0.0000000000
43,117,3,0,0.0000000000
43,118,1,0,0.0000000000
43,118,2,0,0.0000000000
43,118,3,0,0.0000000000
43,119,1,0,0.0000000000
43,119,2,0,0.0000000000
43,119,3,0,0.0000000000
43,120,1,0,0.0000000000
43,120,2,0,0.0000000000
43,120,3,0,0.0000000000
43,121,1,0,0.0000000000
43,121,2,0,0.0000000000
43,121,3,0,0.0000000000
43,122,1,0,0.0000000000
43,122,2,0,0.0000000000
43,122,3,0,0.0000000000
43,123,1,0,0.0000000000
43,123,2,0,0.0000000000
43,123,3,0,0.0000000000
43,124,1,0,0.0000000000
43,124,2,0,0.0000000000
43,124,3,0,0.0000000000
43,125,1,0,0.0000000000
43,125,2,0,0.0000000000
43,125,3,0,0.0000000000
43,126,1,0,0.0000000000
43,126,2,0,0.0000000000
43,126,3,0,0.0000000000
43,127,1,0,0.0000000000
43,127,2,0,0.0000000000
43,127,3,0,0.0000000000
43,128,1,0,0.0000000000
43,128,2,0,0.0000000000
43,128,3,0,0.0000000000
43,129,1,0,0.0000000000
43,129,2,0,0.0000000000
43,129,3,0,0.0000000000
43,130,1,0,0.0000000000
43,130,2,0,0.0000000000
43,130,3,0,0.0000000000
43,131,1,0,0.0000000000
43,131,2,0,0.0000000000
43,131,3,0,0.0000000000
43,132,1,0,0.0000000000
43,132,2,0,0.0000000000
43,132,3,0,0.0000000000
43,133,1,0,0.0000000000
43,133,2,0,0.0000000000
43,133,3,0,0.0000000000
43,134,1,0,0.0000000000
43,134,2,0,0.0000000000
43,134,3,0,0.0000000000
43,135,1,0,0.0000000000
43,135,2,0,0.0000000000
43,135,3,0,0.0000000000
43,136,1,0,0.0000000000
43,136,2,0,0.0000000000
43,136,3,0,0.0000000000
43,137,1,0,0.0000000000
43,137,2,0,0.0000000000
43,137,3,0,0.0000000000
43,138,1,0,0.0000000000
43,138,2,0,0.0000000000
43,138,3,0,0.0000000000
43,139,1,0,0.0000000000
43,139,2,0,0.0000000000
43,139,3,0,0.0000000000
43,140,1,0,0.0000000000
43,140,2,0,0.0000000000
43,140,3,0,0.0000000000
43,141,1,0,0.0000000000
43,141,2,0,0.0000000000
43,141,3,0,0.0000000000
43,142,1,0,0.0000000000
43,142,2,0,0.0000000000
43,142,3,0,0.0000000000
43,143,1,0,0.0000000000
43,143,2,0,0.0000000000
43,143,3,0,0.0000000000
43,144,1,0,0.0000000000
43,144,2,0,0.0000000000
43,144,3,0,0.0000000000
43,145,1,0,0.0000000000
43,145,2,0,0.0000000000
43,145,3,0,0.0000000000
43,146,1,0,0.0000000000
43,146,2,0,0.0000000000
43,146,3,0,0.0000000000
43,147,1,0,0.0000000000
43,147,2,0,0.0000000000
43,147,3,0,0.0000000000
43,148,1,0,0.0000000000
43,148,2,0,0.0000000000
43,148,3,0,0.0000000000
43,149,1,0,0.0000000000
43,149,2,0,0.0000000000
43,149,3,0,0.0000000000
43,150,1,0,0.0000000000
43,150,2,0,0.0000000000
43,150,3,0,0.0000000000
43,151,1,0,0.0000000000
43,151,2,0,0.0000000000
43,151,3,0,0.0000000000
43,152,1,0,0.0000000000
43,152,2,0,0.0000000000
43,152,3,0,0.0000000000
43,153,1,0,0.0000000000
43,153,2,0,0.0000000000
43,153,3,0,0.0000000000
43,154,1,0,0.0000000000
43,154,2,0,0.0000000000
43,154,3,0,0.0000000000
43,155,1,0,0.0000000000
43,155,2,0,0.0000000000
43,155,3,0,0.0000000000
43,156,1,0,0.0000000000
43,156,2,0,0.0000000000
43,156,3,0,0.0000000000
43,157,1,0,0.0000000000
43,157,2,0,0.0000000000
43,157,3,0,0.0000000000
43,158,1,0,0.0000000000
43,158,2,0,0.0000000000
43,158,3,0,0.0000000000
43,159,1,0,0.0000000000
43,159,2,0,0.0000000000
43,159,3,0,0.0000000000
43,160,1,0,0.0000000000
43,160,2,0,0.0000000000
43,160,3,0,0.0000000000
43,161,1,0,0.0000000000
43,161,2,0,0.0000000000
43,161,3,0,0.0000000000
43,162,1,0,0.0000000000
43,162,2,0,0.0000000000
43,162,3,0,0.0000000000
43,163,1,0,0.0000000000
43,163,2,0,0.0000000000
43,163,3,0,0.0000000000
43,164,1,0,0.0000000000
43,164,2,0,0.0000000000
43,164,3,0,0.0000000000
43,165,1,0,0.0000000000
43,165,2,0,0.0000000000
43,165,3,0,0.0000000000
43,166,1,0,0.0000000000
43,166,2,0,0.0000000000
43,166,3,0,0.0000000000
43,167,1,0,0.0000000000
43,167,2,0,0.0000000000
43,167,3,0,0.0000000000
43,168,1,0,0.0000000000
43,168,2,0,0.0000000000
43,168,3,0,0.0000000000
44,1,1,0,0.0000000000
44,1,2,0,0.0000000000
44,1,3,0,0.0000000000
44,2,1,0,0.0000000000
44,2,2,0,0.0000000000
44,2,3,0,0.0000000000
44,3,1,0,0.0000000000
44,3,2,0,0.0000000000
44,3,3,0,0.0000000000
44,4,1,0,0.0000000000
44,4,2,0,0.0000000000
44,4,3,0,0.0000000000
44,5,1,0,0.0000000000
44,5,2,0,0.0000000000
44,5,3,0,0.0000000000
44,6,1,0,0.0000000000
44,6,2,0,0.0000000000
44,6,3,0,0.0000000000
44,7,1,0,0.0000000000
44,7,2,0,0.0000000000
44,7,3,0,0.0000000000
44,8,1,0,0.0000000000
44,8,2,0,0.0000000000
44,8,3,0,0.0000000000
44,9,1,0,0.0000000000
44,9,2,0,0.0000000000
44,9,3,0,0.0000000000
44,10,1,0,0.0000000000
44,10,2,0,0.0000000000
44,10,3,0,0.0000000000
44,11,1,0,0.0000000000
44,11,2,0,0.0000000000
44,11,3,0,0.0000000000
44,12,1,0,0.0000000000
44,12,2,0,0.0000000000
44,12,3,0,0.0000000000
44,13,1,0,0.0000000000
44,13,2,0,0.0000000000
44,13,3,0,0.0000000000
44,14,1,0,0.0000000000
44,14,2,0,0.0000000000
44,14,3,0,0.0000000000
44,15,1,0,0.0000000000
44,15,2,0,0.0000000000
44,15,3,0,0.0000000000
44,16,1,0,0.0000000000
44,16,2,0,0.0000000000
44,16,3,0,0.0000000000
44,17,1,0,0.0000000000
44,17,2,0,0.0000000000
44,17,3,0,0.0000000000
44,18,1,0,0.0000000000
44,18,2,0,0.0000000000
44,18,3,0,0.0000000000
44,19,1,0,0.0000000000
44,19,2,0,0.0000000000
44,19,3,0,0.0000000000
44,20,1,0,0.0000000000
44,20,2,0,0.0000000000
44,20,3,0,0.0000000000
44,21,1,0,0.0000000000
44,21,2,0,0.0000000000
44,21,3,0,0.0000000000
44,22,1,0,0.0000000000
44,22,2,0,0.0000000000
44,22,3,0,0.0000000000
44,23,1,0,0.0000000000
44,23,2,0,0.0000000000
44,23,3,0,0.0000000000
44,24,1,0,0.0000000000
44,24,2,0,0.0000000000
44,24,3,0,0.0000000000
44,25,1,0,0.0000000000
44,25,2,0,0.0000000000
44,25,3,0,0.0000000000
44,26,1,0,0.0000000000
44,26,2,0,0.0000000000
44,26,3,0,0.0000000000
44,27,1,0,0.0000000000
44,27,2,0,0.0000000000
44,27,3,0,0.0000000000
44,28,1,0,0.0000000000
44,28,2,0,0.0000000000
44,28,3,0,0.0000000000
44,29,1,0,0.0000000000
44,29,2,0,0.0000000000
44,29,3,0,0.0000000000
44,30,1,0,0.0000000000
44,30,2,0,0.0000000000
44,30,3,0,0.0000000000
44,31,1,0,0.0000000000
44,31,2,0,0.0000000000
44,31,3,0,0.0000000000
44,32,1,0,0.0000000000
44,32,2,0,0.0000000000
44,32,3,0,0.0000000000
44,33,1,0,0.0000000000
44,33,2,0,0.0000000000
44,33,3,0,0.0000000000
44,34,1,0,0.0000000000
44,34,2,0,0.0000000000
44,34,3,0,0.0000000000
44,35,1,0,0.0000000000
44,35,2,0,0.0000000000
44,35,3,0,0.0000000000
44,36,1,0,0.0000000000
44,36,2,0,0.0000000000
44,36,3,0,0.0000000000
44,37,1,0,0.0000000000
44,37,2,0,0.0000000000
44,37,3,0,0.0000000000
44,38,1,0,0.0000000000
44,38,2,0,0.0000000000
44,38,3,0,0.0000000000
44,39,1,0,0.0000000000
44,39,2,0,0.0000000000
44,39,3,0,0.0000000000
44,40,1,0,0.0000000000
44,40,2,0,0.0000000000
44,40,3,0,0.0000000000
44,41,1,0,0.0000000000
44,41,2,0,0.0000000000
44,41,3,0,0.0000000000
44,42,1,0,0.0000000000
44,42,2,0,0.0000000000
44,42,3,0,0.0000000000
44,43,1,0,0.0000000000
44,43,2,0,0.0000000000
44,43,3,0,0.0000000000
44,44,1,0,0.0000000000
44,44,2,0,0.0000000000
44,44,3,0,0.0000000000
44,45,1,0,0.0000000000
44,45,2,0,0.0000000000
44,45,3,0,0.0000000000
44,46,1,0,0.0000000000
44,46,2,0,0.0000000000
44,46,3,0,0.0000000000
44,47,1,0,0.0000000000
44,47,2,0,0.0000000000
44,47,3,0,0.0000000000
44,48,1,0,0.0000000000
44,48,2,0,0.0000000000
44,48,3,0,0.0000000000
44,49,1,0,0.0000000000
44,49,2,0,0.0000000000
44,49,3,0,0.0000000000
44,50,1,0,0.0000000000
44,50,2,0,0.0000000000
44,50,3,0,0.0000000000
44,51,1,0,0.0000000000
44,51,2,0,0.0000000000
44,51,3,0,0.0000000000
44,52,1,0,0.0000000000
44,52,2,0,0.0000000000
44,52,3,0,0.0000000000
44,53,1,0,0.0000000000
44,53,2,0,0.0000000000
44,53,3,0,0.0000000000
44,54,1,0,0.0000000000
44,54,2,0,0.0000000000
44,54,3,0,0.0000000000
44,55,1,0,0.0000000000
44,55,2,0,0.0000000000
44,55,3,0,0.0000000000
44,56,1,0,0.0000000000
44,56,2,0,0.0000000000
44,56,3,0,0.0000000000
44,57,1,0,0.0000000000
44,57,2,0,0.0000000000
44,57,3,0,0.0000000000
44,58,1,0,0.0000000000
44,58,2,0,0.0000000000
44,58,3,0,0.0000000000
44,59,1,0,0.0000000000
44,59,2,0,0.0000000000
44,59,3,0,0.0000000000
44,60,1,0,0.0000000000
44,60,2,0,0.0000000000
44,60,3,0,0.0000000000
44,61,1,0,0.0000000000
44,61,2,0,0.0000000000
44,61,3,0,0.0000000000
44,62,1,0,0.0000000000
44,62,2,0,0.0000000000
44,62,3,0,0.0000000000
44,63,1,0,0.0000000000
44,63,2,0,0.0000000000
44,63,3,0,0.0000000000
44,64,1,0,0.0000000000
44,64,2,0,0.0000000000
44,64,3,0,0.0000000000
44,65,1,0,0.0000000000
44,65,2,0,0.0000000000
44,65,3,0,0.0000000000
44,66,1,0,0.0000000000
44,66,2,0,0.0000000000
44,66,3,0,0.0000000000
44,67,1,0,0.0000000000
44,67,2,0,0.0000000000
44,67,3,0,0.0000000000
44,68,1,0,0.0000000000
44,68,2,0,0.0000000000
44,68,3,0,0.0000000000
44,69,1,0,0.0000000000
44,69,2,0,0.0000000000
44,69,3,0,0.0000000000
44,70,1,0,0.0000000000
44,70,2,0,0.0000000000
44,70,3,0,0.0000000000
44,71,1,0,0.0000000000
44,71,2,0,0.0000000000
44,71,3,0,0.0000000000
44,72,1,0,0.0000000000
44,72,2,0,0.0000000000
44,72,3,0,0.0000000000
44,73,1,0,0.0000000000
44,73,2,0,0.0000000000
44,73,3,0,0.0000000000
44,74,1,0,0.0000000000
44,74,2,0,0.0000000000
44,74,3,0,0.0000000000
44,75,1,0,0.0000000000
44,75,2,0,0.0000000000
44,75,3,0,0.0000000000
44,76,1,0,0.0000000000
44,76,2,0,0.0000000000
44,76,3,0,0.0000000000
44,77,1,0,0.0000000000
44,77,2,0,0.0000000000
44,77,3,0,0.0000000000
44,78,1,0,0.0000000000
44,78,2,0,0.0000000000
44,78,3,0,0.0000000000
44,79,1,0,0.0000000000
44,79,2,0,0.0000000000
44,79,3,0,0.0000000000
44,80,1,0,0.0000000000
44,80,2,0,0.0000000000
44,80,3,0,0.0000000000
44,81,1,0,0.0000000000
44,81,2,0,0.0000000000
44,81,3,0,0.0000000000
44,82,1,0,0.0000000000
44,82,2,0,0.0000000000
44,82,3,0,0.0000000000
44,83,1,0,0.0000000000
44,83,2,0,0.0000000000
44,83,3,0,0.0000000000
44,84,1,0,0.0000000000
44,84,2,0,0.0000000000
44,84,3,0,0.0000000000
44,85,1,0,0.0000000000
44,85,2,0,0.0000000000
44,85,3,0,0.0000000000
44,86,1,0,0.0000000000
44,86,2,0,0.0000000000
44,86,3,0,0.0000000000
44,87,1,0,0.0000000000
44,87,2,0,0.0000000000
44,87,3,0,0.0000000000
44,88,1,0,0.0000000000
44,88,2,0,0.0000000000
44,88,3,0,0.0000000000
44,89,1,0,0.0000000000
44,89,2,0,0.0000000000
44,89,3,0,0.0000000000
44,90,1,0,0.0000000000
44,90,2,0,0.0000000000
44,90,3,0,0.0000000000
44,91,1,0,0.0000000000
44,91,2,0,0.0000000000
44,91,3,0,0.0000000000
44,92,1,0,0.0000000000
44,92,2,0,0.0000000000
44,92,3,0,0.0000000000
44,93,1,0,0.0000000000
44,93,2,0,0.0000000000
44,93,3,0,0.0000000000
44,94,1,0,0.0000000000
44,94,2,0,0.0000000000
44,94,3,0,0.0000000000
44,95,1,0,0.0000000000
44,95,2,0,0.0000000000
44,95,3,0,0.0000000000
44,96,1,0,0.0000000000
44,96,2,0,0.0000000000
44,96,3,0,0.0000000000
44,97,1,0,0.0000000000
44,97,2,0,0.0000000000
44,97,3,0,0.0000000000
44,98,1,0,0.0000000000
44,98,2,0,0.0000000000
44,98,3,0,0.0000000000
44,99,1,0,0.0000000000
44,99,2,0,0.0000000000
44,99,3,0,0.0000000000
44,100,1,0,0.0000000000
44,100,2,0,0.0000000000
44,100,3,0,0.0000000000
44,101,1,0,0.0000000000
44,101,2,0,0.0000000000
44,101,3,0,0.0000000000
44,102,1,0,0.0000000000
44,102,2,0,0.0000000000
44,102,3,0,0.0000000000
44,103,1,0,0.0000000000
44,103,2,0,0.0000000000
44,103,3,0,0.0000000000
44,104,1,0,0.0000000000
44,104,2,0,0.0000000000
44,104,3,0,0.0000000000
44,105,1,0,0.0000000000
44,105,2,0,0.0000000000
44,105,3,0,0.0000000000
44,106,1,0,0.0000000000
44,106,2,0,0.0000000000
44,106,3,0,0.0000000000
44,107,1,0,0.0000000000
44,107,2,0,0.0000000000
44,107,3,0,0.0000000000
44,108,1,0,0.0000000000
44,108,2,0,0.0000000000
44,108,3,0,0.0000000000
44,109,1,0,0.0000000000
44,109,2,0,0.0000000000
44,109,3,0,0.0000000000
44,110,1,0,0.0000000000
44,110,2,0,0.0000000000
44,110,3,0,0.0000000000
44,111,1,0,0.0000000000
44,111,2,0,0.0000000000
44,111,3,0,0.0000000000
44,112,1,0,0.0000000000
44,112,2,0,0.0000000000
44,112,3,0,0.0000000000
44,113,1,0,0.0000000000
44,113,2,0,0.0000000000
44,113,3,0,0.0000000000
44,114,1,0,0.0000000000
44,114,2,0,0.0000000000
44,114,3,0,0.0000000000
44,115,1,0,0.0000000000
44,115,2,0,0.0000000000
44,115,3,0,0.0000000000
44,116,1,0,0.0000000000
44,116,2,0,0.0000000000
44,116,3,0,0.0000000000
44,117,1,0,0.0000000000
44,117,2,0,0.0000000000
44,117,3,0,0.0000000000
44,118,1,0,0.0000000000
44,118,2,0,0.0000000000
44,118,3,0,0.0000000000
44,119,1,0,0.0000000000
44,119,2,0,0.0000000000
44,119,3,0,0.0000000000
44,120,1,0,0.0000000000
44,120,2,0,0.0000000000
44,120,3,0,0.0000000000
44,121,1,0,0.0000000000
44,121,2,0,0.0000000000
44,121,3,0,0.0000000000
44,122,1,0,0.0000000000
44,122,2,0,0.0000000000
44,122,3,0,0.0000000000
44,123,1,0,0.0000000000
44,123,2,0,0.0000000000
44,123,3,0,0.0000000000
44,124,1,0,0.0000000000
44,124,2,0,0.0000000000
44,124,3,0,0.0000000000
44,125,1,0,0.0000000000
44,125,2,0,0.0000000000
44,125,3,0,0.0000000000
44,126,1,0,0.0000000000
44,126,2,0,0.0000000000
44,126,3,0,0.0000000000
44,127,1,0,0.0000000000
44,127,2,0,0.0000000000
44,127,3,0,0.0000000000
44,128,1,0,0.0000000000
44,128,2,0,0.0000000000
44,128,3,0,0.0000000000
44,129,1,0,0.0000000000
44,129,2,0,0.0000000000
44,129,3,0,0.0000000000
44,130,1,0,0.0000000000
44,130,2,0,0.0000000000
44,130,3,0,0.0000000000
44,131,1,0,0.0000000000
44,131,2,0,0.0000000000
44,131,3,0,0.0000000000
44,132,1,0,0.0000000000
44,132,2,0,0.0000000000
44,132,3,0,0.0000000000
44,133,1,0,0.0000000000
44,133,2,0,0.0000000000
44,133,3,0,0.0000000000
44,134,1,0,0.0000000000
44,134,2,0,0.0000000000
44,134,3,0,0.0000000000
44,135,1,0,0.0000000000
44,135,2,0,0.0000000000
44,135,3,0,0.0000000000
44,136,1,0,0.0000000000
44,136,2,0,0.0000000000
44,136,3,0,0.0000000000
44,137,1,0,0.0000000000
44,137,2,0,0.0000000000
44,137,3,0,0.0000000000
44,138,1,0,0.0000000000
44,138,2,0,0.0000000000
44,138,3,0,0.0000000000
44,139,1,0,0.0000000000
44,139,2,0,0.0000000000
44,139,3,0,0.0000000000
44,140,1,0,0.0000000000
44,140,2,0,0.0000000000
44,140,3,0,0.0000000000
44,141,1,0,0.0000000000
44,141,2,0,0.0000000000
44,141,3,0,0.0000000000
44,142,1,0,0.0000000000
44,142,2,0,0.0000000000
44,142,3,0,0.0000000000
44,143,1,0,0.0000000000
44,143,2,0,0.0000000000
44,143,3,0,0.0000000000
44,144,1,0,0.0000000000
44,144,2,0,0.0000000000
44,144,3,0,0.0000000000
44,145,1,0,0.0000000000
44,145,2,0,0.0000000000
44,145,3,0,0.0000000000
44,146,1,0,0.0000000000
44,146,2,0,0.0000000000
44,146,3,0,0.0000000000
44,147,1,0,0.0000000000
44,147,2,0,0.0000000000
44,147,3,0,0.0000000000
44,148,1,0,0.0000000000
44,148,2,0,0.0000000000
44,148,3,0,0.0000000000
44,149,1,0,0.0000000000
44,149,2,0,0.0000000000
44,149,3,0,0.0000000000
44,150,1,0,0.0000000000
44,150,2,0,0.0000000000
44,150,3,0,0.0000000000
44,151,1,0,0.0000000000
44,151,2,0,0.0000000000
44,151,3,0,0.0000000000
44,152,1,0,0.0000000000
44,152,2,0,0.0000000000
44,152,3,0,0.0000000000
44,153,1,0,0.0000000000
44,153,2,0,0.0000000000
44,153,3,0,0.0000000000
44,154,1,0,0.0000000000
44,154,2,0,0.0000000000
44,154,3,0,0.0000000000
44,155,1,0,0.0000000000
44,155,2,0,0.0000000000
44,155,3,0,0.0000000000
44,156,1,0,0.0000000000
44,156,2,0,0.0000000000
44,156,3,0,0.0000000000
44,157,1,0,0.0000000000
44,157,2,0,0.0000000000
44,157,3,0,0.0000000000
44,158,1,0,0.0000000000
44,158,2,0,0.0000000000
44,158,3,0,0.0000000000
44,159,1,0,0.0000000000
44,159,2,0,0.0000000000
44,159,3,0,0.0000000000
44,160,1,0,0.0000000000
44,160,2,0,0.0000000000
44,160,3,0,0.0000000000
44,161,1,0,0.0000000000
44,161,2,0,0.0000000000
44,161,3,0,0.0000000000
44,162,1,0,0.0000000000
44,162,2,0,0.0000000000
44,162,3,0,0.0000000000
44,163,1,0,0.0000000000
44,163,2,0,0.0000000000
44,163,3,0,0.0000000000
44,164,1,0,0.0000000000
44,164,2,0,0.0000000000
44,164,3,0,0.0000000000
44,165,1,0,0.0000000000
44,165,2,0,0.0000000000
44,165,3,0,0.0000000000
44,166,1,0,0.0000000000
44,166,2,0,0.0000000000
44,166,3,0,0.0000000000
44,167,1,0,0.0000000000
44,167,2,0,0.0000000000
44,167,3,0,0.0000000000
44,168,1,0,0.0000000000
44,168,2,0,0.0000000000
44,168,3,0,0.0000000000
45,1,1,0,0.0000000000
45,1,2,0,0.0000000000
45,1,3,0,0.0000000000
45,2,1,0,0.0000000000
45,2,2,0,0.0000000000
45,2,3,0,0.0000000000
45,3,1,0,0.0000000000
45,3,2,0,0.0000000000
45,3,3,0,0.0000000000
45,4,1,0,0.0000000000
45,4,2,0,0.0000000000
45,4,3,0,0.0000000000
45,5,1,0,0.0000000000
45,5,2,0,0.0000000000
45,5,3,0,0.0000000000
45,6,1,0,0.0000000000
45,6,2,0,0.0000000000
45,6,3,0,0.0000000000
45,7,1,0,0.0000000000
45,7,2,0,0.0000000000
45,7,3,0,0.0000000000
45,8,1,0,0.0000000000
45,8,2,0,0.0000000000
45,8,3,0,0.0000000000
45,9,1,0,0.0000000000
45,9,2,0,0.0000000000
45,9,3,0,0.0000000000
45,10,1,0,0.0000000000
45,10,2,0,0.0000000000
45,10,3,0,0.0000000000
45,11,1,0,0.0000000000
45,11,2,0,0.0000000000
45,11,3,0,0.0000000000
45,12,1,0,0.0000000000
45,12,2,0,0.0000000000
45,12,3,0,0.0000000000
45,13,1,0,0.0000000000
45,13,2,0,0.0000000000
45,13,3,0,0.0000000000
45,14,1,0,0.0000000000
45,14,2,0,0.0000000000
45,14,3,0,0.0000000000
45,15,1,0,0.0000000000
45,15,2,0,0.0000000000
45,15,3,0,0.0000000000
45,16,1,0,0.0000000000
45,16,2,0,0.0000000000
45,16,3,0,0.0000000000
45,17,1,0,0.0000000000
45,17,2,0,0.0000000000
45,17,3,0,0.0000000000
45,18,1,0,0.0000000000
45,18,2,0,0.0000000000
45,18,3,0,0.0000000000
45,19,1,0,0.0000000000
45,19,2,0,0.0000000000
45,19,3,0,0.0000000000
45,20,1,0,0.0000000000
45,20,2,0,0.0000000000
45,20,3,0,0.0000000000
45,21,1,0,0.0000000000
45,21,2,0,0.0000000000
45,21,3,0,0.0000000000
45,22,1,0,0.0000000000
45,22,2,0,0.0000000000
45,22,3,0,0.0000000000
45,23,1,0,0.0000000000
45,23,2,0,0.0000000000
45,23,3,0,0.0000000000
45,24,1,0,0.0000000000
45,24,2,0,0.0000000000
45,24,3,0,0.0000000000
45,25,1,0,0.0000000000
45,25,2,0,0.0000000000
45,25,3,0,0.0000000000
45,26,1,0,0.0000000000
45,26,2,0,0.0000000000
45,26,3,0,0.0000000000
45,27,1,0,0.0000000000
45,27,2,0,0.0000000000
45,27,3,0,0.0000000000
45,28,1,0,0.0000000000
45,28,2,0,0.0000000000
45,28,3,0,0.0000000000
45,29,1,0,0.0000000000
45,29,2,0,0.0000000000
45,29,3,0,0.0000000000
45,30,1,0,0.0000000000
45,30,2,0,0.0000000000
45,30,3,0,0.0000000000
45,31,1,0,0.0000000000
45,31,2,0,0.0000000000
45,31,3,0,0.0000000000
45,32,1,0,0.0000000000
45,32,2,0,0.0000000000
45,32,3,0,0.0000000000
45,33,1,0,0.0000000000
45,33,2,0,0.0000000000
45,33,3,0,0.0000000000
45,34,1,0,0.0000000000
45,34,2,0,0.0000000000
45,34,3,0,0.0000000000
45,35,1,0,0.0000000000
45,35,2,0,0.0000000000
45,35,3,0,0.0000000000
45,36,1,0,0.0000000000
45,36,2,0,0.0000000000
45,36,3,0,0.0000000000
45,37,1,0,0.0000000000
45,37,2,0,0.0000000000
45,37,3,0,0.0000000000
45,38,1,0,0.0000000000
45,38,2,0,0.0000000000
45,38,3,0,0.0000000000
45,39,1,0,0.0000000000
45,39,2,0,0.0000000000
45,39,3,0,0.0000000000
45,40,1,0,0.0000000000
45,40,2,0,0.0000000000
45,40,3,0,0.0000000000
45,41,1,0,0.0000000000
45,41,2,0,0.0000000000
45,41,3,0,0.0000000000
45,42,1,0,0.0000000000
45,42,2,0,0.0000000000
45,42,3,0,0.0000000000
45,43,1,0,0.0000000000
45,43,2,0,0.0000000000
45,43,3,0,0.0000000000
45,44,1,0,0.0000000000
45,44,2,0,0.0000000000
45,44,3,0,0.0000000000
45,45,1,0,0.0000000000
45,45,2,0,0.0000000000
45,45,3,0,0.0000000000
45,46,1,0,0.0000000000
45,46,2,0,0.0000000000
45,46,3,0,0.0000000000
45,47,1,0,0.0000000000
45,47,2,0,0.0000000000
45,47,3,0,0.0000000000
45,48,1,0,0.0000000000
45,48,2,0,0.0000000000
45,48,3,0,0.0000000000
45,49,1,0,0.0000000000
45,49,2,0,0.0000000000
45,49,3,0,0.0000000000
45,50,1,0,0.0000000000
45,50,2,0,0.0000000000
45,50,3,0,0.0000000000
45,51,1,0,0.0000000000
45,51,2,0,0.0000000000
45,51,3,0,0.0000000000
45,52,1,0,0.0000000000
45,52,2,0,0.0000000000
45,52,3,0,0.0000000000
45,53,1,0,0.0000000000
45,53,2,0,0.0000000000
45,53,3,0,0.0000000000
45,54,1,0,0.0000000000
45,54,2,0,0.0000000000
45,54,3,0,0.0000000000
45,55,1,0,0.0000000000
45,55,2,0,0.0000000000
45,55,3,0,0.0000000000
45,56,1,0,0.0000000000
45,56,2,0,0.0000000000
45,56,3,0,0.0000000000
45,57,1,0,0.0000000000
45,57,2,0,0.0000000000
45,57,3,0,0.0000000000
45,58,1,0,0.0000000000
45,58,2,0,0.0000000000
45,58,3,0,0.0000000000
45,59,1,0,0.0000000000
45,59,2,0,0.0000000000
45,59,3,0,0.0000000000
45,60,1,0,0.0000000000
45,60,2,0,0.0000000000
45,60,3,0,0.0000000000
45,61,1,0,0.0000000000
45,61,2,0,0.0000000000
45,61,3,0,0.0000000000
45,62,1,0,0.0000000000
45,62,2,0,0.0000000000
45,62,3,0,0.0000000000
45,63,1,0,0.0000000000
45,63,2,0,0.0000000000
45,63,3,0,0.0000000000
45,64,1,0,0.0000000000
45,64,2,0,0.0000000000
45,64,3,0,0.0000000000
45,65,1,0,0.0000000000
45,65,2,0,0.0000000000
45,65,3,0,0.0000000000
45,66,1,0,0.0000000000
45,66,2,0,0.0000000000
45,66,3,0,0.0000000000
45,67,1,0,0.0000000000
45,67,2,0,0.0000000000
45,67,3,0,0.0000000000
45,68,1,0,0.0000000000
45,68,2,0,0.0000000000
45,68,3,0,0.0000000000
45,69,1,0,0.0000000000
45,69,2,0,0.0000000000
45,69,3,0,0.0000000000
45,70,1,0,0.0000000000
45,70,2,0,0.0000000000
45,70,3,0,0.0000000000
45,71,1,0,0.0000000000
45,71,2,0,0.0000000000
45,71,3,0,0.0000000000
45,72,1,0,0.0000000000
45,72,2,0,0.0000000000
45,72,3,0,0.0000000000
45,73,1,0,0.0000000000
45,73,2,0,0.0000000000
45,73,3,0,0.0000000000
45,74,1,0,0.0000000000
45,74,2,0,0.0000000000
45,74,3,0,0.0000000000
45,75,1,0,0.0000000000
45,75,2,0,0.0000000000
45,75,3,0,0.0000000000
45,76,1,0,0.0000000000
45,76,2,0,0.0000000000
45,76,3,0,0.0000000000
45,77,1,0,0.0000000000
45,77,2,0,0.0000000000
45,77,3,0,0.0000000000
45,78,1,0,0.0000000000
45,78,2,0,0.0000000000
45,78,3,0,0.0000000000
45,79,1,0,0.0000000000
45,79,2,0,0.0000000000
45,79,3,0,0.0000000000
45,80,1,0,0.0000000000
45,80,2,0,0.0000000000
45,80,3,0,0.0000000000
45,81,1,0,0.0000000000
45,81,2,0,0.0000000000
45,81,3,0,0.0000000000
45,82,1,0,0.0000000000
45,82,2,0,0.0000000000
45,82,3,0,0.0000000000
45,83,1,0,0.0000000000
45,83,2,0,0.0000000000
45,83,3,0,0.0000000000
45,84,1,0,0.0000000000
45,84,2,0,0.0000000000
45,84,3,0,0.0000000000
45,85,1,0,0.0000000000
45,85,2,0,0.0000000000
45,85,3,0,0.0000000000
45,86,1,0,0.0000000000
45,86,2,0,0.0000000000
45,86,3,0,0.0000000000
45,87,1,0,0.0000000000
45,87,2,0,0.0000000000
45,87,3,0,0.0000000000
45,88,1,0,0.0000000000
45,88,2,0,0.0000000000
45,88,3,0,0.0000000000
45,89,1,0,0.0000000000
45,89,2,0,0.0000000000
45,89,3,0,0.0000000000
45,90,1,0,0.0000000000
45,90,2,0,0.0000000000
45,90,3,0,0.0000000000
45,91,1,0,0.0000000000
45,91,2,0,0.0000000000
45,91,3,0,0.0000000000
45,92,1,0,0.0000000000
45,92,2,0,0.0000000000
45,92,3,0,0.0000000000
45,93,1,0,0.0000000000
45,93,2,0,0.0000000000
45,93,3,0,0.0000000000
45,94,1,0,0.0000000000
45,94,2,0,0.0000000000
45,94,3,0,0.0000000000
45,95,1,0,0.0000000000
45,95,2,0,0.0000000000
45,95,3,0,0.0000000000
45,96,1,0,0.0000000000
45,96,2,0,0.0000000000
45,96,3,0,0.0000000000
45,97,1,0,0.0000000000
45,97,2,0,0.0000000000
45,97,3,0,0.0000000000
45,98,1,0,0.0000000000
45,98,2,0,0.0000000000
45,98,3,0,0.0000000000
45,99,1,0,0.0000000000
45,99,2,0,0.0000000000
45,99,3,0,0.0000000000
45,100,1,0,0.0000000000
45,100,2,0,0.0000000000
45,100,3,0,0.0000000000
45,101,1,0,0.0000000000
45,101,2,0,0.0000000000
45,101,3,0,0.0000000000
45,102,1,0,0.0000000000
45,102,2,0,0.0000000000
45,102,3,0,0.0000000000
45,103,1,0,0.0000000000
45,103,2,0,0.0000000000
45,103,3,0,0.0000000000
45,104,1,0,0.0000000000
45,104,2,0,0.0000000000
45,104,3,0,0.0000000000
45,105,1,0,0.0000000000
45,105,2,0,0.0000000000
45,105,3,0,0.0000000000
45,106,1,0,0.0000000000
45,106,2,0,0.0000000000
45,106,3,0,0.0000000000
45,107,1,0,0.0000000000
45,107,2,0,0.0000000000
45,107,3,0,0.0000000000
45,108,1,0,0.0000000000
45,108,2,0,0.0000000000
45,108,3,0,0.0000000000
45,109,1,0,0.0000000000
45,109,2,0,0.0000000000
45,109,3,0,0.0000000000
45,110,1,0,0.0000000000
45,110,2,0,0.0000000000
45,110,3,0,0.0000000000
45,111,1,0,0.0000000000
45,111,2,0,0.0000000000
45,111,3,0,0.0000000000
45,112,1,0,0.0000000000
45,112,2,0,0.0000000000
45,112,3,0,0.0000000000
45,113,1,0,0.0000000000
45,113,2,0,0.0000000000
45,113,3,0,0.0000000000
45,114,1,0,0.0000000000
45,114,2,0,0.0000000000
45,114,3,0,0.0000000000
45,115,1,0,0.0000000000
45,115,2,0,0.0000000000
45,115,3,0,0.0000000000
45,116,1,0,0.0000000000
45,116,2,0,0.0000000000
45,116,3,0,0.0000000000
45,117,1,0,0.0000000000
45,117,2,0,0.0000000000
45,117,3,0,0.0000000000
45,118,1,0,0.0000000000
45,118,2,0,0.0000000000
45,118,3,0,0.0000000000
45,119,1,0,0.0000000000
45,119,2,0,0.0000000000
45,119,3,0,0.0000000000
45,120,1,0,0.0000000000
45,120,2,0,0.0000000000
45,120,3,0,0.0000000000
45,121,1,0,0.0000000000
45,121,2,0,0.0000000000
45,121,3,0,0.0000000000
45,122,1,0,0.0000000000
45,122,2,0,0.0000000000
45,122,3,0,0.0000000000
45,123,1,0,0.0000000000
45,123,2,0,0.0000000000
45,123,3,0,0.0000000000
45,124,1,0,0.0000000000
45,124,2,0,0.0000000000
45,124,3,0,0.0000000000
45,125,1,0,0.0000000000
45,125,2,0,0.0000000000
45,125,3,0,0.0000000000
45,126,1,0,0.0000000000
45,126,2,0,0.0000000000
45,126,3,0,0.0000000000
45,127,1,0,0.0000000000
45,127,2,0,0.0000000000
45,127,3,0,0.0000000000
45,128,1,0,0.0000000000
45,128,2,0,0.0000000000
45,128,3,0,0.0000000000
45,129,1,0,0.0000000000
45,129,2,0,0.0000000000
45,129,3,0,0.0000000000
45,130,1,0,0.0000000000
45,130,2,0,0.0000000000
45,130,3,0,0.0000000000
45,131,1,0,0.0000000000
45,131,2,0,0.0000000000
45,131,3,0,0.0000000000
45,132,1,0,0.0000000000
45,132,2,0,0.0000000000
45,132,3,0,0.0000000000
45,133,1,0,0.0000000000
45,133,2,0,0.0000000000
45,133,3,0,0.0000000000
45,134,1,0,0.0000000000
45,134,2,0,0.0000000000
45,134,3,0,0.0000000000
45,135,1,0,0.0000000000
45,135,2,0,0.0000000000
45,135,3,0,0.0000000000
45,136,1,0,0.0000000000
45,136,2,0,0.0000000000
45,136,3,0,0.0000000000
45,137,1,0,0.0000000000
45,137,2,0,0.0000000000
45,137,3,0,0.0000000000
45,138,1,0,0.0000000000
45,138,2,0,0.0000000000
45,138,3,0,0.0000000000
45,139,1,0,0.0000000000
45,139,2,0,0.0000000000
45,139,3,0,0.0000000000
45,140,1,0,0.0000000000
45,140,2,0,0.0000000000
45,140,3,0,0.0000000000
45,141,1,0,0.0000000000
45,141,2,0,0.0000000000
45,141,3,0,0.0000000000
45,142,1,0,0.0000000000
45,142,2,0,0.0000000000
45,142,3,0,0.0000000000
45,143,1,0,0.0000000000
45,143,2,0,0.0000000000
45,143,3,0,0.0000000000
45,144,1,0,0.0000000000
45,144,2,0,0.0000000000
45,144,3,0,0.0000000000
45,145,1,0,0.0000000000
45,145,2,0,0.0000000000
45,145,3,0,0.0000000000
45,146,1,0,0.0000000000
45,146,2,0,0.0000000000
45,146,3,0,0.0000000000
45,147,1,0,0.0000000000
45,147,2,0,0.0000000000
45,147,3,0,0.0000000000
45,148,1,0,0.0000000000
45,148,2,0,0.0000000000
45,148,3,0,0.0000000000
45,149,1,0,0.0000000000
45,149,2,0,0.0000000000
45,149,3,0,0.0000000000
45,150,1,0,0.0000000000
45,150,2,0,0.0000000000
45,150,3,0,0.0000000000
45,151,1,0,0.0000000000
45,151,2,0,0.0000000000
45,151,3,0,0.0000000000
45,152,1,0,0.0000000000
45,152,2,0,0.0000000000
45,152,3,0,0.0000000000
45,153,1,0,0.0000000000
45,153,2,0,0.0000000000
45,153,3,0,0.0000000000
45,154,1,0,0.0000000000
45,154,2,0,0.0000000000
45,154,3,0,0.0000000000
45,155,1,0,0.0000000000
45,155,2,0,0.0000000000
45,155,3,0,0.0000000000
45,156,1,0,0.0000000000
45,156,2,0,0.0000000000
45,156,3,0,0.0000000000
45,157,1,0,0.0000000000
45,157,2,0,0.0000000000
45,157,3,0,0.0000000000
45,158,1,0,0.0000000000
45,158,2,0,0.0000000000
45,158,3,0,0.0000000000
45,159,1,0,0.0000000000
45,159,2,0,0.0000000000
45,159,3,0,0.0000000000
45,160,1,0,0.0000000000
45,160,2,0,0.0000000000
45,160,3,0,0.0000000000
45,161,1,0,0.0000000000
45,161,2,0,0.0000000000
45,161,3,0,0.0000000000
45,162,1,0,0.0000000000
45,162,2,0,0.0000000000
45,162,3,0,0.0000000000
45,163,1,0,0.0000000000
45,163,2,0,0.0000000000
45,163,3,0,0.0000000000
45,164,1,0,0.0000000000
45,164,2,0,0.0000000000
45,164,3,0,0.0000000000
45,165,1,0,0.0000000000
45,165,2,0,0.0000000000
45,165,3,0,0.0000000000
45,166,1,0,0.0000000000
45,166,2,0,0.0000000000
45,166,3,0,0.0000000000
45,167,1,0,0.0000000000
45,167,2,0,0.0000000000
45,167,3,0,0.0000000000
45,168,1,0,0.0000000000
45,168,2,0,0.0000000000
45,168,3,0,0.0000000000
47,1,1,0,0.0000000000
47,1,2,0,0.0000000000
47,1,3,0,0.0000000000
47,2,1,0,0.0000000000
47,2,2,0,0.0000000000
47,2,3,0,0.0000000000
47,3,1,0,0.0000000000
47,3,2,0,0.0000000000
47,3,3,0,0.0000000000
47,4,1,0,0.0000000000
47,4,2,0,0.0000000000
47,4,3,0,0.0000000000
47,5,1,0,0.0000000000
47,5,2,0,0.0000000000
47,5,3,0,0.0000000000
47,6,1,0,0.0000000000
47,6,2,0,0.0000000000
47,6,3,0,0.0000000000
47,7,1,0,0.0000000000
47,7,2,0,0.0000000000
47,7,3,0,0.0000000000
47,8,1,0,0.0000000000
47,8,2,0,0.0000000000
47,8,3,0,0.0000000000
47,9,1,0,0.0000000000
47,9,2,0,0.0000000000
47,9,3,0,0.0000000000
47,10,1,0,0.0000000000
47,10,2,0,0.0000000000
47,10,3,0,0.0000000000
47,11,1,0,0.0000000000
47,11,2,0,0.0000000000
47,11,3,0,0.0000000000
47,12,1,0,0.0000000000
47,12,2,0,0.0000000000
47,12,3,0,0.0000000000
47,13,1,0,0.0000000000
47,13,2,0,0.0000000000
47,13,3,0,0.0000000000
47,14,1,0,0.0000000000
47,14,2,0,0.0000000000
47,14,3,0,0.0000000000
47,15,1,0,0.0000000000
47,15,2,0,0.0000000000
47,15,3,0,0.0000000000
47,16,1,0,0.0000000000
47,16,2,0,0.0000000000
47,16,3,0,0.0000000000
47,17,1,0,0.0000000000
47,17,2,0,0.0000000000
47,17,3,0,0.0000000000
47,18,1,0,0.0000000000
47,18,2,0,0.0000000000
47,18,3,0,0.0000000000
47,19,1,0,0.0000000000
47,19,2,0,0.0000000000
47,19,3,0,0.0000000000
47,20,1,0,0.0000000000
47,20,2,0,0.0000000000
47,20,3,0,0.0000000000
47,21,1,0,0.0000000000
47,21,2,0,0.0000000000
47,21,3,0,0.0000000000
47,22,1,0,0.0000000000
47,22,2,0,0.0000000000
47,22,3,0,0.0000000000
47,23,1,0,0.0000000000
47,23,2,0,0.0000000000
47,23,3,0,0.0000000000
47,24,1,0,0.0000000000
47,24,2,0,0.0000000000
47,24,3,0,0.0000000000
47,25,1,0,0.0000000000
47,25,2,0,0.0000000000
47,25,3,0,0.0000000000
47,26,1,0,0.0000000000
47,26,2,0,0.0000000000
47,26,3,0,0.0000000000
47,27,1,0,0.0000000000
47,27,2,0,0.0000000000
47,27,3,0,0.0000000000
47,28,1,0,0.0000000000
47,28,2,0,0.0000000000
47,28,3,0,0.0000000000
47,29,1,0,0.0000000000
47,29,2,0,0.0000000000
47,29,3,0,0.0000000000
47,30,1,0,0.0000000000
47,30,2,0,0.0000000000
47,30,3,0,0.0000000000
47,31,1,0,0.0000000000
47,31,2,0,0.0000000000
47,31,3,0,0.0000000000
47,32,1,0,0.0000000000
47,32,2,0,0.0000000000
47,32,3,0,0.0000000000
47,33,1,0,0.0000000000
47,33,2,0,0.0000000000
47,33,3,0,0.0000000000
47,34,1,0,0.0000000000
47,34,2,0,0.0000000000
47,34,3,0,0.0000000000
47,35,1,0,0.0000000000
47,35,2,0,0.0000000000
47,35,3,0,0.0000000000
47,36,1,0,0.0000000000
47,36,2,0,0.0000000000
47,36,3,0,0.0000000000
47,37,1,0,0.0000000000
47,37,2,0,0.0000000000
47,37,3,0,0.0000000000
47,38,1,0,0.0000000000
47,38,2,0,0.0000000000
47,38,3,0,0.0000000000
47,39,1,0,0.0000000000
47,39,2,0,0.0000000000
47,39,3,0,0.0000000000
47,40,1,0,0.0000000000
47,40,2,0,0.0000000000
47,40,3,0,0.0000000000
47,41,1,0,0.0000000000
47,41,2,0,0.0000000000
47,41,3,0,0.0000000000
47,42,1,0,0.0000000000
47,42,2,0,0.0000000000
47,42,3,0,0.0000000000
47,43,1,0,0.0000000000
47,43,2,0,0.0000000000
47,43,3,0,0.0000000000
47,44,1,0,0.0000000000
47,44,2,0,0.0000000000
47,44,3,0,0.0000000000
47,45,1,0,0.0000000000
47,45,2,0,0.0000000000
47,45,3,0,0.0000000000
47,46,1,0,0.0000000000
47,46,2,0,0.0000000000
47,46,3,0,0.0000000000
47,47,1,0,0.0000000000
47,47,2,0,0.0000000000
47,47,3,0,0.0000000000
47,48,1,0,0.0000000000
47,48,2,0,0.0000000000
47,48,3,0,0.0000000000
47,49,1,0,0.0000000000
47,49,2,0,0.0000000000
47,49,3,0,0.0000000000
47,50,1,0,0.0000000000
47,50,2,0,0.0000000000
47,50,3,0,0.0000000000
47,51,1,0,0.0000000000
47,51,2,0,0.0000000000
47,51,3,0,0.0000000000
47,52,1,0,0.0000000000
47,52,2,0,0.0000000000
47,52,3,0,0.0000000000
47,53,1,0,0.0000000000
47,53,2,0,0.0000000000
47,53,3,0,0.0000000000
47,54,1,0,0.0000000000
47,54,2,0,0.0000000000
47,54,3,0,0.0000000000
47,55,1,0,0.0000000000
47,55,2,0,0.0000000000
47,55,3,0,0.0000000000
47,56,1,0,0.0000000000
47,56,2,0,0.0000000000
47,56,3,0,0.0000000000
47,57,1,0,0.0000000000
47,57,2,0,0.0000000000
47,57,3,0,0.0000000000
47,58,1,0,0.0000000000
47,58,2,0,0.0000000000
47,58,3,0,0.0000000000
47,59,1,0,0.0000000000
47,59,2,0,0.0000000000
47,59,3,0,0.0000000000
47,60,1,0,0.0000000000
47,60,2,0,0.0000000000
47,60,3,0,0.0000000000
47,61,1,0,0.0000000000
47,61,2,0,0.0000000000
47,61,3,0,0.0000000000
47,62,1,0,0.0000000000
47,62,2,0,0.0000000000
47,62,3,0,0.0000000000
47,63,1,0,0.0000000000
47,63,2,0,0.0000000000
47,63,3,0,0.0000000000
47,64,1,0,0.0000000000
47,64,2,0,0.0000000000
47,64,3,0,0.0000000000
47,65,1,0,0.0000000000
47,65,2,0,0.0000000000
47,65,3,0,0.0000000000
47,66,1,0,0.0000000000
47,66,2,0,0.0000000000
47,66,3,0,0.0000000000
47,67,1,0,0.0000000000
47,67,2,0,0.0000000000
47,67,3,0,0.0000000000
47,68,1,0,0.0000000000
47,68,2,0,0.0000000000
47,68,3,0,0.0000000000
47,69,1,0,0.0000000000
47,69,2,0,0.0000000000
47,69,3,0,0.0000000000
47,70,1,0,0.0000000000
47,70,2,0,0.0000000000
47,70,3,0,0.0000000000
47,71,1,0,0.0000000000
47,71,2,0,0.0000000000
47,71,3,0,0.0000000000
47,72,1,0,0.0000000000
47,72,2,0,0.0000000000
47,72,3,0,0.0000000000
47,73,1,0,0.0000000000
47,73,2,0,0.0000000000
47,73,3,0,0.0000000000
47,74,1,0,0.0000000000
47,74,2,0,0.0000000000
47,74,3,0,0.0000000000
47,75,1,0,0.0000000000
47,75,2,0,0.0000000000
47,75,3,0,0.0000000000
47,76,1,0,0.0000000000
47,76,2,0,0.0000000000
47,76,3,0,0.0000000000
47,77,1,0,0.0000000000
47,77,2,0,0.0000000000
47,77,3,0,0.0000000000
47,78,1,0,0.0000000000
47,78,2,0,0.0000000000
47,78,3,0,0.0000000000
47,79,1,0,0.0000000000
47,79,2,0,0.0000000000
47,79,3,0,0.0000000000
47,80,1,0,0.0000000000
47,80,2,0,0.0000000000
47,80,3,0,0.0000000000
47,81,1,0,0.0000000000
47,81,2,0,0.0000000000
47,81,3,0,0.0000000000
47,82,1,0,0.0000000000
47,82,2,0,0.0000000000
47,82,3,0,0.0000000000
47,83,1,0,0.0000000000
47,83,2,0,0.0000000000
47,83,3,0,0.0000000000
47,84,1,0,0.0000000000
47,84,2,0,0.0000000000
47,84,3,0,0.0000000000
47,85,1,0,0.0000000000
47,85,2,0,0.0000000000
47,85,3,0,0.0000000000
47,86,1,0,0.0000000000
47,86,2,0,0.0000000000
47,86,3,0,0.0000000000
47,87,1,0,0.0000000000
47,87,2,0,0.0000000000
47,87,3,0,0.0000000000
47,88,1,0,0.0000000000
47,88,2,0,0.0000000000
47,88,3,0,0.0000000000
47,89,1,0,0.0000000000
47,89,2,0,0.0000000000
47,89,3,0,0.0000000000
47,90,1,0,0.0000000000
47,90,2,0,0.0000000000
47,90,3,0,0.0000000000
47,91,1,0,0.0000000000
47,91,2,0,0.0000000000
47,91,3,0,0.0000000000
47,92,1,0,0.0000000000
47,92,2,0,0.0000000000
47,92,3,0,0.0000000000
47,93,1,0,0.0000000000
47,93,2,0,0.0000000000
47,93,3,0,0.0000000000
47,94,1,0,0.0000000000
47,94,2,0,0.0000000000
47,94,3,0,0.0000000000
47,95,1,0,0.0000000000
47,95,2,0,0.0000000000
47,95,3,0,0.0000000000
47,96,1,0,0.0000000000
47,96,2,0,0.0000000000
47,96,3,0,0.0000000000
47,97,1,0,0.0000000000
47,97,2,0,0.0000000000
47,97,3,0,0.0000000000
47,98,1,0,0.0000000000
47,98,2,0,0.0000000000
47,98,3,0,0.0000000000
47,99,1,0,0.0000000000
47,99,2,0,0.0000000000
47,99,3,0,0.0000000000
47,100,1,0,0.0000000000
47,100,2,0,0.0000000000
47,100,3,0,0.0000000000
47,101,1,0,0.0000000000
47,101,2,0,0.0000000000
47,101,3,0,0.0000000000
47,102,1,0,0.0000000000
47,102,2,0,0.0000000000
47,102,3,0,0.0000000000
47,103,1,0,0.0000000000
47,103,2,0,0.0000000000
47,103,3,0,0.0000000000
47,104,1,0,0.0000000000
47,104,2,0,0.0000000000
47,104,3,0,0.0000000000
47,105,1,0,0.0000000000
47,105,2,0,0.0000000000
47,105,3,0,0.0000000000
47,106,1,0,0.0000000000
47,106,2,0,0.0000000000
47,106,3,0,0.0000000000
47,107,1,0,0.0000000000
47,107,2,0,0.0000000000
47,107,3,0,0.0000000000
47,108,1,0,0.0000000000
47,108,2,0,0.0000000000
47,108,3,0,0.0000000000
47,109,1,0,0.0000000000
47,109,2,0,0.0000000000
47,109,3,0,0.0000000000
47,110,1,0,0.0000000000
47,110,2,0,0.0000000000
47,110,3,0,0.0000000000
47,111,1,0,0.0000000000
47,111,2,0,0.0000000000
47,111,3,0,0.0000000000
47,112,1,0,0.0000000000
47,112,2,0,0.0000000000
47,112,3,0,0.0000000000
47,113,1,0,0.0000000000
47,113,2,0,0.0000000000
47,113,3,0,0.0000000000
47,114,1,0,0.0000000000
47,114,2,0,0.0000000000
47,114,3,0,0.0000000000
47,115,1,0,0.0000000000
47,115,2,0,0.0000000000
47,115,3,0,0.0000000000
47,116,1,0,0.0000000000
47,116,2,0,0.0000000000
47,116,3,0,0.0000000000
47,117,1,0,0.0000000000
47,117,2,0,0.0000000000
47,117,3,0,0.0000000000
47,118,1,0,0.0000000000
47,118,2,0,0.0000000000
47,118,3,0,0.0000000000
47,119,1,0,0.0000000000
47,119,2,0,0.0000000000
47,119,3,0,0.0000000000
47,120,1,0,0.0000000000
47,120,2,0,0.0000000000
47,120,3,0,0.0000000000
47,121,1,0,0.0000000000
47,121,2,0,0.0000000000
47,121,3,0,0.0000000000
47,122,1,0,0.0000000000
47,122,2,0,0.0000000000
47,122,3,0,0.0000000000
47,123,1,0,0.0000000000
47,123,2,0,0.0000000000
47,123,3,0,0.0000000000
47,124,1,0,0.0000000000
47,124,2,0,0.0000000000
47,124,3,0,0.0000000000
47,125,1,0,0.0000000000
47,125,2,0,0.0000000000
47,125,3,0,0.0000000000
47,126,1,0,0.0000000000
47,126,2,0,0.0000000000
47,126,3,0,0.0000000000
47,127,1,0,0.0000000000
47,127,2,0,0.0000000000
47,127,3,0,0.0000000000
47,128,1,0,0.0000000000
47,128,2,0,0.0000000000
47,128,3,0,0.0000000000
47,129,1,0,0.0000000000
47,129,2,0,0.0000000000
47,129,3,0,0.0000000000
47,130,1,0,0.0000000000
47,130,2,0,0.0000000000
47,130,3,0,0.0000000000
47,131,1,0,0.0000000000
47,131,2,0,0.0000000000
47,131,3,0,0.0000000000
47,132,1,0,0.0000000000
47,132,2,0,0.0000000000
47,132,3,0,0.0000000000
47,133,1,0,0.0000000000
47,133,2,0,0.0000000000
47,133,3,0,0.0000000000
47,134,1,0,0.0000000000
47,134,2,0,0.0000000000
47,134,3,0,0.0000000000
47,135,1,0,0.0000000000
47,135,2,0,0.0000000000
47,135,3,0,0.0000000000
47,136,1,0,0.0000000000
47,136,2,0,0.0000000000
47,136,3,0,0.0000000000
47,137,1,0,0.0000000000
47,137,2,0,0.0000000000
47,137,3,0,0.0000000000
47,138,1,0,0.0000000000
47,138,2,0,0.0000000000
47,138,3,0,0.0000000000
47,139,1,0,0.0000000000
47,139,2,0,0.0000000000
47,139,3,0,0.0000000000
47,140,1,0,0.0000000000
47,140,2,0,0.0000000000
47,140,3,0,0.0000000000
47,141,1,0,0.0000000000
47,141,2,0,0.0000000000
47,141,3,0,0.0000000000
47,142,1,0,0.0000000000
47,142,2,0,0.0000000000
47,142,3,0,0.0000000000
47,143,1,0,0.0000000000
47,143,2,0,0.0000000000
47,143,3,0,0.0000000000
47,144,1,0,0.0000000000
47,144,2,0,0.0000000000
47,144,3,0,0.0000000000
47,145,1,0,0.0000000000
47,145,2,0,0.0000000000
47,145,3,0,0.0000000000
47,146,1,0,0.0000000000
47,146,2,0,0.0000000000
47,146,3,0,0.0000000000
47,147,1,0,0.0000000000
47,147,2,0,0.0000000000
47,147,3,0,0.0000000000
47,148,1,0,0.0000000000
47,148,2,0,0.0000000000
47,148,3,0,0.0000000000
47,149,1,0,0.0000000000
47,149,2,0,0.0000000000
47,149,3,0,0.0000000000
47,150,1,0,0.0000000000
47,150,2,0,0.0000000000
47,150,3,0,0.0000000000
47,151,1,0,0.0000000000
47,151,2,0,0.0000000000
47,151,3,0,0.0000000000
47,152,1,0,0.0000000000
47,152,2,0,0.0000000000
47,152,3,0,0.0000000000
47,153,1,0,0.0000000000
47,153,2,0,0.0000000000
47,153,3,0,0.0000000000
47,154,1,0,0.0000000000
47,154,2,0,0.0000000000
47,154,3,0,0.0000000000
47,155,1,0,0.0000000000
47,155,2,0,0.0000000000
47,155,3,0,0.0000000000
47,156,1,0,0.0000000000
47,156,2,0,0.0000000000
47,156,3,0,0.0000000000
47,157,1,0,0.0000000000
47,157,2,0,0.0000000000
47,157,3,0,0.0000000000
47,158,1,0,0.0000000000
47,158,2,0,0.0000000000
47,158,3,0,0.0000000000
47,159,1,0,0.0000000000
47,159,2,0,0.0000000000
47,159,3,0,0.0000000000
47,160,1,0,0.0000000000
47,160,2,0,0.0000000000
47,160,3,0,0.0000000000
47,161,1,0,0.0000000000
47,161,2,0,0.0000000000
47,161,3,0,0.0000000000
47,162,1,0,0.0000000000
47,162,2,0,0.0000000000
47,162,3,0,0.0000000000
47,163,1,0,0.0000000000
47,163,2,0,0.0000000000
47,163,3,0,0.0000000000
47,164,1,0,0.0000000000
47,164,2,0,0.0000000000
47,164,3,0,0.0000000000
47,165,1,0,0.0000000000
47,165,2,0,0.0000000000
47,165,3,0,0.0000000000
47,166,1,0,0.0000000000
47,166,2,0,0.0000000000
47,166,3,0,0.0000000000
47,167,1,0,0.0000000000
47,167,2,0,0.0000000000
47,167,3,0,0.0000000000
47,168,1,0,0.0000000000
47,168,2,0,0.0000000000
47,168,3,0,0.0000000000
48,1,1,0,0.0000000000
48,1,2,0,0.0000000000
48,1,3,0,0.0000000000
48,2,1,0,0.0000000000
48,2,2,0,0.0000000000
48,2,3,0,0.0000000000
48,3,1,0,0.0000000000
48,3,2,0,0.0000000000
48,3,3,0,0.0000000000
48,4,1,0,0.0000000000
48,4,2,0,0.0000000000
48,4,3,0,0.0000000000
48,5,1,0,0.0000000000
48,5,2,0,0.0000000000
48,5,3,0,0.0000000000
48,6,1,0,0.0000000000
48,6,2,0,0.0000000000
48,6,3,0,0.0000000000
48,7,1,0,0.0000000000
48,7,2,0,0.0000000000
48,7,3,0,0.0000000000
48,8,1,0,0.0000000000
48,8,2,0,0.0000000000
48,8,3,0,0.0000000000
48,9,1,0,0.0000000000
48,9,2,0,0.0000000000
48,9,3,0,0.0000000000
48,10,1,0,0.0000000000
48,10,2,0,0.0000000000
48,10,3,0,0.0000000000
48,11,1,0,0.0000000000
48,11,2,0,0.0000000000
48,11,3,0,0.0000000000
48,12,1,0,0.0000000000
48,12,2,0,0.0000000000
48,12,3,0,0.0000000000
48,13,1,0,0.0000000000
48,13,2,0,0.0000000000
48,13,3,0,0.0000000000
48,14,1,0,0.0000000000
48,14,2,0,0.0000000000
48,14,3,0,0.0000000000
48,15,1,0,0.0000000000
48,15,2,0,0.0000000000
48,15,3,0,0.0000000000
48,16,1,0,0.0000000000
48,16,2,0,0.0000000000
48,16,3,0,0.0000000000
48,17,1,0,0.0000000000
48,17,2,0,0.0000000000
48,17,3,0,0.0000000000
48,18,1,0,0.0000000000
48,18,2,0,0.0000000000
48,18,3,0,0.0000000000
48,19,1,0,0.0000000000
48,19,2,0,0.0000000000
48,19,3,0,0.0000000000
48,20,1,0,0.0000000000
48,20,2,0,0.0000000000
48,20,3,0,0.0000000000
48,21,1,0,0.0000000000
48,21,2,0,0.0000000000
48,21,3,0,0.0000000000
48,22,1,0,0.0000000000
48,22,2,0,0.0000000000
48,22,3,0,0.0000000000
48,23,1,0,0.0000000000
48,23,2,0,0.0000000000
48,23,3,0,0.0000000000
48,24,1,0,0.0000000000
48,24,2,0,0.0000000000
48,24,3,0,0.0000000000
48,25,1,0,0.0000000000
48,25,2,0,0.0000000000
48,25,3,0,0.0000000000
48,26,1,0,0.0000000000
48,26,2,0,0.0000000000
48,26,3,0,0.0000000000
48,27,1,0,0.0000000000
48,27,2,0,0.0000000000
48,27,3,0,0.0000000000
48,28,1,0,0.0000000000
48,28,2,0,0.0000000000
48,28,3,0,0.0000000000
48,29,1,0,0.0000000000
48,29,2,0,0.0000000000
48,29,3,0,0.0000000000
48,30,1,0,0.0000000000
48,30,2,0,0.0000000000
48,30,3,0,0.0000000000
48,31,1,0,0.0000000000
48,31,2,0,0.0000000000
48,31,3,0,0.0000000000
48,32,1,0,0.0000000000
48,32,2,0,0.0000000000
48,32,3,0,0.0000000000
48,33,1,0,0.0000000000
48,33,2,0,0.0000000000
48,33,3,0,0.0000000000
48,34,1,0,0.0000000000
48,34,2,0,0.0000000000
48,34,3,0,0.0000000000
48,35,1,0,0.0000000000
48,35,2,0,0.0000000000
48,35,3,0,0.0000000000
48,36,1,0,0.0000000000
48,36,2,0,0.0000000000
48,36,3,0,0.0000000000
48,37,1,0,0.0000000000
48,37,2,0,0.0000000000
48,37,3,0,0.0000000000
48,38,1,0,0.0000000000
48,38,2,0,0.0000000000
48,38,3,0,0.0000000000
48,39,1,0,0.0000000000
48,39,2,0,0.0000000000
48,39,3,0,0.0000000000
48,40,1,0,0.0000000000
48,40,2,0,0.0000000000
48,40,3,0,0.0000000000
48,41,1,0,0.0000000000
48,41,2,0,0.0000000000
48,41,3,0,0.0000000000
48,42,1,0,0.0000000000
48,42,2,0,0.0000000000
48,42,3,0,0.0000000000
48,43,1,0,0.0000000000
48,43,2,0,0.0000000000
48,43,3,0,0.0000000000
48,44,1,0,0.0000000000
48,44,2,0,0.0000000000
48,44,3,0,0.0000000000
48,45,1,0,0.0000000000
48,45,2,0,0.0000000000
48,45,3,0,0.0000000000
48,46,1,0,0.0000000000
48,46,2,0,0.0000000000
48,46,3,0,0.0000000000
48,47,1,0,0.0000000000
48,47,2,0,0.0000000000
48,47,3,0,0.0000000000
48,48,1,0,0.0000000000
48,48,2,0,0.0000000000
48,48,3,0,0.0000000000
48,49,1,0,0.0000000000
48,49,2,0,0.0000000000
48,49,3,0,0.0000000000
48,50,1,0,0.0000000000
48,50,2,0,0.0000000000
48,50,3,0,0.0000000000
48,51,1,0,0.0000000000
48,51,2,0,0.0000000000
48,51,3,0,0.0000000000
48,52,1,0,0.0000000000
48,52,2,0,0.0000000000
48,52,3,0,0.0000000000
48,53,1,0,0.0000000000
48,53,2,0,0.0000000000
48,53,3,0,0.0000000000
48,54,1,0,0.0000000000
48,54,2,0,0.0000000000
48,54,3,0,0.0000000000
48,55,1,0,0.0000000000
48,55,2,0,0.0000000000
48,55,3,0,0.0000000000
48,56,1,0,0.0000000000
48,56,2,0,0.0000000000
48,56,3,0,0.0000000000
48,57,1,0,0.0000000000
48,57,2,0,0.0000000000
48,57,3,0,0.0000000000
48,58,1,0,0.0000000000
48,58,2,0,0.0000000000
48,58,3,0,0.0000000000
48,59,1,0,0.0000000000
48,59,2,0,0.0000000000
48,59,3,0,0.0000000000
48,60,1,0,0.0000000000
48,60,2,0,0.0000000000
48,60,3,0,0.0000000000
48,61,1,0,0.0000000000
48,61,2,0,0.0000000000
48,61,3,0,0.0000000000
48,62,1,0,0.0000000000
48,62,2,0,0.0000000000
48,62,3,0,0.0000000000
48,63,1,0,0.0000000000
48,63,2,0,0.0000000000
48,63,3,0,0.0000000000
48,64,1,0,0.0000000000
48,64,2,0,0.0000000000
48,64,3,0,0.0000000000
48,65,1,0,0.0000000000
48,65,2,0,0.0000000000
48,65,3,0,0.0000000000
48,66,1,0,0.0000000000
48,66,2,0,0.0000000000
48,66,3,0,0.0000000000
48,67,1,0,0.0000000000
48,67,2,0,0.0000000000
48,67,3,0,0.0000000000
48,68,1,0,0.0000000000
48,68,2,0,0.0000000000
48,68,3,0,0.0000000000
48,69,1,0,0.0000000000
48,69,2,0,0.0000000000
48,69,3,0,0.0000000000
48,70,1,0,0.0000000000
48,70,2,0,0.0000000000
48,70,3,0,0.0000000000
48,71,1,0,0.0000000000
48,71,2,0,0.0000000000
48,71,3,0,0.0000000000
48,72,1,0,0.0000000000
48,72,2,0,0.0000000000
48,72,3,0,0.0000000000
48,73,1,0,0.0000000000
48,73,2,0,0.0000000000
48,73,3,0,0.0000000000
48,74,1,0,0.0000000000
48,74,2,0,0.0000000000
48,74,3,0,0.0000000000
48,75,1,0,0.0000000000
48,75,2,0,0.0000000000
48,75,3,0,0.0000000000
48,76,1,0,0.0000000000
48,76,2,0,0.0000000000
48,76,3,0,0.0000000000
48,77,1,0,0.0000000000
48,77,2,0,0.0000000000
48,77,3,0,0.0000000000
48,78,1,0,0.0000000000
48,78,2,0,0.0000000000
48,78,3,0,0.0000000000
48,79,1,0,0.0000000000
48,79,2,0,0.0000000000
48,79,3,0,0.0000000000
48,80,1,0,0.0000000000
48,80,2,0,0.0000000000
48,80,3,0,0.0000000000
48,81,1,0,0.0000000000
48,81,2,0,0.0000000000
48,81,3,0,0.0000000000
48,82,1,0,0.0000000000
48,82,2,0,0.0000000000
48,82,3,0,0.0000000000
48,83,1,0,0.0000000000
48,83,2,0,0.0000000000
48,83,3,0,0.0000000000
48,84,1,0,0.0000000000
48,84,2,0,0.0000000000
48,84,3,0,0.0000000000
48,85,1,0,0.0000000000
48,85,2,0,0.0000000000
48,85,3,0,0.0000000000
48,86,1,0,0.0000000000
48,86,2,0,0.0000000000
48,86,3,0,0.0000000000
48,87,1,0,0.0000000000
48,87,2,0,0.0000000000
48,87,3,0,0.0000000000
48,88,1,0,0.0000000000
48,88,2,0,0.0000000000
48,88,3,0,0.0000000000
48,89,1,0,0.0000000000
48,89,2,0,0.0000000000
48,89,3,0,0.0000000000
48,90,1,0,0.0000000000
48,90,2,0,0.0000000000
48,90,3,0,0.0000000000
48,91,1,0,0.0000000000
48,91,2,0,0.0000000000
48,91,3,0,0.0000000000
48,92,1,0,0.0000000000
48,92,2,0,0.0000000000
48,92,3,0,0.0000000000
48,93,1,0,0.0000000000
48,93,2,0,0.0000000000
48,93,3,0,0.0000000000
48,94,1,0,0.0000000000
48,94,2,0,0.0000000000
48,94,3,0,0.0000000000
48,95,1,0,0.0000000000
48,95,2,0,0.0000000000
48,95,3,0,0.0000000000
48,96,1,0,0.0000000000
48,96,2,0,0.0000000000
48,96,3,0,0.0000000000
48,97,1,0,0.0000000000
48,97,2,0,0.0000000000
48,97,3,0,0.0000000000
48,98,1,0,0.0000000000
48,98,2,0,0.0000000000
48,98,3,0,0.0000000000
48,99,1,0,0.0000000000
48,99,2,0,0.0000000000
48,99,3,0,0.0000000000
48,100,1,0,0.0000000000
48,100,2,0,0.0000000000
48,100,3,0,0.0000000000
48,101,1,0,0.0000000000
48,101,2,0,0.0000000000
48,101,3,0,0.0000000000
48,102,1,0,0.0000000000
48,102,2,0,0.0000000000
48,102,3,0,0.0000000000
48,103,1,0,0.0000000000
48,103,2,0,0.0000000000
48,103,3,0,0.0000000000
48,104,1,0,0.0000000000
48,104,2,0,0.0000000000
48,104,3,0,0.0000000000
48,105,1,0,0.0000000000
48,105,2,0,0.0000000000
48,105,3,0,0.0000000000
48,106,1,0,0.0000000000
48,106,2,0,0.0000000000
48,106,3,0,0.0000000000
48,107,1,0,0.0000000000
48,107,2,0,0.0000000000
48,107,3,0,0.0000000000
48,108,1,0,0.0000000000
48,108,2,0,0.0000000000
48,108,3,0,0.0000000000
48,109,1,0,0.0000000000
48,109,2,0,0.0000000000
48,109,3,0,0.0000000000
48,110,1,0,0.0000000000
48,110,2,0,0.0000000000
48,110,3,0,0.0000000000
48,111,1,0,0.0000000000
48,111,2,0,0.0000000000
48,111,3,0,0.0000000000
48,112,1,0,0.0000000000
48,112,2,0,0.0000000000
48,112,3,0,0.0000000000
48,113,1,0,0.0000000000
48,113,2,0,0.0000000000
48,113,3,0,0.0000000000
48,114,1,0,0.0000000000
48,114,2,0,0.0000000000
48,114,3,0,0.0000000000
48,115,1,0,0.0000000000
48,115,2,0,0.0000000000
48,115,3,0,0.0000000000
48,116,1,0,0.0000000000
48,116,2,0,0.0000000000
48,116,3,0,0.0000000000
48,117,1,0,0.0000000000
48,117,2,0,0.0000000000
48,117,3,0,0.0000000000
48,118,1,0,0.0000000000
48,118,2,0,0.0000000000
48,118,3,0,0.0000000000
48,119,1,0,0.0000000000
48,119,2,0,0.0000000000
48,119,3,0,0.0000000000
48,120,1,0,0.0000000000
48,120,2,0,0.0000000000
48,120,3,0,0.0000000000
48,121,1,0,0.0000000000
48,121,2,0,0.0000000000
48,121,3,0,0.0000000000
48,122,1,0,0.0000000000
48,122,2,0,0.0000000000
48,122,3,0,0.0000000000
48,123,1,0,0.0000000000
48,123,2,0,0.0000000000
48,123,3,0,0.0000000000
48,124,1,0,0.0000000000
48,124,2,0,0.0000000000
48,124,3,0,0.0000000000
48,125,1,0,0.0000000000
48,125,2,0,0.0000000000
48,125,3,0,0.0000000000
48,126,1,0,0.0000000000
48,126,2,0,0.0000000000
48,126,3,0,0.0000000000
48,127,1,0,0.0000000000
48,127,2,0,0.0000000000
48,127,3,0,0.0000000000
48,128,1,0,0.0000000000
48,128,2,0,0.0000000000
48,128,3,0,0.0000000000
48,129,1,0,0.0000000000
48,129,2,0,0.0000000000
48,129,3,0,0.0000000000
48,130,1,0,0.0000000000
48,130,2,0,0.0000000000
48,130,3,0,0.0000000000
48,131,1,0,0.0000000000
48,131,2,0,0.0000000000
48,131,3,0,0.0000000000
48,132,1,0,0.0000000000
48,132,2,0,0.0000000000
48,132,3,0,0.0000000000
48,133,1,0,0.0000000000
48,133,2,0,0.0000000000
48,133,3,0,0.0000000000
48,134,1,0,0.0000000000
48,134,2,0,0.0000000000
48,134,3,0,0.0000000000
48,135,1,0,0.0000000000
48,135,2,0,0.0000000000
48,135,3,0,0.0000000000
48,136,1,0,0.0000000000
48,136,2,0,0.0000000000
48,136,3,0,0.0000000000
48,137,1,0,0.0000000000
48,137,2,0,0.0000000000
48,137,3,0,0.0000000000
48,138,1,0,0.0000000000
48,138,2,0,0.0000000000
48,138,3,0,0.0000000000
48,139,1,0,0.0000000000
48,139,2,0,0.0000000000
48,139,3,0,0.0000000000
48,140,1,0,0.0000000000
48,140,2,0,0.0000000000
48,140,3,0,0.0000000000
48,141,1,0,0.0000000000
48,141,2,0,0.0000000000
48,141,3,0,0.0000000000
48,142,1,0,0.0000000000
48,142,2,0,0.0000000000
48,142,3,0,0.0000000000
48,143,1,0,0.0000000000
48,143,2,0,0.0000000000
48,143,3,0,0.0000000000
48,144,1,0,0.0000000000
48,144,2,0,0.0000000000
48,144,3,0,0.0000000000
48,145,1,0,0.0000000000
48,145,2,0,0.0000000000
48,145,3,0,0.0000000000
48,146,1,0,0.0000000000
48,146,2,0,0.0000000000
48,146,3,0,0.0000000000
48,147,1,0,0.0000000000
48,147,2,0,0.0000000000
48,147,3,0,0.0000000000
48,148,1,0,0.0000000000
48,148,2,0,0.0000000000
48,148,3,0,0.0000000000
48,149,1,0,0.0000000000
48,149,2,0,0.0000000000
48,149,3,0,0.0000000000
48,150,1,0,0.0000000000
48,150,2,0,0.0000000000
48,150,3,0,0.0000000000
48,151,1,0,0.0000000000
48,151,2,0,0.0000000000
48,151,3,0,0.0000000000
48,152,1,0,0.0000000000
48,152,2,0,0.0000000000
48,152,3,0,0.0000000000
48,153,1,0,0.0000000000
48,153,2,0,0.0000000000
48,153,3,0,0.0000000000
48,154,1,0,0.0000000000
48,154,2,0,0.0000000000
48,154,3,0,0.0000000000
48,155,1,0,0.0000000000
48,155,2,0,0.0000000000
48,155,3,0,0.0000000000
48,156,1,0,0.0000000000
48,156,2,0,0.0000000000
48,156,3,0,0.0000000000
48,157,1,0,0.0000000000
48,157,2,0,0.0000000000
48,157,3,0,0.0000000000
48,158,1,0,0.0000000000
48,158,2,0,0.0000000000
48,158,3,0,0.0000000000
48,159,1,0,0.0000000000
48,159,2,0,0.0000000000
48,159,3,0,0.0000000000
48,160,1,0,0.0000000000
48,160,2,0,0.0000000000
48,160,3,0,0.0000000000
48,161,1,0,0.0000000000
48,161,2,0,0.0000000000
48,161,3,0,0.0000000000
48,162,1,0,0.0000000000
48,162,2,0,0.0000000000
48,162,3,0,0.0000000000
48,163,1,0,0.0000000000
48,163,2,0,0.0000000000
48,163,3,0,0.0000000000
48,164,1,0,0.0000000000
48,164,2,0,0.0000000000
48,164,3,0,0.0000000000
48,165,1,0,0.0000000000
48,165,2,0,0.0000000000
48,165,3,0,0.0000000000
48,166,1,0,0.0000000000
48,166,2,0,0.0000000000
48,166,3,0,0.0000000000
48,167,1,0,0.0000000000
48,167,2,0,0.0000000000
48,167,3,0,0.0000000000
48,168,1,0,0.0000000000
48,168,2,0,0.0000000000
48,168,3,0,0.0000000000
50,1,1,0,0.0000000000
50,1,2,0,0.0000000000
50,1,3,0,0.0000000000
50,2,1,0,0.0000000000
50,2,2,0,0.0000000000
50,2,3,0,0.0000000000
50,3,1,0,0.0000000000
50,3,2,0,0.0000000000
50,3,3,0,0.0000000000
50,4,1,0,0.0000000000
50,4,2,0,0.0000000000
50,4,3,0,0.0000000000
50,5,1,0,0.0000000000
50,5,2,0,0.0000000000
50,5,3,0,0.0000000000
50,6,1,0,0.0000000000
50,6,2,0,0.0000000000
50,6,3,0,0.0000000000
50,7,1,0,0.0000000000
50,7,2,0,0.0000000000
50,7,3,0,0.0000000000
50,8,1,0,0.0000000000
50,8,2,0,0.0000000000
50,8,3,0,0.0000000000
50,9,1,0,0.0000000000
50,9,2,0,0.0000000000
50,9,3,0,0.0000000000
50,10,1,0,0.0000000000
50,10,2,0,0.0000000000
50,10,3,0,0.0000000000
50,11,1,0,0.0000000000
50,11,2,0,0.0000000000
50,11,3,0,0.0000000000
50,12,1,0,0.0000000000
50,12,2,0,0.0000000000
50,12,3,0,0.0000000000
50,13,1,0,0.0000000000
50,13,2,0,0.0000000000
50,13,3,0,0.0000000000
50,14,1,0,0.0000000000
50,14,2,0,0.0000000000
50,14,3,0,0.0000000000
50,15,1,0,0.0000000000
50,15,2,0,0.0000000000
50,15,3,0,0.0000000000
50,16,1,0,0.0000000000
50,16,2,0,0.0000000000
50,16,3,0,0.0000000000
50,17,1,0,0.0000000000
50,17,2,0,0.0000000000
50,17,3,0,0.0000000000
50,18,1,0,0.0000000000
50,18,2,0,0.0000000000
50,18,3,0,0.0000000000
50,19,1,0,0.0000000000
50,19,2,0,0.0000000000
50,19,3,0,0.0000000000
50,20,1,0,0.0000000000
50,20,2,0,0.0000000000
50,20,3,0,0.0000000000
50,21,1,0,0.0000000000
50,21,2,0,0.0000000000
50,21,3,0,0.0000000000
50,22,1,0,0.0000000000
50,22,2,0,0.0000000000
50,22,3,0,0.0000000000
50,23,1,0,0.0000000000
50,23,2,0,0.0000000000
50,23,3,0,0.0000000000
50,24,1,0,0.0000000000
50,24,2,0,0.0000000000
50,24,3,0,0.0000000000
50,25,1,0,0.0000000000
50,25,2,0,0.0000000000
50,25,3,0,0.0000000000
50,26,1,0,0.0000000000
50,26,2,0,0.0000000000
50,26,3,0,0.0000000000
50,27,1,0,0.0000000000
50,27,2,0,0.0000000000
50,27,3,0,0.0000000000
50,28,1,0,0.0000000000
50,28,2,0,0.0000000000
50,28,3,0,0.0000000000
50,29,1,0,0.0000000000
50,29,2,0,0.0000000000
50,29,3,0,0.0000000000
50,30,1,0,0.0000000000
50,30,2,0,0.0000000000
50,30,3,0,0.0000000000
50,31,1,0,0.0000000000
50,31,2,0,0.0000000000
50,31,3,0,0.0000000000
50,32,1,0,0.0000000000
50,32,2,0,0.0000000000
50,32,3,0,0.0000000000
50,33,1,0,0.0000000000
50,33,2,0,0.0000000000
50,33,3,0,0.0000000000
50,34,1,0,0.0000000000
50,34,2,0,0.0000000000
50,34,3,0,0.0000000000
50,35,1,0,0.0000000000
50,35,2,0,0.0000000000
50,35,3,0,0.0000000000
50,36,1,0,0.0000000000
50,36,2,0,0.0000000000
50,36,3,0,0.0000000000
50,37,1,0,0.0000000000
50,37,2,0,0.0000000000
50,37,3,0,0.0000000000
50,38,1,0,0.0000000000
50,38,2,0,0.0000000000
50,38,3,0,0.0000000000
50,39,1,0,0.0000000000
50,39,2,0,0.0000000000
50,39,3,0,0.0000000000
50,40,1,0,0.0000000000
50,40,2,0,0.0000000000
50,40,3,0,0.0000000000
50,41,1,0,0.0000000000
50,41,2,0,0.0000000000
50,41,3,0,0.0000000000
50,42,1,0,0.0000000000
50,42,2,0,0.0000000000
50,42,3,0,0.0000000000
50,43,1,0,0.0000000000
50,43,2,0,0.0000000000
50,43,3,0,0.0000000000
50,44,1,0,0.0000000000
50,44,2,0,0.0000000000
50,44,3,0,0.0000000000
50,45,1,0,0.0000000000
50,45,2,0,0.0000000000
50,45,3,0,0.0000000000
50,46,1,0,0.0000000000
50,46,2,0,0.0000000000
50,46,3,0,0.0000000000
50,47,1,0,0.0000000000
50,47,2,0,0.0000000000
50,47,3,0,0.0000000000
50,48,1,0,0.0000000000
50,48,2,0,0.0000000000
50,48,3,0,0.0000000000
50,49,1,0,0.0000000000
50,49,2,0,0.0000000000
50,49,3,0,0.0000000000
50,50,1,0,0.0000000000
50,50,2,0,0.0000000000
50,50,3,0,0.0000000000
50,51,1,0,0.0000000000
50,51,2,0,0.0000000000
50,51,3,0,0.0000000000
50,52,1,0,0.0000000000
50,52,2,0,0.0000000000
50,52,3,0,0.0000000000
50,53,1,0,0.0000000000
50,53,2,0,0.0000000000
50,53,3,0,0.0000000000
50,54,1,0,0.0000000000
50,54,2,0,0.0000000000
50,54,3,0,0.0000000000
50,55,1,0,0.0000000000
50,55,2,0,0.0000000000
50,55,3,0,0.0000000000
50,56,1,0,0.0000000000
50,56,2,0,0.0000000000
50,56,3,0,0.0000000000
50,57,1,0,0.0000000000
50,57,2,0,0.0000000000
50,57,3,0,0.0000000000
50,58,1,0,0.0000000000
50,58,2,0,0.0000000000
50,58,3,0,0.0000000000
50,59,1,0,0.0000000000
50,59,2,0,0.0000000000
50,59,3,0,0.0000000000
50,60,1,0,0.0000000000
50,60,2,0,0.0000000000
50,60,3,0,0.0000000000
50,61,1,0,0.0000000000
50,61,2,0,0.0000000000
50,61,3,0,0.0000000000
50,62,1,0,0.0000000000
50,62,2,0,0.0000000000
50,62,3,0,0.0000000000
50,63,1,0,0.0000000000
50,63,2,0,0.0000000000
50,63,3,0,0.0000000000
50,64,1,0,0.0000000000
50,64,2,0,0.0000000000
50,64,3,0,0.0000000000
50,65,1,0,0.0000000000
50,65,2,0,0.0000000000
50,65,3,0,0.0000000000
50,66,1,0,0.0000000000
50,66,2,0,0.0000000000
50,66,3,0,0.0000000000
50,67,1,0,0.0000000000
50,67,2,0,0.0000000000
50,67,3,0,0.0000000000
50,68,1,0,0.0000000000
50,68,2,0,0.0000000000
50,68,3,0,0.0000000000
50,69,1,0,0.0000000000
50,69,2,0,0.0000000000
50,69,3,0,0.0000000000
50,70,1,0,0.0000000000
50,70,2,0,0.0000000000
50,70,3,0,0.0000000000
50,71,1,0,0.0000000000
50,71,2,0,0.0000000000
50,71,3,0,0.0000000000
50,72,1,0,0.0000000000
50,72,2,0,0.0000000000
50,72,3,0,0.0000000000
50,73,1,0,0.0000000000
50,73,2,0,0.0000000000
50,73,3,0,0.0000000000
50,74,1,0,0.0000000000
50,74,2,0,0.0000000000
50,74,3,0,0.0000000000
50,75,1,0,0.0000000000
50,75,2,0,0.0000000000
50,75,3,0,0.0000000000
50,76,1,0,0.0000000000
50,76,2,0,0.0000000000
50,76,3,0,0.0000000000
50,77,1,0,0.0000000000
50,77,2,0,0.0000000000
50,77,3,0,0.0000000000
50,78,1,0,0.0000000000
50,78,2,0,0.0000000000
50,78,3,0,0.0000000000
50,79,1,0,0.0000000000
50,79,2,0,0.0000000000
50,79,3,0,0.0000000000
50,80,1,0,0.0000000000
50,80,2,0,0.0000000000
50,80,3,0,0.0000000000
50,81,1,0,0.0000000000
50,81,2,0,0.0000000000
50,81,3,0,0.0000000000
50,82,1,0,0.0000000000
50,82,2,0,0.0000000000
50,82,3,0,0.0000000000
50,83,1,0,0.0000000000
50,83,2,0,0.0000000000
50,83,3,0,0.0000000000
50,84,1,0,0.0000000000
50,84,2,0,0.0000000000
50,84,3,0,0.0000000000
50,85,1,0,0.0000000000
50,85,2,0,0.0000000000
50,85,3,0,0.0000000000
50,86,1,0,0.0000000000
50,86,2,0,0.0000000000
50,86,3,0,0.0000000000
50,87,1,0,0.0000000000
50,87,2,0,0.0000000000
50,87,3,0,0.0000000000
50,88,1,0,0.0000000000
50,88,2,0,0.0000000000
50,88,3,0,0.0000000000
50,89,1,0,0.0000000000
50,89,2,0,0.0000000000
50,89,3,0,0.0000000000
50,90,1,0,0.0000000000
50,90,2,0,0.0000000000
50,90,3,0,0.0000000000
50,91,1,0,0.0000000000
50,91,2,0,0.0000000000
50,91,3,0,0.0000000000
50,92,1,0,0.0000000000
50,92,2,0,0.0000000000
50,92,3,0,0.0000000000
50,93,1,0,0.0000000000
50,93,2,0,0.0000000000
50,93,3,0,0.0000000000
50,94,1,0,0.0000000000
50,94,2,0,0.0000000000
50,94,3,0,0.0000000000
50,95,1,0,0.0000000000
50,95,2,0,0.0000000000
50,95,3,0,0.0000000000
50,96,1,0,0.0000000000
50,96,2,0,0.0000000000
50,96,3,0,0.0000000000
50,97,1,0,0.0000000000
50,97,2,0,0.0000000000
50,97,3,0,0.0000000000
50,98,1,0,0.0000000000
50,98,2,0,0.0000000000
50,98,3,0,0.0000000000
50,99,1,0,0.0000000000
50,99,2,0,0.0000000000
50,99,3,0,0.0000000000
50,100,1,0,0.0000000000
50,100,2,0,0.0000000000
50,100,3,0,0.0000000000
50,101,1,0,0.0000000000
50,101,2,0,0.0000000000
50,101,3,0,0.0000000000
50,102,1,0,0.0000000000
50,102,2,0,0.0000000000
50,102,3,0,0.0000000000
50,103,1,0,0.0000000000
50,103,2,0,0.0000000000
50,103,3,0,0.0000000000
50,104,1,0,0.0000000000
50,104,2,0,0.0000000000
50,104,3,0,0.0000000000
50,105,1,0,0.0000000000
50,105,2,0,0.0000000000
50,105,3,0,0.0000000000
50,106,1,0,0.0000000000
50,106,2,0,0.0000000000
50,106,3,0,0.0000000000
50,107,1,0,0.0000000000
50,107,2,0,0.0000000000
50,107,3,0,0.0000000000
50,108,1,0,0.0000000000
50,108,2,0,0.0000000000
50,108,3,0,0.0000000000
50,109,1,0,0.0000000000
50,109,2,0,0.0000000000
50,109,3,0,0.0000000000
50,110,1,0,0.0000000000
50,110,2,0,0.0000000000
50,110,3,0,0.0000000000
50,111,1,0,0.0000000000
50,111,2,0,0.0000000000
50,111,3,0,0.0000000000
50,112,1,0,0.0000000000
50,112,2,0,0.0000000000
50,112,3,0,0.0000000000
50,113,1,0,0.0000000000
50,113,2,0,0.0000000000
50,113,3,0,0.0000000000
50,114,1,0,0.0000000000
50,114,2,0,0.0000000000
50,114,3,0,0.0000000000
50,115,1,0,0.0000000000
50,115,2,0,0.0000000000
50,115,3,0,0.0000000000
50,116,1,0,0.0000000000
50,116,2,0,0.0000000000
50,116,3,0,0.0000000000
50,117,1,0,0.0000000000
50,117,2,0,0.0000000000
50,117,3,0,0.0000000000
50,118,1,0,0.0000000000
50,118,2,0,0.0000000000
50,118,3,0,0.0000000000
50,119,1,0,0.0000000000
50,119,2,0,0.0000000000
50,119,3,0,0.0000000000
50,120,1,0,0.0000000000
50,120,2,0,0.0000000000
50,120,3,0,0.0000000000
50,121,1,0,0.0000000000
50,121,2,0,0.0000000000
50,121,3,0,0.0000000000
50,122,1,0,0.0000000000
50,122,2,0,0.0000000000
50,122,3,0,0.0000000000
50,123,1,0,0.0000000000
50,123,2,0,0.0000000000
50,123,3,0,0.0000000000
50,124,1,0,0.0000000000
50,124,2,0,0.0000000000
50,124,3,0,0.0000000000
50,125,1,0,0.0000000000
50,125,2,0,0.0000000000
50,125,3,0,0.0000000000
50,126,1,0,0.0000000000
50,126,2,0,0.0000000000
50,126,3,0,0.0000000000
50,127,1,0,0.0000000000
50,127,2,0,0.0000000000
50,127,3,0,0.0000000000
50,128,1,0,0.0000000000
50,128,2,0,0.0000000000
50,128,3,0,0.0000000000
50,129,1,0,0.0000000000
50,129,2,0,0.0000000000
50,129,3,0,0.0000000000
50,130,1,0,0.0000000000
50,130,2,0,0.0000000000
50,130,3,0,0.0000000000
50,131,1,0,0.0000000000
50,131,2,0,0.0000000000
50,131,3,0,0.0000000000
50,132,1,0,0.0000000000
50,132,2,0,0.0000000000
50,132,3,0,0.0000000000
50,133,1,0,0.0000000000
50,133,2,0,0.0000000000
50,133,3,0,0.0000000000
50,134,1,0,0.0000000000
50,134,2,0,0.0000000000
50,134,3,0,0.0000000000
50,135,1,0,0.0000000000
50,135,2,0,0.0000000000
50,135,3,0,0.0000000000
50,136,1,0,0.0000000000
50,136,2,0,0.0000000000
50,136,3,0,0.0000000000
50,137,1,0,0.0000000000
50,137,2,0,0.0000000000
50,137,3,0,0.0000000000
50,138,1,0,0.0000000000
50,138,2,0,0.0000000000
50,138,3,0,0.0000000000
50,139,1,0,0.0000000000
50,139,2,0,0.0000000000
50,139,3,0,0.0000000000
50,140,1,0,0.0000000000
50,140,2,0,0.0000000000
50,140,3,0,0.0000000000
50,141,1,0,0.0000000000
50,141,2,0,0.0000000000
50,141,3,0,0.0000000000
50,142,1,0,0.0000000000
50,142,2,0,0.0000000000
50,142,3,0,0.0000000000
50,143,1,0,0.0000000000
50,143,2,0,0.0000000000
50,143,3,0,0.0000000000
50,144,1,0,0.0000000000
50,144,2,0,0.0000000000
50,144,3,0,0.0000000000
50,145,1,0,0.0000000000
50,145,2,0,0.0000000000
50,145,3,0,0.0000000000
50,146,1,0,0.0000000000
50,146,2,0,0.0000000000
50,146,3,0,0.0000000000
50,147,1,0,0.0000000000
50,147,2,0,0.0000000000
50,147,3,0,0.0000000000
50,148,1,0,0.0000000000
50,148,2,0,0.0000000000
50,148,3,0,0.0000000000
50,149,1,0,0.0000000000
50,149,2,0,0.0000000000
50,149,3,0,0.0000000000
50,150,1,0,0.0000000000
50,150,2,0,0.0000000000
50,150,3,0,0.0000000000
50,151,1,0,0.0000000000
50,151,2,0,0.0000000000
50,151,3,0,0.0000000000
50,152,1,0,0.0000000000
50,152,2,0,0.0000000000
50,152,3,0,0.0000000000
50,153,1,0,0.0000000000
50,153,2,0,0.0000000000
50,153,3,0,0.0000000000
50,154,1,0,0.0000000000
50,154,2,0,0.0000000000
50,154,3,0,0.0000000000
50,155,1,0,0.0000000000
50,155,2,0,0.0000000000
50,155,3,0,0.0000000000
50,156,1,0,0.0000000000
50,156,2,0,0.0000000000
50,156,3,0,0.0000000000
50,157,1,0,0.0000000000
50,157,2,0,0.0000000000
50,157,3,0,0.0000000000
50,158,1,0,0.0000000000
50,158,2,0,0.0000000000
50,158,3,0,0.0000000000
50,159,1,0,0.0000000000
50,159,2,0,0.0000000000
50,159,3,0,0.0000000000
50,160,1,0,0.0000000000
50,160,2,0,0.0000000000
50,160,3,0,0.0000000000
50,161,1,0,0.0000000000
50,161,2,0,0.0000000000
50,161,3,0,0.0000000000
50,162,1,0,0.0000000000
50,162,2,0,0.0000000000
50,162,3,0,0.0000000000
50,163,1,0,0.0000000000
50,163,2,0,0.0000000000
50,163,3,0,0.0000000000
50,164,1,0,0.0000000000
50,164,2,0,0.0000000000
50,164,3,0,0.0000000000
50,165,1,0,0.0000000000
50,165,2,0,0.0000000000
50,165,3,0,0.0000000000
50,166,1,0,0.0000000000
50,166,2,0,0.0000000000
50,166,3,0,0.0000000000
50,167,1,0,0.0000000000
50,167,2,0,0.0000000000
50,167,3,0,0.0000000000
50,168,1,0,0.0000000000
50,168,2,0,0.0000000000
50,168,3,0,0.0000000000
51,1,1,0,0.0000000000
51,1,2,0,0.0000000000
51,1,3,0,0.0000000000
51,2,1,0,0.0000000000
51,2,2,0,0.0000000000
51,2,3,0,0.0000000000
51,3,1,0,0.0000000000
51,3,2,0,0.0000000000
51,3,3,0,0.0000000000
51,4,1,0,0.0000000000
51,4,2,0,0.0000000000
51,4,3,0,0.0000000000
51,5,1,0,0.0000000000
51,5,2,0,0.0000000000
51,5,3,0,0.0000000000
51,6,1,0,0.0000000000
51,6,2,0,0.0000000000
51,6,3,0,0.0000000000
51,7,1,0,0.0000000000
51,7,2,0,0.0000000000
51,7,3,0,0.0000000000
51,8,1,0,0.0000000000
51,8,2,0,0.0000000000
51,8,3,0,0.0000000000
51,9,1,0,0.0000000000
51,9,2,0,0.0000000000
51,9,3,0,0.0000000000
51,10,1,0,0.0000000000
51,10,2,0,0.0000000000
51,10,3,0,0.0000000000
51,11,1,0,0.0000000000
51,11,2,0,0.0000000000
51,11,3,0,0.0000000000
51,12,1,0,0.0000000000
51,12,2,0,0.0000000000
51,12,3,0,0.0000000000
51,13,1,0,0.0000000000
51,13,2,0,0.0000000000
51,13,3,0,0.0000000000
51,14,1,0,0.0000000000
51,14,2,0,0.0000000000
51,14,3,0,0.0000000000
51,15,1,0,0.0000000000
51,15,2,0,0.0000000000
51,15,3,0,0.0000000000
51,16,1,0,0.0000000000
51,16,2,0,0.0000000000
51,16,3,0,0.0000000000
51,17,1,0,0.0000000000
51,17,2,0,0.0000000000
51,17,3,0,0.0000000000
51,18,1,0,0.0000000000
51,18,2,0,0.0000000000
51,18,3,0,0.0000000000
51,19,1,0,0.0000000000
51,19,2,0,0.0000000000
51,19,3,0,0.0000000000
51,20,1,0,0.0000000000
51,20,2,0,0.0000000000
51,20,3,0,0.0000000000
51,21,1,0,0.0000000000
51,21,2,0,0.0000000000
51,21,3,0,0.0000000000
51,22,1,0,0.0000000000
51,22,2,0,0.0000000000
51,22,3,0,0.0000000000
51,23,1,0,0.0000000000
51,23,2,0,0.0000000000
51,23,3,0,0.0000000000
51,24,1,0,0.0000000000
51,24,2,0,0.0000000000
51,24,3,0,0.0000000000
51,25,1,0,0.0000000000
51,25,2,0,0.0000000000
51,25,3,0,0.0000000000
51,26,1,0,0.0000000000
51,26,2,0,0.0000000000
51,26,3,0,0.0000000000
51,27,1,0,0.0000000000
51,27,2,0,0.0000000000
51,27,3,0,0.0000000000
51,28,1,0,0.0000000000
51,28,2,0,0.0000000000
51,28,3,0,0.0000000000
51,29,1,0,0.0000000000
51,29,2,0,0.0000000000
51,29,3,0,0.0000000000
51,30,1,0,0.0000000000
51,30,2,0,0.0000000000
51,30,3,0,0.0000000000
51,31,1,0,0.0000000000
51,31,2,0,0.0000000000
51,31,3,0,0.0000000000
51,32,1,0,0.0000000000
51,32,2,0,0.0000000000
51,32,3,0,0.0000000000
51,33,1,0,0.0000000000
51,33,2,0,0.0000000000
51,33,3,0,0.0000000000
51,34,1,0,0.0000000000
51,34,2,0,0.0000000000
51,34,3,0,0.0000000000
51,35,1,0,0.0000000000
51,35,2,0,0.0000000000
51,35,3,0,0.0000000000
51,36,1,0,0.0000000000
51,36,2,0,0.0000000000
51,36,3,0,0.0000000000
51,37,1,0,0.0000000000
51,37,2,0,0.0000000000
51,37,3,0,0.0000000000
51,38,1,0,0.0000000000
51,38,2,0,0.0000000000
51,38,3,0,0.0000000000
51,39,1,0,0.0000000000
51,39,2,0,0.0000000000
51,39,3,0,0.0000000000
51,40,1,0,0.0000000000
51,40,2,0,0.0000000000
51,40,3,0,0.0000000000
51,41,1,0,0.0000000000
51,41,2,0,0.0000000000
51,41,3,0,0.0000000000
51,42,1,0,0.0000000000
51,42,2,0,0.0000000000
51,42,3,0,0.0000000000
51,43,1,0,0.0000000000
51,43,2,0,0.0000000000
51,43,3,0,0.0000000000
51,44,1,0,0.0000000000
51,44,2,0,0.0000000000
51,44,3,0,0.0000000000
51,45,1,0,0.0000000000
51,45,2,0,0.0000000000
51,45,3,0,0.0000000000
51,46,1,0,0.0000000000
51,46,2,0,0.0000000000
51,46,3,0,0.0000000000
51,47,1,0,0.0000000000
51,47,2,0,0.0000000000
51,47,3,0,0.0000000000
51,48,1,0,0.0000000000
51,48,2,0,0.0000000000
51,48,3,0,0.0000000000
51,49,1,0,0.0000000000
51,49,2,0,0.0000000000
51,49,3,0,0.0000000000
51,50,1,0,0.0000000000
51,50,2,0,0.0000000000
51,50,3,0,0.0000000000
51,51,1,0,0.0000000000
51,51,2,0,0.0000000000
51,51,3,0,0.0000000000
51,52,1,0,0.0000000000
51,52,2,0,0.0000000000
51,52,3,0,0.0000000000
51,53,1,0,0.0000000000
51,53,2,0,0.0000000000
51,53,3,0,0.0000000000
51,54,1,0,0.0000000000
51,54,2,0,0.0000000000
51,54,3,0,0.0000000000
51,55,1,0,0.0000000000
51,55,2,0,0.0000000000
51,55,3,0,0.0000000000
51,56,1,0,0.0000000000
51,56,2,0,0.0000000000
51,56,3,0,0.0000000000
51,57,1,0,0.0000000000
51,57,2,0,0.0000000000
51,57,3,0,0.0000000000
51,58,1,0,0.0000000000
51,58,2,0,0.0000000000
51,58,3,0,0.0000000000
51,59,1,0,0.0000000000
51,59,2,0,0.0000000000
51,59,3,0,0.0000000000
51,60,1,0,0.0000000000
51,60,2,0,0.0000000000
51,60,3,0,0.0000000000
51,61,1,0,0.0000000000
51,61,2,0,0.0000000000
51,61,3,0,0.0000000000
51,62,1,0,0.0000000000
51,62,2,0,0.0000000000
51,62,3,0,0.0000000000
51,63,1,0,0.0000000000
51,63,2,0,0.0000000000
51,63,3,0,0.0000000000
51,64,1,0,0.0000000000
51,64,2,0,0.0000000000
51,64,3,0,0.0000000000
51,65,1,0,0.0000000000
51,65,2,0,0.0000000000
51,65,3,0,0.0000000000
51,66,1,0,0.0000000000
51,66,2,0,0.0000000000
51,66,3,0,0.0000000000
51,67,1,0,0.0000000000
51,67,2,0,0.0000000000
51,67,3,0,0.0000000000
51,68,1,0,0.0000000000
51,68,2,0,0.0000000000
51,68,3,0,0.0000000000
51,69,1,0,0.0000000000
51,69,2,0,0.0000000000
51,69,3,0,0.0000000000
51,70,1,0,0.0000000000
51,70,2,0,0.0000000000
51,70,3,0,0.0000000000
51,71,1,0,0.0000000000
51,71,2,0,0.0000000000
51,71,3,0,0.0000000000
51,72,1,0,0.0000000000
51,72,2,0,0.0000000000
51,72,3,0,0.0000000000
51,73,1,0,0.0000000000
51,73,2,0,0.0000000000
51,73,3,0,0.0000000000
51,74,1,0,0.0000000000
51,74,2,0,0.0000000000
51,74,3,0,0.0000000000
51,75,1,0,0.0000000000
51,75,2,0,0.0000000000
51,75,3,0,0.0000000000
51,76,1,0,0.0000000000
51,76,2,0,0.0000000000
51,76,3,0,0.0000000000
51,77,1,0,0.0000000000
51,77,2,0,0.0000000000
51,77,3,0,0.0000000000
51,78,1,0,0.0000000000
51,78,2,0,0.0000000000
51,78,3,0,0.0000000000
51,79,1,0,0.0000000000
51,79,2,0,0.0000000000
51,79,3,0,0.0000000000
51,80,1,0,0.0000000000
51,80,2,0,0.0000000000
51,80,3,0,0.0000000000
51,81,1,0,0.0000000000
51,81,2,0,0.0000000000
51,81,3,0,0.0000000000
51,82,1,0,0.0000000000
51,82,2,0,0.0000000000
51,82,3,0,0.0000000000
51,83,1,0,0.0000000000
51,83,2,0,0.0000000000
51,83,3,0,0.0000000000
51,84,1,0,0.0000000000
51,84,2,0,0.0000000000
51,84,3,0,0.0000000000
51,85,1,0,0.0000000000
51,85,2,0,0.0000000000
51,85,3,0,0.0000000000
51,86,1,0,0.0000000000
51,86,2,0,0.0000000000
51,86,3,0,0.0000000000
51,87,1,0,0.0000000000
51,87,2,0,0.0000000000
51,87,3,0,0.0000000000
51,88,1,0,0.0000000000
51,88,2,0,0.0000000000
51,88,3,0,0.0000000000
51,89,1,0,0.0000000000
51,89,2,0,0.0000000000
51,89,3,0,0.0000000000
51,90,1,0,0.0000000000
51,90,2,0,0.0000000000
51,90,3,0,0.0000000000
51,91,1,0,0.0000000000
51,91,2,0,0.0000000000
51,91,3,0,0.0000000000
51,92,1,0,0.0000000000
51,92,2,0,0.0000000000
51,92,3,0,0.0000000000
51,93,1,0,0.0000000000
51,93,2,0,0.0000000000
51,93,3,0,0.0000000000
51,94,1,0,0.0000000000
51,94,2,0,0.0000000000
51,94,3,0,0.0000000000
51,95,1,0,0.0000000000
51,95,2,0,0.0000000000
51,95,3,0,0.0000000000
51,96,1,0,0.0000000000
51,96,2,0,0.0000000000
51,96,3,0,0.0000000000
51,97,1,0,0.0000000000
51,97,2,0,0.0000000000
51,97,3,0,0.0000000000
51,98,1,0,0.0000000000
51,98,2,0,0.0000000000
51,98,3,0,0.0000000000
51,99,1,0,0.0000000000
51,99,2,0,0.0000000000
51,99,3,0,0.0000000000
51,100,1,0,0.0000000000
51,100,2,0,0.0000000000
51,100,3,0,0.0000000000
51,101,1,0,0.0000000000
51,101,2,0,0.0000000000
51,101,3,0,0.0000000000
51,102,1,0,0.0000000000
51,102,2,0,0.0000000000
51,102,3,0,0.0000000000
51,103,1,0,0.0000000000
51,103,2,0,0.0000000000
51,103,3,0,0.0000000000
51,104,1,0,0.0000000000
51,104,2,0,0.0000000000
51,104,3,0,0.0000000000
51,105,1,0,0.0000000000
51,105,2,0,0.0000000000
51,105,3,0,0.0000000000
51,106,1,0,0.0000000000
51,106,2,0,0.0000000000
51,106,3,0,0.0000000000
51,107,1,0,0.0000000000
51,107,2,0,0.0000000000
51,107,3,0,0.0000000000
51,108,1,0,0.0000000000
51,108,2,0,0.0000000000
51,108,3,0,0.0000000000
51,109,1,0,0.0000000000
51,109,2,0,0.0000000000
51,109,3,0,0.0000000000
51,110,1,0,0.0000000000
51,110,2,0,0.0000000000
51,110,3,0,0.0000000000
51,111,1,0,0.0000000000
51,111,2,0,0.0000000000
51,111,3,0,0.0000000000
51,112,1,0,0.0000000000
51,112,2,0,0.0000000000
51,112,3,0,0.0000000000
51,113,1,0,0.0000000000
51,113,2,0,0.0000000000
51,113,3,0,0.0000000000
51,114,1,0,0.0000000000
51,114,2,0,0.0000000000
51,114,3,0,0.0000000000
51,115,1,0,0.0000000000
51,115,2,0,0.0000000000
51,115,3,0,0.0000000000
51,116,1,0,0.0000000000
51,116,2,0,0.0000000000
51,116,3,0,0.0000000000
51,117,1,0,0.0000000000
51,117,2,0,0.0000000000
51,117,3,0,0.0000000000
51,118,1,0,0.0000000000
51,118,2,0,0.0000000000
51,118,3,0,0.0000000000
51,119,1,0,0.0000000000
51,119,2,0,0.0000000000
51,119,3,0,0.0000000000
51,120,1,0,0.0000000000
51,120,2,0,0.0000000000
51,120,3,0,0.0000000000
51,121,1,0,0.0000000000
51,121,2,0,0.0000000000
51,121,3,0,0.0000000000
51,122,1,0,0.0000000000
51,122,2,0,0.0000000000
51,122,3,0,0.0000000000
51,123,1,0,0.0000000000
51,123,2,0,0.0000000000
51,123,3,0,0.0000000000
51,124,1,0,0.0000000000
51,124,2,0,0.0000000000
51,124,3,0,0.0000000000
51,125,1,0,0.0000000000
51,125,2,0,0.0000000000
51,125,3,0,0.0000000000
51,126,1,0,0.0000000000
51,126,2,0,0.0000000000
51,126,3,0,0.0000000000
51,127,1,0,0.0000000000
51,127,2,0,0.0000000000
51,127,3,0,0.0000000000
51,128,1,0,0.0000000000
51,128,2,0,0.0000000000
51,128,3,0,0.0000000000
51,129,1,0,0.0000000000
51,129,2,0,0.0000000000
51,129,3,0,0.0000000000
51,130,1,0,0.0000000000
51,130,2,0,0.0000000000
51,130,3,0,0.0000000000
51,131,1,0,0.0000000000
51,131,2,0,0.0000000000
51,131,3,0,0.0000000000
51,132,1,0,0.0000000000
51,132,2,0,0.0000000000
51,132,3,0,0.0000000000
51,133,1,0,0.0000000000
51,133,2,0,0.0000000000
51,133,3,0,0.0000000000
51,134,1,0,0.0000000000
51,134,2,0,0.0000000000
51,134,3,0,0.0000000000
51,135,1,0,0.0000000000
51,135,2,0,0.0000000000
51,135,3,0,0.0000000000
51,136,1,0,0.0000000000
51,136,2,0,0.0000000000
51,136,3,0,0.0000000000
51,137,1,0,0.0000000000
51,137,2,0,0.0000000000
51,137,3,0,0.0000000000
51,138,1,0,0.0000000000
51,138,2,0,0.0000000000
51,138,3,0,0.0000000000
51,139,1,0,0.0000000000
51,139,2,0,0.0000000000
51,139,3,0,0.0000000000
51,140,1,0,0.0000000000
51,140,2,0,0.0000000000
51,140,3,0,0.0000000000
51,141,1,0,0.0000000000
51,141,2,0,0.0000000000
51,141,3,0,0.0000000000
51,142,1,0,0.0000000000
51,142,2,0,0.0000000000
51,142,3,0,0.0000000000
51,143,1,0,0.0000000000
51,143,2,0,0.0000000000
51,143,3,0,0.0000000000
51,144,1,0,0.0000000000
51,144,2,0,0.0000000000
51,144,3,0,0.0000000000
51,145,1,0,0.0000000000
51,145,2,0,0.0000000000
51,145,3,0,0.0000000000
51,146,1,0,0.0000000000
51,146,2,0,0.0000000000
51,146,3,0,0.0000000000
51,147,1,0,0.0000000000
51,147,2,0,0.0000000000
51,147,3,0,0.0000000000
51,148,1,0,0.0000000000
51,148,2,0,0.0000000000
51,148,3,0,0.0000000000
51,149,1,0,0.0000000000
51,149,2,0,0.0000000000
51,149,3,0,0.0000000000
51,150,1,0,0.0000000000
51,150,2,0,0.0000000000
51,150,3,0,0.0000000000
51,151,1,0,0.0000000000
51,151,2,0,0.0000000000
51,151,3,0,0.0000000000
51,152,1,0,0.0000000000
51,152,2,0,0.0000000000
51,152,3,0,0.0000000000
51,153,1,0,0.0000000000
51,153,2,0,0.0000000000
51,153,3,0,0.0000000000
51,154,1,0,0.0000000000
51,154,2,0,0.0000000000
51,154,3,0,0.0000000000
51,155,1,0,0.0000000000
51,155,2,0,0.0000000000
51,155,3,0,0.0000000000
51,156,1,0,0.0000000000
51,156,2,0,0.0000000000
51,156,3,0,0.0000000000
51,157,1,0,0.0000000000
51,157,2,0,0.0000000000
51,157,3,0,0.0000000000
51,158,1,0,0.0000000000
51,158,2,0,0.0000000000
51,158,3,0,0.0000000000
51,159,1,0,0.0000000000
51,159,2,0,0.0000000000
51,159,3,0,0.0000000000
51,160,1,0,0.0000000000
51,160,2,0,0.0000000000
51,160,3,0,0.0000000000
51,161,1,0,0.0000000000
51,161,2,0,0.0000000000
51,161,3,0,0.0000000000
51,162,1,0,0.0000000000
51,162,2,0,0.0000000000
51,162,3,0,0.0000000000
51,163,1,0,0.0000000000
51,163,2,0,0.0000000000
51,163,3,0,0.0000000000
51,164,1,0,0.0000000000
51,164,2,0,0.0000000000
51,164,3,0,0.0000000000
51,165,1,0,0.0000000000
51,165,2,0,0.0000000000
51,165,3,0,0.0000000000
51,166,1,0,0.0000000000
51,166,2,0,0.0000000000
51,166,3,0,0.0000000000
51,167,1,0,0.0000000000
51,167,2,0,0.0000000000
51,167,3,0,0.0000000000
51,168,1,0,0.0000000000
51,168,2,0,0.0000000000
51,168,3,0,0.0000000000
52,1,1,0,0.0000000000
52,1,2,0,0.0000000000
52,1,3,0,0.0000000000
52,2,1,0,0.0000000000
52,2,2,0,0.0000000000
52,2,3,0,0.0000000000
52,3,1,0,0.0000000000
52,3,2,0,0.0000000000
52,3,3,0,0.0000000000
52,4,1,0,0.0000000000
52,4,2,0,0.0000000000
52,4,3,0,0.0000000000
52,5,1,0,0.0000000000
52,5,2,0,0.0000000000
52,5,3,0,0.0000000000
52,6,1,0,0.0000000000
52,6,2,0,0.0000000000
52,6,3,0,0.0000000000
52,7,1,0,0.0000000000
52,7,2,0,0.0000000000
52,7,3,0,0.0000000000
52,8,1,0,0.0000000000
52,8,2,0,0.0000000000
52,8,3,0,0.0000000000
52,9,1,0,0.0000000000
52,9,2,0,0.0000000000
52,9,3,0,0.0000000000
52,10,1,0,0.0000000000
52,10,2,0,0.0000000000
52,10,3,0,0.0000000000
52,11,1,0,0.0000000000
52,11,2,0,0.0000000000
52,11,3,0,0.0000000000
52,12,1,0,0.0000000000
52,12,2,0,0.0000000000
52,12,3,0,0.0000000000
52,13,1,0,0.0000000000
52,13,2,0,0.0000000000
52,13,3,0,0.0000000000
52,14,1,0,0.0000000000
52,14,2,0,0.0000000000
52,14,3,0,0.0000000000
52,15,1,0,0.0000000000
52,15,2,0,0.0000000000
52,15,3,0,0.0000000000
52,16,1,0,0.0000000000
52,16,2,0,0.0000000000
52,16,3,0,0.0000000000
52,17,1,0,0.0000000000
52,17,2,0,0.0000000000
52,17,3,0,0.0000000000
52,18,1,0,0.0000000000
52,18,2,0,0.0000000000
52,18,3,0,0.0000000000
52,19,1,0,0.0000000000
52,19,2,0,0.0000000000
52,19,3,0,0.0000000000
52,20,1,0,0.0000000000
52,20,2,0,0.0000000000
52,20,3,0,0.0000000000
52,21,1,0,0.0000000000
52,21,2,0,0.0000000000
52,21,3,0,0.0000000000
52,22,1,0,0.0000000000
52,22,2,0,0.0000000000
52,22,3,0,0.0000000000
52,23,1,0,0.0000000000
52,23,2,0,0.0000000000
52,23,3,0,0.0000000000
52,24,1,0,0.0000000000
52,24,2,0,0.0000000000
52,24,3,0,0.0000000000
52,25,1,0,0.0000000000
52,25,2,0,0.0000000000
52,25,3,0,0.0000000000
52,26,1,0,0.0000000000
52,26,2,0,0.0000000000
52,26,3,0,0.0000000000
52,27,1,0,0.0000000000
52,27,2,0,0.0000000000
52,27,3,0,0.0000000000
52,28,1,0,0.0000000000
52,28,2,0,0.0000000000
52,28,3,0,0.0000000000
52,29,1,0,0.0000000000
52,29,2,0,0.0000000000
52,29,3,0,0.0000000000
52,30,1,0,0.0000000000
52,30,2,0,0.0000000000
52,30,3,0,0.0000000000
52,31,1,0,0.0000000000
52,31,2,0,0.0000000000
52,31,3,0,0.0000000000
52,32,1,0,0.0000000000
52,32,2,0,0.0000000000
52,32,3,0,0.0000000000
52,33,1,0,0.0000000000
52,33,2,0,0.0000000000
52,33,3,0,0.0000000000
52,34,1,0,0.0000000000
52,34,2,0,0.0000000000
52,34,3,0,0.0000000000
52,35,1,0,0.0000000000
52,35,2,0,0.0000000000
52,35,3,0,0.0000000000
52,36,1,0,0.0000000000
52,36,2,0,0.0000000000
52,36,3,0,0.0000000000
52,37,1,0,0.0000000000
52,37,2,0,0.0000000000
52,37,3,0,0.0000000000
52,38,1,0,0.0000000000
52,38,2,0,0.0000000000
52,38,3,0,0.0000000000
52,39,1,0,0.0000000000
52,39,2,0,0.0000000000
52,39,3,0,0.0000000000
52,40,1,0,0.0000000000
52,40,2,0,0.0000000000
52,40,3,0,0.0000000000
52,41,1,0,0.0000000000
52,41,2,0,0.0000000000
52,41,3,0,0.0000000000
52,42,1,0,0.0000000000
52,42,2,0,0.0000000000
52,42,3,0,0.0000000000
52,43,1,0,0.0000000000
52,43,2,0,0.0000000000
52,43,3,0,0.0000000000
52,44,1,0,0.0000000000
52,44,2,0,0.0000000000
52,44,3,0,0.0000000000
52,45,1,0,0.0000000000
52,45,2,0,0.0000000000
52,45,3,0,0.0000000000
52,46,1,0,0.0000000000
52,46,2,0,0.0000000000
52,46,3,0,0.0000000000
52,47,1,0,0.0000000000
52,47,2,0,0.0000000000
52,47,3,0,0.0000000000
52,48,1,0,0.0000000000
52,48,2,0,0.0000000000
52,48,3,0,0.0000000000
52,49,1,0,0.0000000000
52,49,2,0,0.0000000000
52,49,3,0,0.0000000000
52,50,1,0,0.0000000000
52,50,2,0,0.0000000000
52,50,3,0,0.0000000000
52,51,1,0,0.0000000000
52,51,2,0,0.0000000000
52,51,3,0,0.0000000000
52,52,1,0,0.0000000000
52,52,2,0,0.0000000000
52,52,3,0,0.0000000000
52,53,1,0,0.0000000000
52,53,2,0,0.0000000000
52,53,3,0,0.0000000000
52,54,1,0,0.0000000000
52,54,2,0,0.0000000000
52,54,3,0,0.0000000000
52,55,1,0,0.0000000000
52,55,2,0,0.0000000000
52,55,3,0,0.0000000000
52,56,1,0,0.0000000000
52,56,2,0,0.0000000000
52,56,3,0,0.0000000000
52,57,1,0,0.0000000000
52,57,2,0,0.0000000000
52,57,3,0,0.0000000000
52,58,1,0,0.0000000000
52,58,2,0,0.0000000000
52,58,3,0,0.0000000000
52,59,1,0,0.0000000000
52,59,2,0,0.0000000000
52,59,3,0,0.0000000000
52,60,1,0,0.0000000000
52,60,2,0,0.0000000000
52,60,3,0,0.0000000000
52,61,1,0,0.0000000000
52,61,2,0,0.0000000000
52,61,3,0,0.0000000000
52,62,1,0,0.0000000000
52,62,2,0,0.0000000000
52,62,3,0,0.0000000000
52,63,1,0,0.0000000000
52,63,2,0,0.0000000000
52,63,3,0,0.0000000000
52,64,1,0,0.0000000000
52,64,2,0,0.0000000000
52,64,3,0,0.0000000000
52,65,1,0,0.0000000000
52,65,2,0,0.0000000000
52,65,3,0,0.0000000000
52,66,1,0,0.0000000000
52,66,2,0,0.0000000000
52,66,3,0,0.0000000000
52,67,1,0,0.0000000000
52,67,2,0,0.0000000000
52,67,3,0,0.0000000000
52,68,1,0,0.0000000000
52,68,2,0,0.0000000000
52,68,3,0,0.0000000000
52,69,1,0,0.0000000000
52,69,2,0,0.0000000000
52,69,3,0,0.0000000000
52,70,1,0,0.0000000000
52,70,2,0,0.0000000000
52,70,3,0,0.0000000000
52,71,1,0,0.0000000000
52,71,2,0,0.0000000000
52,71,3,0,0.0000000000
52,72,1,0,0.0000000000
52,72,2,0,0.0000000000
52,72,3,0,0.0000000000
52,73,1,0,0.0000000000
52,73,2,0,0.0000000000
52,73,3,0,0.0000000000
52,74,1,0,0.0000000000
52,74,2,0,0.0000000000
52,74,3,0,0.0000000000
52,75,1,0,0.0000000000
52,75,2,0,0.0000000000
52,75,3,0,0.0000000000
52,76,1,0,0.0000000000
52,76,2,0,0.0000000000
52,76,3,0,0.0000000000
52,77,1,0,0.0000000000
52,77,2,0,0.0000000000
52,77,3,0,0.0000000000
52,78,1,0,0.0000000000
52,78,2,0,0.0000000000
52,78,3,0,0.0000000000
52,79,1,0,0.0000000000
52,79,2,0,0.0000000000
52,79,3,0,0.0000000000
52,80,1,0,0.0000000000
52,80,2,0,0.0000000000
52,80,3,0,0.0000000000
52,81,1,0,0.0000000000
52,81,2,0,0.0000000000
52,81,3,0,0.0000000000
52,82,1,0,0.0000000000
52,82,2,0,0.0000000000
52,82,3,0,0.0000000000
52,83,1,0,0.0000000000
52,83,2,0,0.0000000000
52,83,3,0,0.0000000000
52,84,1,0,0.0000000000
52,84,2,0,0.0000000000
52,84,3,0,0.0000000000
52,85,1,0,0.0000000000
52,85,2,0,0.0000000000
52,85,3,0,0.0000000000
52,86,1,0,0.0000000000
52,86,2,0,0.0000000000
52,86,3,0,0.0000000000
52,87,1,0,0.0000000000
52,87,2,0,0.0000000000
52,87,3,0,0.0000000000
52,88,1,0,0.0000000000
52,88,2,0,0.0000000000
52,88,3,0,0.0000000000
52,89,1,0,0.0000000000
52,89,2,0,0.0000000000
52,89,3,0,0.0000000000
52,90,1,0,0.0000000000
52,90,2,0,0.0000000000
52,90,3,0,0.0000000000
52,91,1,0,0.0000000000
52,91,2,0,0.0000000000
52,91,3,0,0.0000000000
52,92,1,0,0.0000000000
52,92,2,0,0.0000000000
52,92,3,0,0.0000000000
52,93,1,0,0.0000000000
52,93,2,0,0.0000000000
52,93,3,0,0.0000000000
52,94,1,0,0.0000000000
52,94,2,0,0.0000000000
52,94,3,0,0.0000000000
52,95,1,0,0.0000000000
52,95,2,0,0.0000000000
52,95,3,0,0.0000000000
52,96,1,0,0.0000000000
52,96,2,0,0.0000000000
52,96,3,0,0.0000000000
52,97,1,0,0.0000000000
52,97,2,0,0.0000000000
52,97,3,0,0.0000000000
52,98,1,0,0.0000000000
52,98,2,0,0.0000000000
52,98,3,0,0.0000000000
52,99,1,0,0.0000000000
52,99,2,0,0.0000000000
52,99,3,0,0.0000000000
52,100,1,0,0.0000000000
52,100,2,0,0.0000000000
52,100,3,0,0.0000000000
52,101,1,0,0.0000000000
52,101,2,0,0.0000000000
52,101,3,0,0.0000000000
52,102,1,0,0.0000000000
52,102,2,0,0.0000000000
52,102,3,0,0.0000000000
52,103,1,0,0.0000000000
52,103,2,0,0.0000000000
52,103,3,0,0.0000000000
52,104,1,0,0.0000000000
52,104,2,0,0.0000000000
52,104,3,0,0.0000000000
52,105,1,0,0.0000000000
52,105,2,0,0.0000000000
52,105,3,0,0.0000000000
52,106,1,0,0.0000000000
52,106,2,0,0.0000000000
52,106,3,0,0.0000000000
52,107,1,0,0.0000000000
52,107,2,0,0.0000000000
52,107,3,0,0.0000000000
52,108,1,0,0.0000000000
52,108,2,0,0.0000000000
52,108,3,0,0.0000000000
52,109,1,0,0.0000000000
52,109,2,0,0.0000000000
52,109,3,0,0.0000000000
52,110,1,0,0.0000000000
52,110,2,0,0.0000000000
52,110,3,0,0.0000000000
52,111,1,0,0.0000000000
52,111,2,0,0.0000000000
52,111,3,0,0.0000000000
52,112,1,0,0.0000000000
52,112,2,0,0.0000000000
52,112,3,0,0.0000000000
52,113,1,0,0.0000000000
52,113,2,0,0.0000000000
52,113,3,0,0.0000000000
52,114,1,0,0.0000000000
52,114,2,0,0.0000000000
52,114,3,0,0.0000000000
52,115,1,0,0.0000000000
52,115,2,0,0.0000000000
52,115,3,0,0.0000000000
52,116,1,0,0.0000000000
52,116,2,0,0.0000000000
52,116,3,0,0.0000000000
52,117,1,0,0.0000000000
52,117,2,0,0.0000000000
52,117,3,0,0.0000000000
52,118,1,0,0.0000000000
52,118,2,0,0.0000000000
52,118,3,0,0.0000000000
52,119,1,0,0.0000000000
52,119,2,0,0.0000000000
52,119,3,0,0.0000000000
52,120,1,0,0.0000000000
52,120,2,0,0.0000000000
52,120,3,0,0.0000000000
52,121,1,0,0.0000000000
52,121,2,0,0.0000000000
52,121,3,0,0.0000000000
52,122,1,0,0.0000000000
52,122,2,0,0.0000000000
52,122,3,0,0.0000000000
52,123,1,0,0.0000000000
52,123,2,0,0.0000000000
52,123,3,0,0.0000000000
52,124,1,0,0.0000000000
52,124,2,0,0.0000000000
52,124,3,0,0.0000000000
52,125,1,0,0.0000000000
52,125,2,0,0.0000000000
52,125,3,0,0.0000000000
52,126,1,0,0.0000000000
52,126,2,0,0.0000000000
52,126,3,0,0.0000000000
52,127,1,0,0.0000000000
52,127,2,0,0.0000000000
52,127,3,0,0.0000000000
52,128,1,0,0.0000000000
52,128,2,0,0.0000000000
52,128,3,0,0.0000000000
52,129,1,0,0.0000000000
52,129,2,0,0.0000000000
52,129,3,0,0.0000000000
52,130,1,0,0.0000000000
52,130,2,0,0.0000000000
52,130,3,0,0.0000000000
52,131,1,0,0.0000000000
52,131,2,0,0.0000000000
52,131,3,0,0.0000000000
52,132,1,0,0.0000000000
52,132,2,0,0.0000000000
52,132,3,0,0.0000000000
52,133,1,0,0.0000000000
52,133,2,0,0.0000000000
52,133,3,0,0.0000000000
52,134,1,0,0.0000000000
52,134,2,0,0.0000000000
52,134,3,0,0.0000000000
52,135,1,0,0.0000000000
52,135,2,0,0.0000000000
52,135,3,0,0.0000000000
52,136,1,0,0.0000000000
52,136,2,0,0.0000000000
52,136,3,0,0.0000000000
52,137,1,0,0.0000000000
52,137,2,0,0.0000000000
52,137,3,0,0.0000000000
52,138,1,0,0.0000000000
52,138,2,0,0.0000000000
52,138,3,0,0.0000000000
52,139,1,0,0.0000000000
52,139,2,0,0.0000000000
52,139,3,0,0.0000000000
52,140,1,0,0.0000000000
52,140,2,0,0.0000000000
52,140,3,0,0.0000000000
52,141,1,0,0.0000000000
52,141,2,0,0.0000000000
52,141,3,0,0.0000000000
52,142,1,0,0.0000000000
52,142,2,0,0.0000000000
52,142,3,0,0.0000000000
52,143,1,0,0.0000000000
52,143,2,0,0.0000000000
52,143,3,0,0.0000000000
52,144,1,0,0.0000000000
52,144,2,0,0.0000000000
52,144,3,0,0.0000000000
52,145,1,0,0.0000000000
52,145,2,0,0.0000000000
52,145,3,0,0.0000000000
52,146,1,0,0.0000000000
52,146,2,0,0.0000000000
52,146,3,0,0.0000000000
52,147,1,0,0.0000000000
52,147,2,0,0.0000000000
52,147,3,0,0.0000000000
52,148,1,0,0.0000000000
52,148,2,0,0.0000000000
52,148,3,0,0.0000000000
52,149,1,0,0.0000000000
52,149,2,0,0.0000000000
52,149,3,0,0.0000000000
52,150,1,0,0.0000000000
52,150,2,0,0.0000000000
52,150,3,0,0.0000000000
52,151,1,0,0.0000000000
52,151,2,0,0.0000000000
52,151,3,0,0.0000000000
52,152,1,0,0.0000000000
52,152,2,0,0.0000000000
52,152,3,0,0.0000000000
52,153,1,0,0.0000000000
52,153,2,0,0.0000000000
52,153,3,0,0.0000000000
52,154,1,0,0.0000000000
52,154,2,0,0.0000000000
52,154,3,0,0.0000000000
52,155,1,0,0.0000000000
52,155,2,0,0.0000000000
52,155,3,0,0.0000000000
52,156,1,0,0.0000000000
52,156,2,0,0.0000000000
52,156,3,0,0.0000000000
52,157,1,0,0.0000000000
52,157,2,0,0.0000000000
52,157,3,0,0.0000000000
52,158,1,0,0.0000000000
52,158,2,0,0.0000000000
52,158,3,0,0.0000000000
52,159,1,0,0.0000000000
52,159,2,0,0.0000000000
52,159,3,0,0.0000000000
52,160,1,0,0.0000000000
52,160,2,0,0.0000000000
52,160,3,0,0.0000000000
52,161,1,0,0.0000000000
52,161,2,0,0.0000000000
52,161,3,0,0.0000000000
52,162,1,0,0.0000000000
52,162,2,0,0.0000000000
52,162,3,0,0.0000000000
52,163,1,0,0.0000000000
52,163,2,0,0.0000000000
52,163,3,0,0.0000000000
52,164,1,0,0.0000000000
52,164,2,0,0.0000000000
52,164,3,0,0.0000000000
52,165,1,0,0.0000000000
52,165,2,0,0.0000000000
52,165,3,0,0.0000000000
52,166,1,0,0.0000000000
52,166,2,0,0.0000000000
52,166,3,0,0.0000000000
52,167,1,0,0.0000000000
52,167,2,0,0.0000000000
52,167,3,0,0.0000000000
52,168,1,0,0.0000000000
52,168,2,0,0.0000000000
52,168,3,0,0.0000000000
53,1,1,0,0.0000000000
53,1,2,0,0.0000000000
53,1,3,0,0.0000000000
53,2,1,0,0.0000000000
53,2,2,0,0.0000000000
53,2,3,0,0.0000000000
53,3,1,0,0.0000000000
53,3,2,0,0.0000000000
53,3,3,0,0.0000000000
53,4,1,0,0.0000000000
53,4,2,0,0.0000000000
53,4,3,0,0.0000000000
53,5,1,0,0.0000000000
53,5,2,0,0.0000000000
53,5,3,0,0.0000000000
53,6,1,0,0.0000000000
53,6,2,0,0.0000000000
53,6,3,0,0.0000000000
53,7,1,0,0.0000000000
53,7,2,0,0.0000000000
53,7,3,0,0.0000000000
53,8,1,0,0.0000000000
53,8,2,0,0.0000000000
53,8,3,0,0.0000000000
53,9,1,0,0.0000000000
53,9,2,0,0.0000000000
53,9,3,0,0.0000000000
53,10,1,0,0.0000000000
53,10,2,0,0.0000000000
53,10,3,0,0.0000000000
53,11,1,0,0.0000000000
53,11,2,0,0.0000000000
53,11,3,0,0.0000000000
53,12,1,0,0.0000000000
53,12,2,0,0.0000000000
53,12,3,0,0.0000000000
53,13,1,0,0.0000000000
53,13,2,0,0.0000000000
53,13,3,0,0.0000000000
53,14,1,0,0.0000000000
53,14,2,0,0.0000000000
53,14,3,0,0.0000000000
53,15,1,0,0.0000000000
53,15,2,0,0.0000000000
53,15,3,0,0.0000000000
53,16,1,0,0.0000000000
53,16,2,0,0.0000000000
53,16,3,0,0.0000000000
53,17,1,0,0.0000000000
53,17,2,0,0.0000000000
53,17,3,0,0.0000000000
53,18,1,0,0.0000000000
53,18,2,0,0.0000000000
53,18,3,0,0.0000000000
53,19,1,0,0.0000000000
53,19,2,0,0.0000000000
53,19,3,0,0.0000000000
53,20,1,0,0.0000000000
53,20,2,0,0.0000000000
53,20,3,0,0.0000000000
53,21,1,0,0.0000000000
53,21,2,0,0.0000000000
53,21,3,0,0.0000000000
53,22,1,0,0.0000000000
53,22,2,0,0.0000000000
53,22,3,0,0.0000000000
53,23,1,0,0.0000000000
53,23,2,0,0.0000000000
53,23,3,0,0.0000000000
53,24,1,0,0.0000000000
53,24,2,0,0.0000000000
53,24,3,0,0.0000000000
53,25,1,0,0.0000000000
53,25,2,0,0.0000000000
53,25,3,0,0.0000000000
53,26,1,0,0.0000000000
53,26,2,0,0.0000000000
53,26,3,0,0.0000000000
53,27,1,0,0.0000000000
53,27,2,0,0.0000000000
53,27,3,0,0.0000000000
53,28,1,0,0.0000000000
53,28,2,0,0.0000000000
53,28,3,0,0.0000000000
53,29,1,0,0.0000000000
53,29,2,0,0.0000000000
53,29,3,0,0.0000000000
53,30,1,0,0.0000000000
53,30,2,0,0.0000000000
53,30,3,0,0.0000000000
53,31,1,0,0.0000000000
53,31,2,0,0.0000000000
53,31,3,0,0.0000000000
53,32,1,0,0.0000000000
53,32,2,0,0.0000000000
53,32,3,0,0.0000000000
53,33,1,0,0.0000000000
53,33,2,0,0.0000000000
53,33,3,0,0.0000000000
53,34,1,0,0.0000000000
53,34,2,0,0.0000000000
53,34,3,0,0.0000000000
53,35,1,0,0.0000000000
53,35,2,0,0.0000000000
53,35,3,0,0.0000000000
53,36,1,0,0.0000000000
53,36,2,0,0.0000000000
53,36,3,0,0.0000000000
53,37,1,0,0.0000000000
53,37,2,0,0.0000000000
53,37,3,0,0.0000000000
53,38,1,0,0.0000000000
53,38,2,0,0.0000000000
53,38,3,0,0.0000000000
53,39,1,0,0.0000000000
53,39,2,0,0.0000000000
53,39,3,0,0.0000000000
53,40,1,0,0.0000000000
53,40,2,0,0.0000000000
53,40,3,0,0.0000000000
53,41,1,0,0.0000000000
53,41,2,0,0.0000000000
53,41,3,0,0.0000000000
53,42,1,0,0.0000000000
53,42,2,0,0.0000000000
53,42,3,0,0.0000000000
53,43,1,0,0.0000000000
53,43,2,0,0.0000000000
53,43,3,0,0.0000000000
53,44,1,0,0.0000000000
53,44,2,0,0.0000000000
53,44,3,0,0.0000000000
53,45,1,0,0.0000000000
53,45,2,0,0.0000000000
53,45,3,0,0.0000000000
53,46,1,0,0.0000000000
53,46,2,0,0.0000000000
53,46,3,0,0.0000000000
53,47,1,0,0.0000000000
53,47,2,0,0.0000000000
53,47,3,0,0.0000000000
53,48,1,0,0.0000000000
53,48,2,0,0.0000000000
53,48,3,0,0.0000000000
53,49,1,0,0.0000000000
53,49,2,0,0.0000000000
53,49,3,0,0.0000000000
53,50,1,0,0.0000000000
53,50,2,0,0.0000000000
53,50,3,0,0.0000000000
53,51,1,0,0.0000000000
53,51,2,0,0.0000000000
53,51,3,0,0.0000000000
53,52,1,0,0.0000000000
53,52,2,0,0.0000000000
53,52,3,0,0.0000000000
53,53,1,0,0.0000000000
53,53,2,0,0.0000000000
53,53,3,0,0.0000000000
53,54,1,0,0.0000000000
53,54,2,0,0.0000000000
53,54,3,0,0.0000000000
53,55,1,0,0.0000000000
53,55,2,0,0.0000000000
53,55,3,0,0.0000000000
53,56,1,0,0.0000000000
53,56,2,0,0.0000000000
53,56,3,0,0.0000000000
53,57,1,0,0.0000000000
53,57,2,0,0.0000000000
53,57,3,0,0.0000000000
53,58,1,0,0.0000000000
53,58,2,0,0.0000000000
53,58,3,0,0.0000000000
53,59,1,0,0.0000000000
53,59,2,0,0.0000000000
53,59,3,0,0.0000000000
53,60,1,0,0.0000000000
53,60,2,0,0.0000000000
53,60,3,0,0.0000000000
53,61,1,0,0.0000000000
53,61,2,0,0.0000000000
53,61,3,0,0.0000000000
53,62,1,0,0.0000000000
53,62,2,0,0.0000000000
53,62,3,0,0.0000000000
53,63,1,0,0.0000000000
53,63,2,0,0.0000000000
53,63,3,0,0.0000000000
53,64,1,0,0.0000000000
53,64,2,0,0.0000000000
53,64,3,0,0.0000000000
53,65,1,0,0.0000000000
53,65,2,0,0.0000000000
53,65,3,0,0.0000000000
53,66,1,0,0.0000000000
53,66,2,0,0.0000000000
53,66,3,0,0.0000000000
53,67,1,0,0.0000000000
53,67,2,0,0.0000000000
53,67,3,0,0.0000000000
53,68,1,0,0.0000000000
53,68,2,0,0.0000000000
53,68,3,0,0.0000000000
53,69,1,0,0.0000000000
53,69,2,0,0.0000000000
53,69,3,0,0.0000000000
53,70,1,0,0.0000000000
53,70,2,0,0.0000000000
53,70,3,0,0.0000000000
53,71,1,0,0.0000000000
53,71,2,0,0.0000000000
53,71,3,0,0.0000000000
53,72,1,0,0.0000000000
53,72,2,0,0.0000000000
53,72,3,0,0.0000000000
53,73,1,0,0.0000000000
53,73,2,0,0.0000000000
53,73,3,0,0.0000000000
53,74,1,0,0.0000000000
53,74,2,0,0.0000000000
53,74,3,0,0.0000000000
53,75,1,0,0.0000000000
53,75,2,0,0.0000000000
53,75,3,0,0.0000000000
53,76,1,0,0.0000000000
53,76,2,0,0.0000000000
53,76,3,0,0.0000000000
53,77,1,0,0.0000000000
53,77,2,0,0.0000000000
53,77,3,0,0.0000000000
53,78,1,0,0.0000000000
53,78,2,0,0.0000000000
53,78,3,0,0.0000000000
53,79,1,0,0.0000000000
53,79,2,0,0.0000000000
53,79,3,0,0.0000000000
53,80,1,0,0.0000000000
53,80,2,0,0.0000000000
53,80,3,0,0.0000000000
53,81,1,0,0.0000000000
53,81,2,0,0.0000000000
53,81,3,0,0.0000000000
53,82,1,0,0.0000000000
53,82,2,0,0.0000000000
53,82,3,0,0.0000000000
53,83,1,0,0.0000000000
53,83,2,0,0.0000000000
53,83,3,0,0.0000000000
53,84,1,0,0.0000000000
53,84,2,0,0.0000000000
53,84,3,0,0.0000000000
53,85,1,0,0.0000000000
53,85,2,0,0.0000000000
53,85,3,0,0.0000000000
53,86,1,0,0.0000000000
53,86,2,0,0.0000000000
53,86,3,0,0.0000000000
53,87,1,0,0.0000000000
53,87,2,0,0.0000000000
53,87,3,0,0.0000000000
53,88,1,0,0.0000000000
53,88,2,0,0.0000000000
53,88,3,0,0.0000000000
53,89,1,0,0.0000000000
53,89,2,0,0.0000000000
53,89,3,0,0.0000000000
53,90,1,0,0.0000000000
53,90,2,0,0.0000000000
53,90,3,0,0.0000000000
53,91,1,0,0.0000000000
53,91,2,0,0.0000000000
53,91,3,0,0.0000000000
53,92,1,0,0.0000000000
53,92,2,0,0.0000000000
53,92,3,0,0.0000000000
53,93,1,0,0.0000000000
53,93,2,0,0.0000000000
53,93,3,0,0.0000000000
53,94,1,0,0.0000000000
53,94,2,0,0.0000000000
53,94,3,0,0.0000000000
53,95,1,0,0.0000000000
53,95,2,0,0.0000000000
53,95,3,0,0.0000000000
53,96,1,0,0.0000000000
53,96,2,0,0.0000000000
53,96,3,0,0.0000000000
53,97,1,0,0.0000000000
53,97,2,0,0.0000000000
53,97,3,0,0.0000000000
53,98,1,0,0.0000000000
53,98,2,0,0.0000000000
53,98,3,0,0.0000000000
53,99,1,0,0.0000000000
53,99,2,0,0.0000000000
53,99,3,0,0.0000000000
53,100,1,0,0.0000000000
53,100,2,0,0.0000000000
53,100,3,0,0.0000000000
53,101,1,0,0.0000000000
53,101,2,0,0.0000000000
53,101,3,0,0.0000000000
53,102,1,0,0.0000000000
53,102,2,0,0.0000000000
53,102,3,0,0.0000000000
53,103,1,0,0.0000000000
53,103,2,0,0.0000000000
53,103,3,0,0.0000000000
53,104,1,0,0.0000000000
53,104,2,0,0.0000000000
53,104,3,0,0.0000000000
53,105,1,0,0.0000000000
53,105,2,0,0.0000000000
53,105,3,0,0.0000000000
53,106,1,0,0.0000000000
53,106,2,0,0.0000000000
53,106,3,0,0.0000000000
53,107,1,0,0.0000000000
53,107,2,0,0.0000000000
53,107,3,0,0.0000000000
53,108,1,0,0.0000000000
53,108,2,0,0.0000000000
53,108,3,0,0.0000000000
53,109,1,0,0.0000000000
53,109,2,0,0.0000000000
53,109,3,0,0.0000000000
53,110,1,0,0.0000000000
53,110,2,0,0.0000000000
53,110,3,0,0.0000000000
53,111,1,0,0.0000000000
53,111,2,0,0.0000000000
53,111,3,0,0.0000000000
53,112,1,0,0.0000000000
53,112,2,0,0.0000000000
53,112,3,0,0.0000000000
53,113,1,0,0.0000000000
53,113,2,0,0.0000000000
53,113,3,0,0.0000000000
53,114,1,0,0.0000000000
53,114,2,0,0.0000000000
53,114,3,0,0.0000000000
53,115,1,0,0.0000000000
53,115,2,0,0.0000000000
53,115,3,0,0.0000000000
53,116,1,0,0.0000000000
53,116,2,0,0.0000000000
53,116,3,0,0.0000000000
53,117,1,0,0.0000000000
53,117,2,0,0.0000000000
53,117,3,0,0.0000000000
53,118,1,0,0.0000000000
53,118,2,0,0.0000000000
53,118,3,0,0.0000000000
53,119,1,0,0.0000000000
53,119,2,0,0.0000000000
53,119,3,0,0.0000000000
53,120,1,0,0.0000000000
53,120,2,0,0.0000000000
53,120,3,0,0.0000000000
53,121,1,0,0.0000000000
53,121,2,0,0.0000000000
53,121,3,0,0.0000000000
53,122,1,0,0.0000000000
53,122,2,0,0.0000000000
53,122,3,0,0.0000000000
53,123,1,0,0.0000000000
53,123,2,0,0.0000000000
53,123,3,0,0.0000000000
53,124,1,0,0.0000000000
53,124,2,0,0.0000000000
53,124,3,0,0.0000000000
53,125,1,0,0.0000000000
53,125,2,0,0.0000000000
53,125,3,0,0.0000000000
53,126,1,0,0.0000000000
53,126,2,0,0.0000000000
53,126,3,0,0.0000000000
53,127,1,0,0.0000000000
53,127,2,0,0.0000000000
53,127,3,0,0.0000000000
53,128,1,0,0.0000000000
53,128,2,0,0.0000000000
53,128,3,0,0.0000000000
53,129,1,0,0.0000000000
53,129,2,0,0.0000000000
53,129,3,0,0.0000000000
53,130,1,0,0.0000000000
53,130,2,0,0.0000000000
53,130,3,0,0.0000000000
53,131,1,0,0.0000000000
53,131,2,0,0.0000000000
53,131,3,0,0.0000000000
53,132,1,0,0.0000000000
53,132,2,0,0.0000000000
53,132,3,0,0.0000000000
53,133,1,0,0.0000000000
53,133,2,0,0.0000000000
53,133,3,0,0.0000000000
53,134,1,0,0.0000000000
53,134,2,0,0.0000000000
53,134,3,0,0.0000000000
53,135,1,0,0.0000000000
53,135,2,0,0.0000000000
53,135,3,0,0.0000000000
53,136,1,0,0.0000000000
53,136,2,0,0.0000000000
53,136,3,0,0.0000000000
53,137,1,0,0.0000000000
53,137,2,0,0.0000000000
53,137,3,0,0.0000000000
53,138,1,0,0.0000000000
53,138,2,0,0.0000000000
53,138,3,0,0.0000000000
53,139,1,0,0.0000000000
53,139,2,0,0.0000000000
53,139,3,0,0.0000000000
53,140,1,0,0.0000000000
53,140,2,0,0.0000000000
53,140,3,0,0.0000000000
53,141,1,0,0.0000000000
53,141,2,0,0.0000000000
53,141,3,0,0.0000000000
53,142,1,0,0.0000000000
53,142,2,0,0.0000000000
53,142,3,0,0.0000000000
53,143,1,0,0.0000000000
53,143,2,0,0.0000000000
53,143,3,0,0.0000000000
53,144,1,0,0.0000000000
53,144,2,0,0.0000000000
53,144,3,0,0.0000000000
53,145,1,0,0.0000000000
53,145,2,0,0.0000000000
53,145,3,0,0.0000000000
53,146,1,0,0.0000000000
53,146,2,0,0.0000000000
53,146,3,0,0.0000000000
53,147,1,0,0.0000000000
53,147,2,0,0.0000000000
53,147,3,0,0.0000000000
53,148,1,0,0.0000000000
53,148,2,0,0.0000000000
53,148,3,0,0.0000000000
53,149,1,0,0.0000000000
53,149,2,0,0.0000000000
53,149,3,0,0.0000000000
53,150,1,0,0.0000000000
53,150,2,0,0.0000000000
53,150,3,0,0.0000000000
53,151,1,0,0.0000000000
53,151,2,0,0.0000000000
53,151,3,0,0.0000000000
53,152,1,0,0.0000000000
53,152,2,0,0.0000000000
53,152,3,0,0.0000000000
53,153,1,0,0.0000000000
53,153,2,0,0.0000000000
53,153,3,0,0.0000000000
53,154,1,0,0.0000000000
53,154,2,0,0.0000000000
53,154,3,0,0.0000000000
53,155,1,0,0.0000000000
53,155,2,0,0.0000000000
53,155,3,0,0.0000000000
53,156,1,0,0.0000000000
53,156,2,0,0.0000000000
53,156,3,0,0.0000000000
53,157,1,0,0.0000000000
53,157,2,0,0.0000000000
53,157,3,0,0.0000000000
53,158,1,0,0.0000000000
53,158,2,0,0.0000000000
53,158,3,0,0.0000000000
53,159,1,0,0.0000000000
53,159,2,0,0.0000000000
53,159,3,0,0.0000000000
53,160,1,0,0.0000000000
53,160,2,0,0.0000000000
53,160,3,0,0.0000000000
53,161,1,0,0.0000000000
53,161,2,0,0.0000000000
53,161,3,0,0.0000000000
53,162,1,0,0.0000000000
53,162,2,0,0.0000000000
53,162,3,0,0.0000000000
53,163,1,0,0.0000000000
53,163,2,0,0.0000000000
53,163,3,0,0.0000000000
53,164,1,0,0.0000000000
53,164,2,0,0.0000000000
53,164,3,0,0.0000000000
53,165,1,0,0.0000000000
53,165,2,0,0.0000000000
53,165,3,0,0.0000000000
53,166,1,0,0.0000000000
53,166,2,0,0.0000000000
53,166,3,0,0.0000000000
53,167,1,0,0.0000000000
53,167,2,0,0.0000000000
53,167,3,0,0.0000000000
53,168,1,0,0.0000000000
53,168,2,0,0.0000000000
53,168,3,0,0.0000000000
57,1,1,0,0.0000000000
57,1,2,0,0.0000000000
57,1,3,0,0.0000000000
57,2,1,0,0.0000000000
57,2,2,0,0.0000000000
57,2,3,0,0.0000000000
57,3,1,0,0.0000000000
57,3,2,0,0.0000000000
57,3,3,0,0.0000000000
57,4,1,0,0.0000000000
57,4,2,0,0.0000000000
57,4,3,0,0.0000000000
57,5,1,0,0.0000000000
57,5,2,0,0.0000000000
57,5,3,0,0.0000000000
57,6,1,0,0.0000000000
57,6,2,0,0.0000000000
57,6,3,0,0.0000000000
57,7,1,0,0.0000000000
57,7,2,0,0.0000000000
57,7,3,0,0.0000000000
57,8,1,0,0.0000000000
57,8,2,0,0.0000000000
57,8,3,0,0.0000000000
57,9,1,0,0.0000000000
57,9,2,0,0.0000000000
57,9,3,0,0.0000000000
57,10,1,0,0.0000000000
57,10,2,0,0.0000000000
57,10,3,0,0.0000000000
57,11,1,0,0.0000000000
57,11,2,0,0.0000000000
57,11,3,0,0.0000000000
57,12,1,0,0.0000000000
57,12,2,0,0.0000000000
57,12,3,0,0.0000000000
57,13,1,0,0.0000000000
57,13,2,0,0.0000000000
57,13,3,0,0.0000000000
57,14,1,0,0.0000000000
57,14,2,0,0.0000000000
57,14,3,0,0.0000000000
57,15,1,0,0.0000000000
57,15,2,0,0.0000000000
57,15,3,0,0.0000000000
57,16,1,0,0.0000000000
57,16,2,0,0.0000000000
57,16,3,0,0.0000000000
57,17,1,0,0.0000000000
57,17,2,0,0.0000000000
57,17,3,0,0.0000000000
57,18,1,0,0.0000000000
57,18,2,0,0.0000000000
57,18,3,0,0.0000000000
57,19,1,0,0.0000000000
57,19,2,0,0.0000000000
57,19,3,0,0.0000000000
57,20,1,0,0.0000000000
57,20,2,0,0.0000000000
57,20,3,0,0.0000000000
57,21,1,0,0.0000000000
57,21,2,0,0.0000000000
57,21,3,0,0.0000000000
57,22,1,0,0.0000000000
57,22,2,0,0.0000000000
57,22,3,0,0.0000000000
57,23,1,0,0.0000000000
57,23,2,0,0.0000000000
57,23,3,0,0.0000000000
57,24,1,0,0.0000000000
57,24,2,0,0.0000000000
57,24,3,0,0.0000000000
57,25,1,0,0.0000000000
57,25,2,0,0.0000000000
57,25,3,0,0.0000000000
57,26,1,0,0.0000000000
57,26,2,0,0.0000000000
57,26,3,0,0.0000000000
57,27,1,0,0.0000000000
57,27,2,0,0.0000000000
57,27,3,0,0.0000000000
57,28,1,0,0.0000000000
57,28,2,0,0.0000000000
57,28,3,0,0.0000000000
57,29,1,0,0.0000000000
57,29,2,0,0.0000000000
57,29,3,0,0.0000000000
57,30,1,0,0.0000000000
57,30,2,0,0.0000000000
57,30,3,0,0.0000000000
57,31,1,0,0.0000000000
57,31,2,0,0.0000000000
57,31,3,0,0.0000000000
57,32,1,0,0.0000000000
57,32,2,0,0.0000000000
57,32,3,0,0.0000000000
57,33,1,0,0.0000000000
57,33,2,0,0.0000000000
57,33,3,0,0.0000000000
57,34,1,0,0.0000000000
57,34,2,0,0.0000000000
57,34,3,0,0.0000000000
57,35,1,0,0.0000000000
57,35,2,0,0.0000000000
57,35,3,0,0.0000000000
57,36,1,0,0.0000000000
57,36,2,0,0.0000000000
57,36,3,0,0.0000000000
57,37,1,0,0.0000000000
57,37,2,0,0.0000000000
57,37,3,0,0.0000000000
57,38,1,0,0.0000000000
57,38,2,0,0.0000000000
57,38,3,0,0.0000000000
57,39,1,0,0.0000000000
57,39,2,0,0.0000000000
57,39,3,0,0.0000000000
57,40,1,0,0.0000000000
57,40,2,0,0.0000000000
57,40,3,0,0.0000000000
57,41,1,0,0.0000000000
57,41,2,0,0.0000000000
57,41,3,0,0.0000000000
57,42,1,0,0.0000000000
57,42,2,0,0.0000000000
57,42,3,0,0.0000000000
57,43,1,0,0.0000000000
57,43,2,0,0.0000000000
57,43,3,0,0.0000000000
57,44,1,0,0.0000000000
57,44,2,0,0.0000000000
57,44,3,0,0.0000000000
57,45,1,0,0.0000000000
57,45,2,0,0.0000000000
57,45,3,0,0.0000000000
57,46,1,0,0.0000000000
57,46,2,0,0.0000000000
57,46,3,0,0.0000000000
57,47,1,0,0.0000000000
57,47,2,0,0.0000000000
57,47,3,0,0.0000000000
57,48,1,0,0.0000000000
57,48,2,0,0.0000000000
57,48,3,0,0.0000000000
57,49,1,0,0.0000000000
57,49,2,0,0.0000000000
57,49,3,0,0.0000000000
57,50,1,0,0.0000000000
57,50,2,0,0.0000000000
57,50,3,0,0.0000000000
57,51,1,0,0.0000000000
57,51,2,0,0.0000000000
57,51,3,0,0.0000000000
57,52,1,0,0.0000000000
57,52,2,0,0.0000000000
57,52,3,0,0.0000000000
57,53,1,0,0.0000000000
57,53,2,0,0.0000000000
57,53,3,0,0.0000000000
57,54,1,0,0.0000000000
57,54,2,0,0.0000000000
57,54,3,0,0.0000000000
57,55,1,0,0.0000000000
57,55,2,0,0.0000000000
57,55,3,0,0.0000000000
57,56,1,0,0.0000000000
57,56,2,0,0.0000000000
57,56,3,0,0.0000000000
57,57,1,0,0.0000000000
57,57,2,0,0.0000000000
57,57,3,0,0.0000000000
57,58,1,0,0.0000000000
57,58,2,0,0.0000000000
57,58,3,0,0.0000000000
57,59,1,0,0.0000000000
57,59,2,0,0.0000000000
57,59,3,0,0.0000000000
57,60,1,0,0.0000000000
57,60,2,0,0.0000000000
57,60,3,0,0.0000000000
57,61,1,0,0.0000000000
57,61,2,0,0.0000000000
57,61,3,0,0.0000000000
57,62,1,0,0.0000000000
57,62,2,0,0.0000000000
57,62,3,0,0.0000000000
57,63,1,0,0.0000000000
57,63,2,0,0.0000000000
57,63,3,0,0.0000000000
57,64,1,0,0.0000000000
57,64,2,0,0.0000000000
57,64,3,0,0.0000000000
57,65,1,0,0.0000000000
57,65,2,0,0.0000000000
57,65,3,0,0.0000000000
57,66,1,0,0.0000000000
57,66,2,0,0.0000000000
57,66,3,0,0.0000000000
57,67,1,0,0.0000000000
57,67,2,0,0.0000000000
57,67,3,0,0.0000000000
57,68,1,0,0.0000000000
57,68,2,0,0.0000000000
57,68,3,0,0.0000000000
57,69,1,0,0.0000000000
57,69,2,0,0.0000000000
57,69,3,0,0.0000000000
57,70,1,0,0.0000000000
57,70,2,0,0.0000000000
57,70,3,0,0.0000000000
57,71,1,0,0.0000000000
57,71,2,0,0.0000000000
57,71,3,0,0.0000000000
57,72,1,0,0.0000000000
57,72,2,0,0.0000000000
57,72,3,0,0.0000000000
57,73,1,0,0.0000000000
57,73,2,0,0.0000000000
57,73,3,0,0.0000000000
57,74,1,0,0.0000000000
57,74,2,0,0.0000000000
57,74,3,0,0.0000000000
57,75,1,0,0.0000000000
57,75,2,0,0.0000000000
57,75,3,0,0.0000000000
57,76,1,0,0.0000000000
57,76,2,0,0.0000000000
57,76,3,0,0.0000000000
57,77,1,0,0.0000000000
57,77,2,0,0.0000000000
57,77,3,0,0.0000000000
57,78,1,0,0.0000000000
57,78,2,0,0.0000000000
57,78,3,0,0.0000000000
57,79,1,0,0.0000000000
57,79,2,0,0.0000000000
57,79,3,0,0.0000000000
57,80,1,0,0.0000000000
57,80,2,0,0.0000000000
57,80,3,0,0.0000000000
57,81,1,0,0.0000000000
57,81,2,0,0.0000000000
57,81,3,0,0.0000000000
57,82,1,0,0.0000000000
57,82,2,0,0.0000000000
57,82,3,0,0.0000000000
57,83,1,0,0.0000000000
57,83,2,0,0.0000000000
57,83,3,0,0.0000000000
57,84,1,0,0.0000000000
57,84,2,0,0.0000000000
57,84,3,0,0.0000000000
57,85,1,0,0.0000000000
57,85,2,0,0.0000000000
57,85,3,0,0.0000000000
57,86,1,0,0.0000000000
57,86,2,0,0.0000000000
57,86,3,0,0.0000000000
57,87,1,0,0.0000000000
57,87,2,0,0.0000000000
57,87,3,0,0.0000000000
57,88,1,0,0.0000000000
57,88,2,0,0.0000000000
57,88,3,0,0.0000000000
57,89,1,0,0.0000000000
57,89,2,0,0.0000000000
57,89,3,0,0.0000000000
57,90,1,0,0.0000000000
57,90,2,0,0.0000000000
57,90,3,0,0.0000000000
57,91,1,0,0.0000000000
57,91,2,0,0.0000000000
57,91,3,0,0.0000000000
57,92,1,0,0.0000000000
57,92,2,0,0.0000000000
57,92,3,0,0.0000000000
57,93,1,0,0.0000000000
57,93,2,0,0.0000000000
57,93,3,0,0.0000000000
57,94,1,0,0.0000000000
57,94,2,0,0.0000000000
57,94,3,0,0.0000000000
57,95,1,0,0.0000000000
57,95,2,0,0.0000000000
57,95,3,0,0.0000000000
57,96,1,0,0.0000000000
57,96,2,0,0.0000000000
57,96,3,0,0.0000000000
57,97,1,0,0.0000000000
57,97,2,0,0.0000000000
57,97,3,0,0.0000000000
57,98,1,0,0.0000000000
57,98,2,0,0.0000000000
57,98,3,0,0.0000000000
57,99,1,0,0.0000000000
57,99,2,0,0.0000000000
57,99,3,0,0.0000000000
57,100,1,0,0.0000000000
57,100,2,0,0.0000000000
57,100,3,0,0.0000000000
57,101,1,0,0.0000000000
57,101,2,0,0.0000000000
57,101,3,0,0.0000000000
57,102,1,0,0.0000000000
57,102,2,0,0.0000000000
57,102,3,0,0.0000000000
57,103,1,0,0.0000000000
57,103,2,0,0.0000000000
57,103,3,0,0.0000000000
57,104,1,0,0.0000000000
57,104,2,0,0.0000000000
57,104,3,0,0.0000000000
57,105,1,0,0.0000000000
57,105,2,0,0.0000000000
57,105,3,0,0.0000000000
57,106,1,0,0.0000000000
57,106,2,0,0.0000000000
57,106,3,0,0.0000000000
57,107,1,0,0.0000000000
57,107,2,0,0.0000000000
57,107,3,0,0.0000000000
57,108,1,0,0.0000000000
57,108,2,0,0.0000000000
57,108,3,0,0.0000000000
57,109,1,0,0.0000000000
57,109,2,0,0.0000000000
57,109,3,0,0.0000000000
57,110,1,0,0.0000000000
57,110,2,0,0.0000000000
57,110,3,0,0.0000000000
57,111,1,0,0.0000000000
57,111,2,0,0.0000000000
57,111,3,0,0.0000000000
57,112,1,0,0.0000000000
57,112,2,0,0.0000000000
57,112,3,0,0.0000000000
57,113,1,0,0.0000000000
57,113,2,0,0.0000000000
57,113,3,0,0.0000000000
57,114,1,0,0.0000000000
57,114,2,0,0.0000000000
57,114,3,0,0.0000000000
57,115,1,0,0.0000000000
57,115,2,0,0.0000000000
57,115,3,0,0.0000000000
57,116,1,0,0.0000000000
57,116,2,0,0.0000000000
57,116,3,0,0.0000000000
57,117,1,0,0.0000000000
57,117,2,0,0.0000000000
57,117,3,0,0.0000000000
57,118,1,0,0.0000000000
57,118,2,0,0.0000000000
57,118,3,0,0.0000000000
57,119,1,0,0.0000000000
57,119,2,0,0.0000000000
57,119,3,0,0.0000000000
57,120,1,0,0.0000000000
57,120,2,0,0.0000000000
57,120,3,0,0.0000000000
57,121,1,0,0.0000000000
57,121,2,0,0.0000000000
57,121,3,0,0.0000000000
57,122,1,0,0.0000000000
57,122,2,0,0.0000000000
57,122,3,0,0.0000000000
57,123,1,0,0.0000000000
57,123,2,0,0.0000000000
57,123,3,0,0.0000000000
57,124,1,0,0.0000000000
57,124,2,0,0.0000000000
57,124,3,0,0.0000000000
57,125,1,0,0.0000000000
57,125,2,0,0.0000000000
57,125,3,0,0.0000000000
57,126,1,0,0.0000000000
57,126,2,0,0.0000000000
57,126,3,0,0.0000000000
57,127,1,0,0.0000000000
57,127,2,0,0.0000000000
57,127,3,0,0.0000000000
57,128,1,0,0.0000000000
57,128,2,0,0.0000000000
57,128,3,0,0.0000000000
57,129,1,0,0.0000000000
57,129,2,0,0.0000000000
57,129,3,0,0.0000000000
57,130,1,0,0.0000000000
57,130,2,0,0.0000000000
57,130,3,0,0.0000000000
57,131,1,0,0.0000000000
57,131,2,0,0.0000000000
57,131,3,0,0.0000000000
57,132,1,0,0.0000000000
57,132,2,0,0.0000000000
57,132,3,0,0.0000000000
57,133,1,0,0.0000000000
57,133,2,0,0.0000000000
57,133,3,0,0.0000000000
57,134,1,0,0.0000000000
57,134,2,0,0.0000000000
57,134,3,0,0.0000000000
57,135,1,0,0.0000000000
57,135,2,0,0.0000000000
57,135,3,0,0.0000000000
57,136,1,0,0.0000000000
57,136,2,0,0.0000000000
57,136,3,0,0.0000000000
57,137,1,0,0.0000000000
57,137,2,0,0.0000000000
57,137,3,0,0.0000000000
57,138,1,0,0.0000000000
57,138,2,0,0.0000000000
57,138,3,0,0.0000000000
57,139,1,0,0.0000000000
57,139,2,0,0.0000000000
57,139,3,0,0.0000000000
57,140,1,0,0.0000000000
57,140,2,0,0.0000000000
57,140,3,0,0.0000000000
57,141,1,0,0.0000000000
57,141,2,0,0.0000000000
57,141,3,0,0.0000000000
57,142,1,0,0.0000000000
57,142,2,0,0.0000000000
57,142,3,0,0.0000000000
57,143,1,0,0.0000000000
57,143,2,0,0.0000000000
57,143,3,0,0.0000000000
57,144,1,0,0.0000000000
57,144,2,0,0.0000000000
57,144,3,0,0.0000000000
57,145,1,0,0.0000000000
57,145,2,0,0.0000000000
57,145,3,0,0.0000000000
57,146,1,0,0.0000000000
57,146,2,0,0.0000000000
57,146,3,0,0.0000000000
57,147,1,0,0.0000000000
57,147,2,0,0.0000000000
57,147,3,0,0.0000000000
57,148,1,0,0.0000000000
57,148,2,0,0.0000000000
57,148,3,0,0.0000000000
57,149,1,0,0.0000000000
57,149,2,0,0.0000000000
57,149,3,0,0.0000000000
57,150,1,0,0.0000000000
57,150,2,0,0.0000000000
57,150,3,0,0.0000000000
57,151,1,0,0.0000000000
57,151,2,0,0.0000000000
57,151,3,0,0.0000000000
57,152,1,0,0.0000000000
57,152,2,0,0.0000000000
57,152,3,0,0.0000000000
57,153,1,0,0.0000000000
57,153,2,0,0.0000000000
57,153,3,0,0.0000000000
57,154,1,0,0.0000000000
57,154,2,0,0.0000000000
57,154,3,0,0.0000000000
57,155,1,0,0.0000000000
57,155,2,0,0.0000000000
57,155,3,0,0.0000000000
57,156,1,0,0.0000000000
57,156,2,0,0.0000000000
57,156,3,0,0.0000000000
57,157,1,0,0.0000000000
57,157,2,0,0.0000000000
57,157,3,0,0.0000000000
57,158,1,0,0.0000000000
57,158,2,0,0.0000000000
57,158,3,0,0.0000000000
57,159,1,0,0.0000000000
57,159,2,0,0.0000000000
57,159,3,0,0.0000000000
57,160,1,0,0.0000000000
57,160,2,0,0.0000000000
57,160,3,0,0.0000000000
57,161,1,0,0.0000000000
57,161,2,0,0.0000000000
57,161,3,0,0.0000000000
57,162,1,0,0.0000000000
57,162,2,0,0.0000000000
57,162,3,0,0.0000000000
57,163,1,0,0.0000000000
57,163,2,0,0.0000000000
57,163,3,0,0.0000000000
57,164,1,0,0.0000000000
57,164,2,0,0.0000000000
57,164,3,0,0.0000000000
57,165,1,0,0.0000000000
57,165,2,0,0.0000000000
57,165,3,0,0.0000000000
57,166,1,0,0.0000000000
57,166,2,0,0.0000000000
57,166,3,0,0.0000000000
57,167,1,0,0.0000000000
57,167,2,0,0.0000000000
57,167,3,0,0.0000000000
57,168,1,0,0.0000000000
57,168,2,0,0.0000000000
57,168,3,0,0.0000000000
58,1,1,0,0.0000000000
58,1,2,0,0.0000000000
58,1,3,0,0.0000000000
58,2,1,0,0.0000000000
58,2,2,0,0.0000000000
58,2,3,0,0.0000000000
58,3,1,0,0.0000000000
58,3,2,0,0.0000000000
58,3,3,0,0.0000000000
58,4,1,0,0.0000000000
58,4,2,0,0.0000000000
58,4,3,0,0.0000000000
58,5,1,0,0.0000000000
58,5,2,0,0.0000000000
58,5,3,0,0.0000000000
58,6,1,0,0.0000000000
58,6,2,0,0.0000000000
58,6,3,0,0.0000000000
58,7,1,0,0.0000000000
58,7,2,0,0.0000000000
58,7,3,0,0.0000000000
58,8,1,0,0.0000000000
58,8,2,0,0.0000000000
58,8,3,0,0.0000000000
58,9,1,0,0.0000000000
58,9,2,0,0.0000000000
58,9,3,0,0.0000000000
58,10,1,0,0.0000000000
58,10,2,0,0.0000000000
58,10,3,0,0.0000000000
58,11,1,0,0.0000000000
58,11,2,0,0.0000000000
58,11,3,0,0.0000000000
58,12,1,0,0.0000000000
58,12,2,0,0.0000000000
58,12,3,0,0.0000000000
58,13,1,0,0.0000000000
58,13,2,0,0.0000000000
58,13,3,0,0.0000000000
58,14,1,0,0.0000000000
58,14,2,0,0.0000000000
58,14,3,0,0.0000000000
58,15,1,0,0.0000000000
58,15,2,0,0.0000000000
58,15,3,0,0.0000000000
58,16,1,0,0.0000000000
58,16,2,0,0.0000000000
58,16,3,0,0.0000000000
58,17,1,0,0.0000000000
58,17,2,0,0.0000000000
58,17,3,0,0.0000000000
58,18,1,0,0.0000000000
58,18,2,0,0.0000000000
58,18,3,0,0.0000000000
58,19,1,0,0.0000000000
58,19,2,0,0.0000000000
58,19,3,0,0.0000000000
58,20,1,0,0.0000000000
58,20,2,0,0.0000000000
58,20,3,0,0.0000000000
58,21,1,0,0.0000000000
58,21,2,0,0.0000000000
58,21,3,0,0.0000000000
58,22,1,0,0.0000000000
58,22,2,0,0.0000000000
58,22,3,0,0.0000000000
58,23,1,0,0.0000000000
58,23,2,0,0.0000000000
58,23,3,0,0.0000000000
58,24,1,0,0.0000000000
58,24,2,0,0.0000000000
58,24,3,0,0.0000000000
58,25,1,0,0.0000000000
58,25,2,0,0.0000000000
58,25,3,0,0.0000000000
58,26,1,0,0.0000000000
58,26,2,0,0.0000000000
58,26,3,0,0.0000000000
58,27,1,0,0.0000000000
58,27,2,0,0.0000000000
58,27,3,0,0.0000000000
58,28,1,0,0.0000000000
58,28,2,0,0.0000000000
58,28,3,0,0.0000000000
58,29,1,0,0.0000000000
58,29,2,0,0.0000000000
58,29,3,0,0.0000000000
58,30,1,0,0.0000000000
58,30,2,0,0.0000000000
58,30,3,0,0.0000000000
58,31,1,0,0.0000000000
58,31,2,0,0.0000000000
58,31,3,0,0.0000000000
58,32,1,0,0.0000000000
58,32,2,0,0.0000000000
58,32,3,0,0.0000000000
58,33,1,0,0.0000000000
58,33,2,0,0.0000000000
58,33,3,0,0.0000000000
58,34,1,0,0.0000000000
58,34,2,0,0.0000000000
58,34,3,0,0.0000000000
58,35,1,0,0.0000000000
58,35,2,0,0.0000000000
58,35,3,0,0.0000000000
58,36,1,0,0.0000000000
58,36,2,0,0.0000000000
58,36,3,0,0.0000000000
58,37,1,0,0.0000000000
58,37,2,0,0.0000000000
58,37,3,0,0.0000000000
58,38,1,0,0.0000000000
58,38,2,0,0.0000000000
58,38,3,0,0.0000000000
58,39,1,0,0.0000000000
58,39,2,0,0.0000000000
58,39,3,0,0.0000000000
58,40,1,0,0.0000000000
58,40,2,0,0.0000000000
58,40,3,0,0.0000000000
58,41,1,0,0.0000000000
58,41,2,0,0.0000000000
58,41,3,0,0.0000000000
58,42,1,0,0.0000000000
58,42,2,0,0.0000000000
58,42,3,0,0.0000000000
58,43,1,0,0.0000000000
58,43,2,0,0.0000000000
58,43,3,0,0.0000000000
58,44,1,0,0.0000000000
58,44,2,0,0.0000000000
58,44,3,0,0.0000000000
58,45,1,0,0.0000000000
58,45,2,0,0.0000000000
58,45,3,0,0.0000000000
58,46,1,0,0.0000000000
58,46,2,0,0.0000000000
58,46,3,0,0.0000000000
58,47,1,0,0.0000000000
58,47,2,0,0.0000000000
58,47,3,0,0.0000000000
58,48,1,0,0.0000000000
58,48,2,0,0.0000000000
58,48,3,0,0.0000000000
58,49,1,0,0.0000000000
58,49,2,0,0.0000000000
58,49,3,0,0.0000000000
58,50,1,0,0.0000000000
58,50,2,0,0.0000000000
58,50,3,0,0.0000000000
58,51,1,0,0.0000000000
58,51,2,0,0.0000000000
58,51,3,0,0.0000000000
58,52,1,0,0.0000000000
58,52,2,0,0.0000000000
58,52,3,0,0.0000000000
58,53,1,0,0.0000000000
58,53,2,0,0.0000000000
58,53,3,0,0.0000000000
58,54,1,0,0.0000000000
58,54,2,0,0.0000000000
58,54,3,0,0.0000000000
58,55,1,0,0.0000000000
58,55,2,0,0.0000000000
58,55,3,0,0.0000000000
58,56,1,0,0.0000000000
58,56,2,0,0.0000000000
58,56,3,0,0.0000000000
58,57,1,0,0.0000000000
58,57,2,0,0.0000000000
58,57,3,0,0.0000000000
58,58,1,0,0.0000000000
58,58,2,0,0.0000000000
58,58,3,0,0.0000000000
58,59,1,0,0.0000000000
58,59,2,0,0.0000000000
58,59,3,0,0.0000000000
58,60,1,0,0.0000000000
58,60,2,0,0.0000000000
58,60,3,0,0.0000000000
58,61,1,0,0.0000000000
58,61,2,0,0.0000000000
58,61,3,0,0.0000000000
58,62,1,0,0.0000000000
58,62,2,0,0.0000000000
58,62,3,0,0.0000000000
58,63,1,0,0.0000000000
58,63,2,0,0.0000000000
58,63,3,0,0.0000000000
58,64,1,0,0.0000000000
58,64,2,0,0.0000000000
58,64,3,0,0.0000000000
58,65,1,0,0.0000000000
58,65,2,0,0.0000000000
58,65,3,0,0.0000000000
58,66,1,0,0.0000000000
58,66,2,0,0.0000000000
58,66,3,0,0.0000000000
58,67,1,0,0.0000000000
58,67,2,0,0.0000000000
58,67,3,0,0.0000000000
58,68,1,0,0.0000000000
58,68,2,0,0.0000000000
58,68,3,0,0.0000000000
58,69,1,0,0.0000000000
58,69,2,0,0.0000000000
58,69,3,0,0.0000000000
58,70,1,0,0.0000000000
58,70,2,0,0.0000000000
58,70,3,0,0.0000000000
58,71,1,0,0.0000000000
58,71,2,0,0.0000000000
58,71,3,0,0.0000000000
58,72,1,0,0.0000000000
58,72,2,0,0.0000000000
58,72,3,0,0.0000000000
58,73,1,0,0.0000000000
58,73,2,0,0.0000000000
58,73,3,0,0.0000000000
58,74,1,0,0.0000000000
58,74,2,0,0.0000000000
58,74,3,0,0.0000000000
58,75,1,0,0.0000000000
58,75,2,0,0.0000000000
58,75,3,0,0.0000000000
58,76,1,0,0.0000000000
58,76,2,0,0.0000000000
58,76,3,0,0.0000000000
58,77,1,0,0.0000000000
58,77,2,0,0.0000000000
58,77,3,0,0.0000000000
58,78,1,0,0.0000000000
58,78,2,0,0.0000000000
58,78,3,0,0.0000000000
58,79,1,0,0.0000000000
58,79,2,0,0.0000000000
58,79,3,0,0.0000000000
58,80,1,0,0.0000000000
58,80,2,0,0.0000000000
58,80,3,0,0.0000000000
58,81,1,0,0.0000000000
58,81,2,0,0.0000000000
58,81,3,0,0.0000000000
58,82,1,0,0.0000000000
58,82,2,0,0.0000000000
58,82,3,0,0.0000000000
58,83,1,0,0.0000000000
58,83,2,0,0.0000000000
58,83,3,0,0.0000000000
58,84,1,0,0.0000000000
58,84,2,0,0.0000000000
58,84,3,0,0.0000000000
58,85,1,0,0.0000000000
58,85,2,0,0.0000000000
58,85,3,0,0.0000000000
58,86,1,0,0.0000000000
58,86,2,0,0.0000000000
58,86,3,0,0.0000000000
58,87,1,0,0.0000000000
58,87,2,0,0.0000000000
58,87,3,0,0.0000000000
58,88,1,0,0.0000000000
58,88,2,0,0.0000000000
58,88,3,0,0.0000000000
58,89,1,0,0.0000000000
58,89,2,0,0.0000000000
58,89,3,0,0.0000000000
58,90,1,0,0.0000000000
58,90,2,0,0.0000000000
58,90,3,0,0.0000000000
58,91,1,0,0.0000000000
58,91,2,0,0.0000000000
58,91,3,0,0.0000000000
58,92,1,0,0.0000000000
58,92,2,0,0.0000000000
58,92,3,0,0.0000000000
58,93,1,0,0.0000000000
58,93,2,0,0.0000000000
58,93,3,0,0.0000000000
58,94,1,0,0.0000000000
58,94,2,0,0.0000000000
58,94,3,0,0.0000000000
58,95,1,0,0.0000000000
58,95,2,0,0.0000000000
58,95,3,0,0.0000000000
58,96,1,0,0.0000000000
58,96,2,0,0.0000000000
58,96,3,0,0.0000000000
58,97,1,0,0.0000000000
58,97,2,0,0.0000000000
58,97,3,0,0.0000000000
58,98,1,0,0.0000000000
58,98,2,0,0.0000000000
58,98,3,0,0.0000000000
58,99,1,0,0.0000000000
58,99,2,0,0.0000000000
58,99,3,0,0.0000000000
58,100,1,0,0.0000000000
58,100,2,0,0.0000000000
58,100,3,0,0.0000000000
58,101,1,0,0.0000000000
58,101,2,0,0.0000000000
58,101,3,0,0.0000000000
58,102,1,0,0.0000000000
58,102,2,0,0.0000000000
58,102,3,0,0.0000000000
58,103,1,0,0.0000000000
58,103,2,0,0.0000000000
58,103,3,0,0.0000000000
58,104,1,0,0.0000000000
58,104,2,0,0.0000000000
58,104,3,0,0.0000000000
58,105,1,0,0.0000000000
58,105,2,0,0.0000000000
58,105,3,0,0.0000000000
58,106,1,0,0.0000000000
58,106,2,0,0.0000000000
58,106,3,0,0.0000000000
58,107,1,0,0.0000000000
58,107,2,0,0.0000000000
58,107,3,0,0.0000000000
58,108,1,0,0.0000000000
58,108,2,0,0.0000000000
58,108,3,0,0.0000000000
58,109,1,0,0.0000000000
58,109,2,0,0.0000000000
58,109,3,0,0.0000000000
58,110,1,0,0.0000000000
58,110,2,0,0.0000000000
58,110,3,0,0.0000000000
58,111,1,0,0.0000000000
58,111,2,0,0.0000000000
58,111,3,0,0.0000000000
58,112,1,0,0.0000000000
58,112,2,0,0.0000000000
58,112,3,0,0.0000000000
58,113,1,0,0.0000000000
58,113,2,0,0.0000000000
58,113,3,0,0.0000000000
58,114,1,0,0.0000000000
58,114,2,0,0.0000000000
58,114,3,0,0.0000000000
58,115,1,0,0.0000000000
58,115,2,0,0.0000000000
58,115,3,0,0.0000000000
58,116,1,0,0.0000000000
58,116,2,0,0.0000000000
58,116,3,0,0.0000000000
58,117,1,0,0.0000000000
58,117,2,0,0.0000000000
58,117,3,0,0.0000000000
58,118,1,0,0.0000000000
58,118,2,0,0.0000000000
58,118,3,0,0.0000000000
58,119,1,0,0.0000000000
58,119,2,0,0.0000000000
58,119,3,0,0.0000000000
58,120,1,0,0.0000000000
58,120,2,0,0.0000000000
58,120,3,0,0.0000000000
58,121,1,0,0.0000000000
58,121,2,0,0.0000000000
58,121,3,0,0.0000000000
58,122,1,0,0.0000000000
58,122,2,0,0.0000000000
58,122,3,0,0.0000000000
58,123,1,0,0.0000000000
58,123,2,0,0.0000000000
58,123,3,0,0.0000000000
58,124,1,0,0.0000000000
58,124,2,0,0.0000000000
58,124,3,0,0.0000000000
58,125,1,0,0.0000000000
58,125,2,0,0.0000000000
58,125,3,0,0.0000000000
58,126,1,0,0.0000000000
58,126,2,0,0.0000000000
58,126,3,0,0.0000000000
58,127,1,0,0.0000000000
58,127,2,0,0.0000000000
58,127,3,0,0.0000000000
58,128,1,0,0.0000000000
58,128,2,0,0.0000000000
58,128,3,0,0.0000000000
58,129,1,0,0.0000000000
58,129,2,0,0.0000000000
58,129,3,0,0.0000000000
58,130,1,0,0.0000000000
58,130,2,0,0.0000000000
58,130,3,0,0.0000000000
58,131,1,0,0.0000000000
58,131,2,0,0.0000000000
58,131,3,0,0.0000000000
58,132,1,0,0.0000000000
58,132,2,0,0.0000000000
58,132,3,0,0.0000000000
58,133,1,0,0.0000000000
58,133,2,0,0.0000000000
58,133,3,0,0.0000000000
58,134,1,0,0.0000000000
58,134,2,0,0.0000000000
58,134,3,0,0.0000000000
58,135,1,0,0.0000000000
58,135,2,0,0.0000000000
58,135,3,0,0.0000000000
58,136,1,0,0.0000000000
58,136,2,0,0.0000000000
58,136,3,0,0.0000000000
58,137,1,0,0.0000000000
58,137,2,0,0.0000000000
58,137,3,0,0.0000000000
58,138,1,0,0.0000000000
58,138,2,0,0.0000000000
58,138,3,0,0.0000000000
58,139,1,0,0.0000000000
58,139,2,0,0.0000000000
58,139,3,0,0.0000000000
58,140,1,0,0.0000000000
58,140,2,0,0.0000000000
58,140,3,0,0.0000000000
58,141,1,0,0.0000000000
58,141,2,0,0.0000000000
58,141,3,0,0.0000000000
58,142,1,0,0.0000000000
58,142,2,0,0.0000000000
58,142,3,0,0.0000000000
58,143,1,0,0.0000000000
58,143,2,0,0.0000000000
58,143,3,0,0.0000000000
58,144,1,0,0.0000000000
58,144,2,0,0.0000000000
58,144,3,0,0.0000000000
58,145,1,0,0.0000000000
58,145,2,0,0.0000000000
58,145,3,0,0.0000000000
58,146,1,0,0.0000000000
58,146,2,0,0.0000000000
58,146,3,0,0.0000000000
58,147,1,0,0.0000000000
58,147,2,0,0.0000000000
58,147,3,0,0.0000000000
58,148,1,0,0.0000000000
58,148,2,0,0.0000000000
58,148,3,0,0.0000000000
58,149,1,0,0.0000000000
58,149,2,0,0.0000000000
58,149,3,0,0.0000000000
58,150,1,0,0.0000000000
58,150,2,0,0.0000000000
58,150,3,0,0.0000000000
58,151,1,0,0.0000000000
58,151,2,0,0.0000000000
58,151,3,0,0.0000000000
58,152,1,0,0.0000000000
58,152,2,0,0.0000000000
58,152,3,0,0.0000000000
58,153,1,0,0.0000000000
58,153,2,0,0.0000000000
58,153,3,0,0.0000000000
58,154,1,0,0.0000000000
58,154,2,0,0.0000000000
58,154,3,0,0.0000000000
58,155,1,0,0.0000000000
58,155,2,0,0.0000000000
58,155,3,0,0.0000000000
58,156,1,0,0.0000000000
58,156,2,0,0.0000000000
58,156,3,0,0.0000000000
58,157,1,0,0.0000000000
58,157,2,0,0.0000000000
58,157,3,0,0.0000000000
58,158,1,0,0.0000000000
58,158,2,0,0.0000000000
58,158,3,0,0.0000000000
58,159,1,0,0.0000000000
58,159,2,0,0.0000000000
58,159,3,0,0.0000000000
58,160,1,0,0.0000000000
58,160,2,0,0.0000000000
58,160,3,0,0.0000000000
58,161,1,0,0.0000000000
58,161,2,0,0.0000000000
58,161,3,0,0.0000000000
58,162,1,0,0.0000000000
58,162,2,0,0.0000000000
58,162,3,0,0.0000000000
58,163,1,0,0.0000000000
58,163,2,0,0.0000000000
58,163,3,0,0.0000000000
58,164,1,0,0.0000000000
58,164,2,0,0.0000000000
58,164,3,0,0.0000000000
58,165,1,0,0.0000000000
58,165,2,0,0.0000000000
58,165,3,0,0.0000000000
58,166,1,0,0.0000000000
58,166,2,0,0.0000000000
58,166,3,0,0.0000000000
58,167,1,0,0.0000000000
58,167,2,0,0.0000000000
58,167,3,0,0.0000000000
58,168,1,0,0.0000000000
58,168,2,0,0.0000000000
58,168,3,0,0.0000000000
60,1,1,0,0.0000000000
60,1,2,0,0.0000000000
60,1,3,0,0.0000000000
60,2,1,0,0.0000000000
60,2,2,0,0.0000000000
60,2,3,0,0.0000000000
60,3,1,0,0.0000000000
60,3,2,0,0.0000000000
60,3,3,0,0.0000000000
60,4,1,0,0.0000000000
60,4,2,0,0.0000000000
60,4,3,0,0.0000000000
60,5,1,0,0.0000000000
60,5,2,0,0.0000000000
60,5,3,0,0.0000000000
60,6,1,0,0.0000000000
60,6,2,0,0.0000000000
60,6,3,0,0.0000000000
60,7,1,0,0.0000000000
60,7,2,0,0.0000000000
60,7,3,0,0.0000000000
60,8,1,0,0.0000000000
60,8,2,0,0.0000000000
60,8,3,0,0.0000000000
60,9,1,0,0.0000000000
60,9,2,0,0.0000000000
60,9,3,0,0.0000000000
60,10,1,0,0.0000000000
60,10,2,0,0.0000000000
60,10,3,0,0.0000000000
60,11,1,0,0.0000000000
60,11,2,0,0.0000000000
60,11,3,0,0.0000000000
60,12,1,0,0.0000000000
60,12,2,0,0.0000000000
60,12,3,0,0.0000000000
60,13,1,0,0.0000000000
60,13,2,0,0.0000000000
60,13,3,0,0.0000000000
60,14,1,0,0.0000000000
60,14,2,0,0.0000000000
60,14,3,0,0.0000000000
60,15,1,0,0.0000000000
60,15,2,0,0.0000000000
60,15,3,0,0.0000000000
60,16,1,0,0.0000000000
60,16,2,0,0.0000000000
60,16,3,0,0.0000000000
60,17,1,0,0.0000000000
60,17,2,0,0.0000000000
60,17,3,0,0.0000000000
60,18,1,0,0.0000000000
60,18,2,0,0.0000000000
60,18,3,0,0.0000000000
60,19,1,0,0.0000000000
60,19,2,0,0.0000000000
60,19,3,0,0.0000000000
60,20,1,0,0.0000000000
60,20,2,0,0.0000000000
60,20,3,0,0.0000000000
60,21,1,0,0.0000000000
60,21,2,0,0.0000000000
60,21,3,0,0.0000000000
60,22,1,0,0.0000000000
60,22,2,0,0.0000000000
60,22,3,0,0.0000000000
60,23,1,0,0.0000000000
60,23,2,0,0.0000000000
60,23,3,0,0.0000000000
60,24,1,0,0.0000000000
60,24,2,0,0.0000000000
60,24,3,0,0.0000000000
60,25,1,0,0.0000000000
60,25,2,0,0.0000000000
60,25,3,0,0.0000000000
60,26,1,0,0.0000000000
60,26,2,0,0.0000000000
60,26,3,0,0.0000000000
60,27,1,0,0.0000000000
60,27,2,0,0.0000000000
60,27,3,0,0.0000000000
60,28,1,0,0.0000000000
60,28,2,0,0.0000000000
60,28,3,0,0.0000000000
60,29,1,0,0.0000000000
60,29,2,0,0.0000000000
60,29,3,0,0.0000000000
60,30,1,0,0.0000000000
60,30,2,0,0.0000000000
60,30,3,0,0.0000000000
60,31,1,0,0.0000000000
60,31,2,0,0.0000000000
60,31,3,0,0.0000000000
60,32,1,0,0.0000000000
60,32,2,0,0.0000000000
60,32,3,0,0.0000000000
60,33,1,0,0.0000000000
60,33,2,0,0.0000000000
60,33,3,0,0.0000000000
60,34,1,0,0.0000000000
60,34,2,0,0.0000000000
60,34,3,0,0.0000000000
60,35,1,0,0.0000000000
60,35,2,0,0.0000000000
60,35,3,0,0.0000000000
60,36,1,0,0.0000000000
60,36,2,0,0.0000000000
60,36,3,0,0.0000000000
60,37,1,0,0.0000000000
60,37,2,0,0.0000000000
60,37,3,0,0.0000000000
60,38,1,0,0.0000000000
60,38,2,0,0.0000000000
60,38,3,0,0.0000000000
60,39,1,0,0.0000000000
60,39,2,0,0.0000000000
60,39,3,0,0.0000000000
60,40,1,0,0.0000000000
60,40,2,0,0.0000000000
60,40,3,0,0.0000000000
60,41,1,0,0.0000000000
60,41,2,0,0.0000000000
60,41,3,0,0.0000000000
60,42,1,0,0.0000000000
60,42,2,0,0.0000000000
60,42,3,0,0.0000000000
60,43,1,0,0.0000000000
60,43,2,0,0.0000000000
60,43,3,0,0.0000000000
60,44,1,0,0.0000000000
60,44,2,0,0.0000000000
60,44,3,0,0.0000000000
60,45,1,0,0.0000000000
60,45,2,0,0.0000000000
60,45,3,0,0.0000000000
60,46,1,0,0.0000000000
60,46,2,0,0.0000000000
60,46,3,0,0.0000000000
60,47,1,0,0.0000000000
60,47,2,0,0.0000000000
60,47,3,0,0.0000000000
60,48,1,0,0.0000000000
60,48,2,0,0.0000000000
60,48,3,0,0.0000000000
60,49,1,0,0.0000000000
60,49,2,0,0.0000000000
60,49,3,0,0.0000000000
60,50,1,0,0.0000000000
60,50,2,0,0.0000000000
60,50,3,0,0.0000000000
60,51,1,0,0.0000000000
60,51,2,0,0.0000000000
60,51,3,0,0.0000000000
60,52,1,0,0.0000000000
60,52,2,0,0.0000000000
60,52,3,0,0.0000000000
60,53,1,0,0.0000000000
60,53,2,0,0.0000000000
60,53,3,0,0.0000000000
60,54,1,0,0.0000000000
60,54,2,0,0.0000000000
60,54,3,0,0.0000000000
60,55,1,0,0.0000000000
60,55,2,0,0.0000000000
60,55,3,0,0.0000000000
60,56,1,0,0.0000000000
60,56,2,0,0.0000000000
60,56,3,0,0.0000000000
60,57,1,0,0.0000000000
60,57,2,0,0.0000000000
60,57,3,0,0.0000000000
60,58,1,0,0.0000000000
60,58,2,0,0.0000000000
60,58,3,0,0.0000000000
60,59,1,0,0.0000000000
60,59,2,0,0.0000000000
60,59,3,0,0.0000000000
60,60,1,0,0.0000000000
60,60,2,0,0.0000000000
60,60,3,0,0.0000000000
60,61,1,0,0.0000000000
60,61,2,0,0.0000000000
60,61,3,0,0.0000000000
60,62,1,0,0.0000000000
60,62,2,0,0.0000000000
60,62,3,0,0.0000000000
60,63,1,0,0.0000000000
60,63,2,0,0.0000000000
60,63,3,0,0.0000000000
60,64,1,0,0.0000000000
60,64,2,0,0.0000000000
60,64,3,0,0.0000000000
60,65,1,0,0.0000000000
60,65,2,0,0.0000000000
60,65,3,0,0.0000000000
60,66,1,0,0.0000000000
60,66,2,0,0.0000000000
60,66,3,0,0.0000000000
60,67,1,0,0.0000000000
60,67,2,0,0.0000000000
60,67,3,0,0.0000000000
60,68,1,0,0.0000000000
60,68,2,0,0.0000000000
60,68,3,0,0.0000000000
60,69,1,0,0.0000000000
60,69,2,0,0.0000000000
60,69,3,0,0.0000000000
60,70,1,0,0.0000000000
60,70,2,0,0.0000000000
60,70,3,0,0.0000000000
60,71,1,0,0.0000000000
60,71,2,0,0.0000000000
60,71,3,0,0.0000000000
60,72,1,0,0.0000000000
60,72,2,0,0.0000000000
60,72,3,0,0.0000000000
60,73,1,0,0.0000000000
60,73,2,0,0.0000000000
60,73,3,0,0.0000000000
60,74,1,0,0.0000000000
60,74,2,0,0.0000000000
60,74,3,0,0.0000000000
60,75,1,0,0.0000000000
60,75,2,0,0.0000000000
60,75,3,0,0.0000000000
60,76,1,0,0.0000000000
60,76,2,0,0.0000000000
60,76,3,0,0.0000000000
60,77,1,0,0.0000000000
60,77,2,0,0.0000000000
60,77,3,0,0.0000000000
60,78,1,0,0.0000000000
60,78,2,0,0.0000000000
60,78,3,0,0.0000000000
60,79,1,0,0.0000000000
60,79,2,0,0.0000000000
60,79,3,0,0.0000000000
60,80,1,0,0.0000000000
60,80,2,0,0.0000000000
60,80,3,0,0.0000000000
60,81,1,0,0.0000000000
60,81,2,0,0.0000000000
60,81,3,0,0.0000000000
60,82,1,0,0.0000000000
60,82,2,0,0.0000000000
60,82,3,0,0.0000000000
60,83,1,0,0.0000000000
60,83,2,0,0.0000000000
60,83,3,0,0.0000000000
60,84,1,0,0.0000000000
60,84,2,0,0.0000000000
60,84,3,0,0.0000000000
60,85,1,0,0.0000000000
60,85,2,0,0.0000000000
60,85,3,0,0.0000000000
60,86,1,0,0.0000000000
60,86,2,0,0.0000000000
60,86,3,0,0.0000000000
60,87,1,0,0.0000000000
60,87,2,0,0.0000000000
60,87,3,0,0.0000000000
60,88,1,0,0.0000000000
60,88,2,0,0.0000000000
60,88,3,0,0.0000000000
60,89,1,0,0.0000000000
60,89,2,0,0.0000000000
60,89,3,0,0.0000000000
60,90,1,0,0.0000000000
60,90,2,0,0.0000000000
60,90,3,0,0.0000000000
60,91,1,0,0.0000000000
60,91,2,0,0.0000000000
60,91,3,0,0.0000000000
60,92,1,0,0.0000000000
60,92,2,0,0.0000000000
60,92,3,0,0.0000000000
60,93,1,0,0.0000000000
60,93,2,0,0.0000000000
60,93,3,0,0.0000000000
60,94,1,0,0.0000000000
60,94,2,0,0.0000000000
60,94,3,0,0.0000000000
60,95,1,0,0.0000000000
60,95,2,0,0.0000000000
60,95,3,0,0.0000000000
60,96,1,0,0.0000000000
60,96,2,0,0.0000000000
60,96,3,0,0.0000000000
60,97,1,0,0.0000000000
60,97,2,0,0.0000000000
60,97,3,0,0.0000000000
60,98,1,0,0.0000000000
60,98,2,0,0.0000000000
60,98,3,0,0.0000000000
60,99,1,0,0.0000000000
60,99,2,0,0.0000000000
60,99,3,0,0.0000000000
60,100,1,0,0.0000000000
60,100,2,0,0.0000000000
60,100,3,0,0.0000000000
60,101,1,0,0.0000000000
60,101,2,0,0.0000000000
60,101,3,0,0.0000000000
60,102,1,0,0.0000000000
60,102,2,0,0.0000000000
60,102,3,0,0.0000000000
60,103,1,0,0.0000000000
60,103,2,0,0.0000000000
60,103,3,0,0.0000000000
60,104,1,0,0.0000000000
60,104,2,0,0.0000000000
60,104,3,0,0.0000000000
60,105,1,0,0.0000000000
60,105,2,0,0.0000000000
60,105,3,0,0.0000000000
60,106,1,0,0.0000000000
60,106,2,0,0.0000000000
60,106,3,0,0.0000000000
60,107,1,0,0.0000000000
60,107,2,0,0.0000000000
60,107,3,0,0.0000000000
60,108,1,0,0.0000000000
60,108,2,0,0.0000000000
60,108,3,0,0.0000000000
60,109,1,0,0.0000000000
60,109,2,0,0.0000000000
60,109,3,0,0.0000000000
60,110,1,0,0.0000000000
60,110,2,0,0.0000000000
60,110,3,0,0.0000000000
60,111,1,0,0.0000000000
60,111,2,0,0.0000000000
60,111,3,0,0.0000000000
60,112,1,0,0.0000000000
60,112,2,0,0.0000000000
60,112,3,0,0.0000000000
60,113,1,0,0.0000000000
60,113,2,0,0.0000000000
60,113,3,0,0.0000000000
60,114,1,0,0.0000000000
60,114,2,0,0.0000000000
60,114,3,0,0.0000000000
60,115,1,0,0.0000000000
60,115,2,0,0.0000000000
60,115,3,0,0.0000000000
60,116,1,0,0.0000000000
60,116,2,0,0.0000000000
60,116,3,0,0.0000000000
60,117,1,0,0.0000000000
60,117,2,0,0.0000000000
60,117,3,0,0.0000000000
60,118,1,0,0.0000000000
60,118,2,0,0.0000000000
60,118,3,0,0.0000000000
60,119,1,0,0.0000000000
60,119,2,0,0.0000000000
60,119,3,0,0.0000000000
60,120,1,0,0.0000000000
60,120,2,0,0.0000000000
60,120,3,0,0.0000000000
60,121,1,0,0.0000000000
60,121,2,0,0.0000000000
60,121,3,0,0.0000000000
60,122,1,0,0.0000000000
60,122,2,0,0.0000000000
60,122,3,0,0.0000000000
60,123,1,0,0.0000000000
60,123,2,0,0.0000000000
60,123,3,0,0.0000000000
60,124,1,0,0.0000000000
60,124,2,0,0.0000000000
60,124,3,0,0.0000000000
60,125,1,0,0.0000000000
60,125,2,0,0.0000000000
60,125,3,0,0.0000000000
60,126,1,0,0.0000000000
60,126,2,0,0.0000000000
60,126,3,0,0.0000000000
60,127,1,0,0.0000000000
60,127,2,0,0.0000000000
60,127,3,0,0.0000000000
60,128,1,0,0.0000000000
60,128,2,0,0.0000000000
60,128,3,0,0.0000000000
60,129,1,0,0.0000000000
60,129,2,0,0.0000000000
60,129,3,0,0.0000000000
60,130,1,0,0.0000000000
60,130,2,0,0.0000000000
60,130,3,0,0.0000000000
60,131,1,0,0.0000000000
60,131,2,0,0.0000000000
60,131,3,0,0.0000000000
60,132,1,0,0.0000000000
60,132,2,0,0.0000000000
60,132,3,0,0.0000000000
60,133,1,0,0.0000000000
60,133,2,0,0.0000000000
60,133,3,0,0.0000000000
60,134,1,0,0.0000000000
60,134,2,0,0.0000000000
60,134,3,0,0.0000000000
60,135,1,0,0.0000000000
60,135,2,0,0.0000000000
60,135,3,0,0.0000000000
60,136,1,0,0.0000000000
60,136,2,0,0.0000000000
60,136,3,0,0.0000000000
60,137,1,0,0.0000000000
60,137,2,0,0.0000000000
60,137,3,0,0.0000000000
60,138,1,0,0.0000000000
60,138,2,0,0.0000000000
60,138,3,0,0.0000000000
60,139,1,0,0.0000000000
60,139,2,0,0.0000000000
60,139,3,0,0.0000000000
60,140,1,0,0.0000000000
60,140,2,0,0.0000000000
60,140,3,0,0.0000000000
60,141,1,0,0.0000000000
60,141,2,0,0.0000000000
60,141,3,0,0.0000000000
60,142,1,0,0.0000000000
60,142,2,0,0.0000000000
60,142,3,0,0.0000000000
60,143,1,0,0.0000000000
60,143,2,0,0.0000000000
60,143,3,0,0.0000000000
60,144,1,0,0.0000000000
60,144,2,0,0.0000000000
60,144,3,0,0.0000000000
60,145,1,0,0.0000000000
60,145,2,0,0.0000000000
60,145,3,0,0.0000000000
60,146,1,0,0.0000000000
60,146,2,0,0.0000000000
60,146,3,0,0.0000000000
60,147,1,0,0.0000000000
60,147,2,0,0.0000000000
60,147,3,0,0.0000000000
60,148,1,0,0.0000000000
60,148,2,0,0.0000000000
60,148,3,0,0.0000000000
60,149,1,0,0.0000000000
60,149,2,0,0.0000000000
60,149,3,0,0.0000000000
60,150,1,0,0.0000000000
60,150,2,0,0.0000000000
60,150,3,0,0.0000000000
60,151,1,0,0.0000000000
60,151,2,0,0.0000000000
60,151,3,0,0.0000000000
60,152,1,0,0.0000000000
60,152,2,0,0.0000000000
60,152,3,0,0.0000000000
60,153,1,0,0.0000000000
60,153,2,0,0.0000000000
60,153,3,0,0.0000000000
60,154,1,0,0.0000000000
60,154,2,0,0.0000000000
60,154,3,0,0.0000000000
60,155,1,0,0.0000000000
60,155,2,0,0.0000000000
60,155,3,0,0.0000000000
60,156,1,0,0.0000000000
60,156,2,0,0.0000000000
60,156,3,0,0.0000000000
60,157,1,0,0.0000000000
60,157,2,0,0.0000000000
60,157,3,0,0.0000000000
60,158,1,0,0.0000000000
60,158,2,0,0.0000000000
60,158,3,0,0.0000000000
60,159,1,0,0.0000000000
60,159,2,0,0.0000000000
60,159,3,0,0.0000000000
60,160,1,0,0.0000000000
60,160,2,0,0.0000000000
60,160,3,0,0.0000000000
60,161,1,0,0.0000000000
60,161,2,0,0.0000000000
60,161,3,0,0.0000000000
60,162,1,0,0.0000000000
60,162,2,0,0.0000000000
60,162,3,0,0.0000000000
60,163,1,0,0.0000000000
60,163,2,0,0.0000000000
60,163,3,0,0.0000000000
60,164,1,0,0.0000000000
60,164,2,0,0.0000000000
60,164,3,0,0.0000000000
60,165,1,0,0.0000000000
60,165,2,0,0.0000000000
60,165,3,0,0.0000000000
60,166,1,0,0.0000000000
60,166,2,0,0.0000000000
60,166,3,0,0.0000000000
60,167,1,0,0.0000000000
60,167,2,0,0.0000000000
60,167,3,0,0.0000000000
60,168,1,0,0.0000000000
60,168,2,0,0.0000000000
60,168,3,0,0.0000000000
63,1,1,0,0.0000000000
63,1,2,0,0.0000000000
63,1,3,0,0.0000000000
63,2,1,0,0.0000000000
63,2,2,0,0.0000000000
63,2,3,0,0.0000000000
63,3,1,0,0.0000000000
63,3,2,0,0.0000000000
63,3,3,0,0.0000000000
63,4,1,0,0.0000000000
63,4,2,0,0.0000000000
63,4,3,0,0.0000000000
63,5,1,0,0.0000000000
63,5,2,0,0.0000000000
63,5,3,0,0.0000000000
63,6,1,0,0.0000000000
63,6,2,0,0.0000000000
63,6,3,0,0.0000000000
63,7,1,0,0.0000000000
63,7,2,0,0.0000000000
63,7,3,0,0.0000000000
63,8,1,0,0.0000000000
63,8,2,0,0.0000000000
63,8,3,0,0.0000000000
63,9,1,0,0.0000000000
63,9,2,0,0.0000000000
63,9,3,0,0.0000000000
63,10,1,0,0.0000000000
63,10,2,0,0.0000000000
63,10,3,0,0.0000000000
63,11,1,0,0.0000000000
63,11,2,0,0.0000000000
63,11,3,0,0.0000000000
63,12,1,0,0.0000000000
63,12,2,0,0.0000000000
63,12,3,0,0.0000000000
63,13,1,0,0.0000000000
63,13,2,0,0.0000000000
63,13,3,0,0.0000000000
63,14,1,0,0.0000000000
63,14,2,0,0.0000000000
63,14,3,0,0.0000000000
63,15,1,0,0.0000000000
63,15,2,0,0.0000000000
63,15,3,0,0.0000000000
63,16,1,0,0.0000000000
63,16,2,0,0.0000000000
63,16,3,0,0.0000000000
63,17,1,0,0.0000000000
63,17,2,0,0.0000000000
63,17,3,0,0.0000000000
63,18,1,0,0.0000000000
63,18,2,0,0.0000000000
63,18,3,0,0.0000000000
63,19,1,0,0.0000000000
63,19,2,0,0.0000000000
63,19,3,0,0.0000000000
63,20,1,0,0.0000000000
63,20,2,0,0.0000000000
63,20,3,0,0.0000000000
63,21,1,0,0.0000000000
63,21,2,0,0.0000000000
63,21,3,0,0.0000000000
63,22,1,0,0.0000000000
63,22,2,0,0.0000000000
63,22,3,0,0.0000000000
63,23,1,0,0.0000000000
63,23,2,0,0.0000000000
63,23,3,0,0.0000000000
63,24,1,0,0.0000000000
63,24,2,0,0.0000000000
63,24,3,0,0.0000000000
63,25,1,0,0.0000000000
63,25,2,0,0.0000000000
63,25,3,0,0.0000000000
63,26,1,0,0.0000000000
63,26,2,0,0.0000000000
63,26,3,0,0.0000000000
63,27,1,0,0.0000000000
63,27,2,0,0.0000000000
63,27,3,0,0.0000000000
63,28,1,0,0.0000000000
63,28,2,0,0.0000000000
63,28,3,0,0.0000000000
63,29,1,0,0.0000000000
63,29,2,0,0.0000000000
63,29,3,0,0.0000000000
63,30,1,0,0.0000000000
63,30,2,0,0.0000000000
63,30,3,0,0.0000000000
63,31,1,0,0.0000000000
63,31,2,0,0.0000000000
63,31,3,0,0.0000000000
63,32,1,0,0.0000000000
63,32,2,0,0.0000000000
63,32,3,0,0.0000000000
63,33,1,0,0.0000000000
63,33,2,0,0.0000000000
63,33,3,0,0.0000000000
63,34,1,0,0.0000000000
63,34,2,0,0.0000000000
63,34,3,0,0.0000000000
63,35,1,0,0.0000000000
63,35,2,0,0.0000000000
63,35,3,0,0.0000000000
63,36,1,0,0.0000000000
63,36,2,0,0.0000000000
63,36,3,0,0.0000000000
63,37,1,0,0.0000000000
63,37,2,0,0.0000000000
63,37,3,0,0.0000000000
63,38,1,0,0.0000000000
63,38,2,0,0.0000000000
63,38,3,0,0.0000000000
63,39,1,0,0.0000000000
63,39,2,0,0.0000000000
63,39,3,0,0.0000000000
63,40,1,0,0.0000000000
63,40,2,0,0.0000000000
63,40,3,0,0.0000000000
63,41,1,0,0.0000000000
63,41,2,0,0.0000000000
63,41,3,0,0.0000000000
63,42,1,0,0.0000000000
63,42,2,0,0.0000000000
63,42,3,0,0.0000000000
63,43,1,0,0.0000000000
63,43,2,0,0.0000000000
63,43,3,0,0.0000000000
63,44,1,0,0.0000000000
63,44,2,0,0.0000000000
63,44,3,0,0.0000000000
63,45,1,0,0.0000000000
63,45,2,0,0.0000000000
63,45,3,0,0.0000000000
63,46,1,0,0.0000000000
63,46,2,0,0.0000000000
63,46,3,0,0.0000000000
63,47,1,0,0.0000000000
63,47,2,0,0.0000000000
63,47,3,0,0.0000000000
63,48,1,0,0.0000000000
63,48,2,0,0.0000000000
63,48,3,0,0.0000000000
63,49,1,0,0.0000000000
63,49,2,0,0.0000000000
63,49,3,0,0.0000000000
63,50,1,0,0.0000000000
63,50,2,0,0.0000000000
63,50,3,0,0.0000000000
63,51,1,0,0.0000000000
63,51,2,0,0.0000000000
63,51,3,0,0.0000000000
63,52,1,0,0.0000000000
63,52,2,0,0.0000000000
63,52,3,0,0.0000000000
63,53,1,0,0.0000000000
63,53,2,0,0.0000000000
63,53,3,0,0.0000000000
63,54,1,0,0.0000000000
63,54,2,0,0.0000000000
63,54,3,0,0.0000000000
63,55,1,0,0.0000000000
63,55,2,0,0.0000000000
63,55,3,0,0.0000000000
63,56,1,0,0.0000000000
63,56,2,0,0.0000000000
63,56,3,0,0.0000000000
63,57,1,0,0.0000000000
63,57,2,0,0.0000000000
63,57,3,0,0.0000000000
63,58,1,0,0.0000000000
63,58,2,0,0.0000000000
63,58,3,0,0.0000000000
63,59,1,0,0.0000000000
63,59,2,0,0.0000000000
63,59,3,0,0.0000000000
63,60,1,0,0.0000000000
63,60,2,0,0.0000000000
63,60,3,0,0.0000000000
63,61,1,0,0.0000000000
63,61,2,0,0.0000000000
63,61,3,0,0.0000000000
63,62,1,0,0.0000000000
63,62,2,0,0.0000000000
63,62,3,0,0.0000000000
63,63,1,0,0.0000000000
63,63,2,0,0.0000000000
63,63,3,0,0.0000000000
63,64,1,0,0.0000000000
63,64,2,0,0.0000000000
63,64,3,0,0.0000000000
63,65,1,0,0.0000000000
63,65,2,0,0.0000000000
63,65,3,0,0.0000000000
63,66,1,0,0.0000000000
63,66,2,0,0.0000000000
63,66,3,0,0.0000000000
63,67,1,0,0.0000000000
63,67,2,0,0.0000000000
63,67,3,0,0.0000000000
63,68,1,0,0.0000000000
63,68,2,0,0.0000000000
63,68,3,0,0.0000000000
63,69,1,0,0.0000000000
63,69,2,0,0.0000000000
63,69,3,0,0.0000000000
63,70,1,0,0.0000000000
63,70,2,0,0.0000000000
63,70,3,0,0.0000000000
63,71,1,0,0.0000000000
63,71,2,0,0.0000000000
63,71,3,0,0.0000000000
63,72,1,0,0.0000000000
63,72,2,0,0.0000000000
63,72,3,0,0.0000000000
63,73,1,0,0.0000000000
63,73,2,0,0.0000000000
63,73,3,0,0.0000000000
63,74,1,0,0.0000000000
63,74,2,0,0.0000000000
63,74,3,0,0.0000000000
63,75,1,0,0.0000000000
63,75,2,0,0.0000000000
63,75,3,0,0.0000000000
63,76,1,0,0.0000000000
63,76,2,0,0.0000000000
63,76,3,0,0.0000000000
63,77,1,0,0.0000000000
63,77,2,0,0.0000000000
63,77,3,0,0.0000000000
63,78,1,0,0.0000000000
63,78,2,0,0.0000000000
63,78,3,0,0.0000000000
63,79,1,0,0.0000000000
63,79,2,0,0.0000000000
63,79,3,0,0.0000000000
63,80,1,0,0.0000000000
63,80,2,0,0.0000000000
63,80,3,0,0.0000000000
63,81,1,0,0.0000000000
63,81,2,0,0.0000000000
63,81,3,0,0.0000000000
63,82,1,0,0.0000000000
63,82,2,0,0.0000000000
63,82,3,0,0.0000000000
63,83,1,0,0.0000000000
63,83,2,0,0.0000000000
63,83,3,0,0.0000000000
63,84,1,0,0.0000000000
63,84,2,0,0.0000000000
63,84,3,0,0.0000000000
63,85,1,0,0.0000000000
63,85,2,0,0.0000000000
63,85,3,0,0.0000000000
63,86,1,0,0.0000000000
63,86,2,0,0.0000000000
63,86,3,0,0.0000000000
63,87,1,0,0.0000000000
63,87,2,0,0.0000000000
63,87,3,0,0.0000000000
63,88,1,0,0.0000000000
63,88,2,0,0.0000000000
63,88,3,0,0.0000000000
63,89,1,0,0.0000000000
63,89,2,0,0.0000000000
63,89,3,0,0.0000000000
63,90,1,0,0.0000000000
63,90,2,0,0.0000000000
63,90,3,0,0.0000000000
63,91,1,0,0.0000000000
63,91,2,0,0.0000000000
63,91,3,0,0.0000000000
63,92,1,0,0.0000000000
63,92,2,0,0.0000000000
63,92,3,0,0.0000000000
63,93,1,0,0.0000000000
63,93,2,0,0.0000000000
63,93,3,0,0.0000000000
63,94,1,0,0.0000000000
63,94,2,0,0.0000000000
63,94,3,0,0.0000000000
63,95,1,0,0.0000000000
63,95,2,0,0.0000000000
63,95,3,0,0.0000000000
63,96,1,0,0.0000000000
63,96,2,0,0.0000000000
63,96,3,0,0.0000000000
63,97,1,0,0.0000000000
63,97,2,0,0.0000000000
63,97,3,0,0.0000000000
63,98,1,0,0.0000000000
63,98,2,0,0.0000000000
63,98,3,0,0.0000000000
63,99,1,0,0.0000000000
63,99,2,0,0.0000000000
63,99,3,0,0.0000000000
63,100,1,0,0.0000000000
63,100,2,0,0.0000000000
63,100,3,0,0.0000000000
63,101,1,0,0.0000000000
63,101,2,0,0.0000000000
63,101,3,0,0.0000000000
63,102,1,0,0.0000000000
63,102,2,0,0.0000000000
63,102,3,0,0.0000000000
63,103,1,0,0.0000000000
63,103,2,0,0.0000000000
63,103,3,0,0.0000000000
63,104,1,0,0.0000000000
63,104,2,0,0.0000000000
63,104,3,0,0.0000000000
63,105,1,0,0.0000000000
63,105,2,0,0.0000000000
63,105,3,0,0.0000000000
63,106,1,0,0.0000000000
63,106,2,0,0.0000000000
63,106,3,0,0.0000000000
63,107,1,0,0.0000000000
63,107,2,0,0.0000000000
63,107,3,0,0.0000000000
63,108,1,0,0.0000000000
63,108,2,0,0.0000000000
63,108,3,0,0.0000000000
63,109,1,0,0.0000000000
63,109,2,0,0.0000000000
63,109,3,0,0.0000000000
63,110,1,0,0.0000000000
63,110,2,0,0.0000000000
63,110,3,0,0.0000000000
63,111,1,0,0.0000000000
63,111,2,0,0.0000000000
63,111,3,0,0.0000000000
63,112,1,0,0.0000000000
63,112,2,0,0.0000000000
63,112,3,0,0.0000000000
63,113,1,0,0.0000000000
63,113,2,0,0.0000000000
63,113,3,0,0.0000000000
63,114,1,0,0.0000000000
63,114,2,0,0.0000000000
63,114,3,0,0.0000000000
63,115,1,0,0.0000000000
63,115,2,0,0.0000000000
63,115,3,0,0.0000000000
63,116,1,0,0.0000000000
63,116,2,0,0.0000000000
63,116,3,0,0.0000000000
63,117,1,0,0.0000000000
63,117,2,0,0.0000000000
63,117,3,0,0.0000000000
63,118,1,0,0.0000000000
63,118,2,0,0.0000000000
63,118,3,0,0.0000000000
63,119,1,0,0.0000000000
63,119,2,0,0.0000000000
63,119,3,0,0.0000000000
63,120,1,0,0.0000000000
63,120,2,0,0.0000000000
63,120,3,0,0.0000000000
63,121,1,0,0.0000000000
63,121,2,0,0.0000000000
63,121,3,0,0.0000000000
63,122,1,0,0.0000000000
63,122,2,0,0.0000000000
63,122,3,0,0.0000000000
63,123,1,0,0.0000000000
63,123,2,0,0.0000000000
63,123,3,0,0.0000000000
63,124,1,0,0.0000000000
63,124,2,0,0.0000000000
63,124,3,0,0.0000000000
63,125,1,0,0.0000000000
63,125,2,0,0.0000000000
63,125,3,0,0.0000000000
63,126,1,0,0.0000000000
63,126,2,0,0.0000000000
63,126,3,0,0.0000000000
63,127,1,0,0.0000000000
63,127,2,0,0.0000000000
63,127,3,0,0.0000000000
63,128,1,0,0.0000000000
63,128,2,0,0.0000000000
63,128,3,0,0.0000000000
63,129,1,0,0.0000000000
63,129,2,0,0.0000000000
63,129,3,0,0.0000000000
63,130,1,0,0.0000000000
63,130,2,0,0.0000000000
63,130,3,0,0.0000000000
63,131,1,0,0.0000000000
63,131,2,0,0.0000000000
63,131,3,0,0.0000000000
63,132,1,0,0.0000000000
63,132,2,0,0.0000000000
63,132,3,0,0.0000000000
63,133,1,0,0.0000000000
63,133,2,0,0.0000000000
63,133,3,0,0.0000000000
63,134,1,0,0.0000000000
63,134,2,0,0.0000000000
63,134,3,0,0.0000000000
63,135,1,0,0.0000000000
63,135,2,0,0.0000000000
63,135,3,0,0.0000000000
63,136,1,0,0.0000000000
63,136,2,0,0.0000000000
63,136,3,0,0.0000000000
63,137,1,0,0.0000000000
63,137,2,0,0.0000000000
63,137,3,0,0.0000000000
63,138,1,0,0.0000000000
63,138,2,0,0.0000000000
63,138,3,0,0.0000000000
63,139,1,0,0.0000000000
63,139,2,0,0.0000000000
63,139,3,0,0.0000000000
63,140,1,0,0.0000000000
63,140,2,0,0.0000000000
63,140,3,0,0.0000000000
63,141,1,0,0.0000000000
63,141,2,0,0.0000000000
63,141,3,0,0.0000000000
63,142,1,0,0.0000000000
63,142,2,0,0.0000000000
63,142,3,0,0.0000000000
63,143,1,0,0.0000000000
63,143,2,0,0.0000000000
63,143,3,0,0.0000000000
63,144,1,0,0.0000000000
63,144,2,0,0.0000000000
63,144,3,0,0.0000000000
63,145,1,0,0.0000000000
63,145,2,0,0.0000000000
63,145,3,0,0.0000000000
63,146,1,0,0.0000000000
63,146,2,0,0.0000000000
63,146,3,0,0.0000000000
63,147,1,0,0.0000000000
63,147,2,0,0.0000000000
63,147,3,0,0.0000000000
63,148,1,0,0.0000000000
63,148,2,0,0.0000000000
63,148,3,0,0.0000000000
63,149,1,0,0.0000000000
63,149,2,0,0.0000000000
63,149,3,0,0.0000000000
63,150,1,0,0.0000000000
63,150,2,0,0.0000000000
63,150,3,0,0.0000000000
63,151,1,0,0.0000000000
63,151,2,0,0.0000000000
63,151,3,0,0.0000000000
63,152,1,0,0.0000000000
63,152,2,0,0.0000000000
63,152,3,0,0.0000000000
63,153,1,0,0.0000000000
63,153,2,0,0.0000000000
63,153,3,0,0.0000000000
63,154,1,0,0.0000000000
63,154,2,0,0.0000000000
63,154,3,0,0.0000000000
63,155,1,0,0.0000000000
63,155,2,0,0.0000000000
63,155,3,0,0.0000000000
63,156,1,0,0.0000000000
63,156,2,0,0.0000000000
63,156,3,0,0.0000000000
63,157,1,0,0.0000000000
63,157,2,0,0.0000000000
63,157,3,0,0.0000000000
63,158,1,0,0.0000000000
63,158,2,0,0.0000000000
63,158,3,0,0.0000000000
63,159,1,0,0.0000000000
63,159,2,0,0.0000000000
63,159,3,0,0.0000000000
63,160,1,0,0.0000000000
63,160,2,0,0.0000000000
63,160,3,0,0.0000000000
63,161,1,0,0.0000000000
63,161,2,0,0.0000000000
63,161,3,0,0.0000000000
63,162,1,0,0.0000000000
63,162,2,0,0.0000000000
63,162,3,0,0.0000000000
63,163,1,0,0.0000000000
63,163,2,0,0.0000000000
63,163,3,0,0.0000000000
63,164,1,0,0.0000000000
63,164,2,0,0.0000000000
63,164,3,0,0.0000000000
63,165,1,0,0.0000000000
63,165,2,0,0.0000000000
63,165,3,0,0.0000000000
63,166,1,0,0.0000000000
63,166,2,0,0.0000000000
63,166,3,0,0.0000000000
63,167,1,0,0.0000000000
63,167,2,0,0.0000000000
63,167,3,0,0.0000000000
63,168,1,0,0.0000000000
63,168,2,0,0.0000000000
63,168,3,0,0.0000000000
64,1,1,0,0.0000000000
64,1,2,0,0.0000000000
64,1,3,0,0.0000000000
64,2,1,0,0.0000000000
64,2,2,0,0.0000000000
64,2,3,0,0.0000000000
64,3,1,0,0.0000000000
64,3,2,0,0.0000000000
64,3,3,0,0.0000000000
64,4,1,0,0.0000000000
64,4,2,0,0.0000000000
64,4,3,0,0.0000000000
64,5,1,0,0.0000000000
64,5,2,0,0.0000000000
64,5,3,0,0.0000000000
64,6,1,0,0.0000000000
64,6,2,0,0.0000000000
64,6,3,0,0.0000000000
64,7,1,0,0.0000000000
64,7,2,0,0.0000000000
64,7,3,0,0.0000000000
64,8,1,0,0.0000000000
64,8,2,0,0.0000000000
64,8,3,0,0.0000000000
64,9,1,0,0.0000000000
64,9,2,0,0.0000000000
64,9,3,0,0.0000000000
64,10,1,0,0.0000000000
64,10,2,0,0.0000000000
64,10,3,0,0.0000000000
64,11,1,0,0.0000000000
64,11,2,0,0.0000000000
64,11,3,0,0.0000000000
64,12,1,0,0.0000000000
64,12,2,0,0.0000000000
64,12,3,0,0.0000000000
64,13,1,0,0.0000000000
64,13,2,0,0.0000000000
64,13,3,0,0.0000000000
64,14,1,0,0.0000000000
64,14,2,0,0.0000000000
64,14,3,0,0.0000000000
64,15,1,0,0.0000000000
64,15,2,0,0.0000000000
64,15,3,0,0.0000000000
64,16,1,0,0.0000000000
64,16,2,0,0.0000000000
64,16,3,0,0.0000000000
64,17,1,0,0.0000000000
64,17,2,0,0.0000000000
64,17,3,0,0.0000000000
64,18,1,0,0.0000000000
64,18,2,0,0.0000000000
64,18,3,0,0.0000000000
64,19,1,0,0.0000000000
64,19,2,0,0.0000000000
64,19,3,0,0.0000000000
64,20,1,0,0.0000000000
64,20,2,0,0.0000000000
64,20,3,0,0.0000000000
64,21,1,0,0.0000000000
64,21,2,0,0.0000000000
64,21,3,0,0.0000000000
64,22,1,0,0.0000000000
64,22,2,0,0.0000000000
64,22,3,0,0.0000000000
64,23,1,0,0.0000000000
64,23,2,0,0.0000000000
64,23,3,0,0.0000000000
64,24,1,0,0.0000000000
64,24,2,0,0.0000000000
64,24,3,0,0.0000000000
64,25,1,0,0.0000000000
64,25,2,0,0.0000000000
64,25,3,0,0.0000000000
64,26,1,0,0.0000000000
64,26,2,0,0.0000000000
64,26,3,0,0.0000000000
64,27,1,0,0.0000000000
64,27,2,0,0.0000000000
64,27,3,0,0.0000000000
64,28,1,0,0.0000000000
64,28,2,0,0.0000000000
64,28,3,0,0.0000000000
64,29,1,0,0.0000000000
64,29,2,0,0.0000000000
64,29,3,0,0.0000000000
64,30,1,0,0.0000000000
64,30,2,0,0.0000000000
64,30,3,0,0.0000000000
64,31,1,0,0.0000000000
64,31,2,0,0.0000000000
64,31,3,0,0.0000000000
64,32,1,0,0.0000000000
64,32,2,0,0.0000000000
64,32,3,0,0.0000000000
64,33,1,0,0.0000000000
64,33,2,0,0.0000000000
64,33,3,0,0.0000000000
64,34,1,0,0.0000000000
64,34,2,0,0.0000000000
64,34,3,0,0.0000000000
64,35,1,0,0.0000000000
64,35,2,0,0.0000000000
64,35,3,0,0.0000000000
64,36,1,0,0.0000000000
64,36,2,0,0.0000000000
64,36,3,0,0.0000000000
64,37,1,0,0.0000000000
64,37,2,0,0.0000000000
64,37,3,0,0.0000000000
64,38,1,0,0.0000000000
64,38,2,0,0.0000000000
64,38,3,0,0.0000000000
64,39,1,0,0.0000000000
64,39,2,0,0.0000000000
64,39,3,0,0.0000000000
64,40,1,0,0.0000000000
64,40,2,0,0.0000000000
64,40,3,0,0.0000000000
64,41,1,0,0.0000000000
64,41,2,0,0.0000000000
64,41,3,0,0.0000000000
64,42,1,0,0.0000000000
64,42,2,0,0.0000000000
64,42,3,0,0.0000000000
64,43,1,0,0.0000000000
64,43,2,0,0.0000000000
64,43,3,0,0.0000000000
64,44,1,0,0.0000000000
64,44,2,0,0.0000000000
64,44,3,0,0.0000000000
64,45,1,0,0.0000000000
64,45,2,0,0.0000000000
64,45,3,0,0.0000000000
64,46,1,0,0.0000000000
64,46,2,0,0.0000000000
64,46,3,0,0.0000000000
64,47,1,0,0.0000000000
64,47,2,0,0.0000000000
64,47,3,0,0.0000000000
64,48,1,0,0.0000000000
64,48,2,0,0.0000000000
64,48,3,0,0.0000000000
64,49,1,0,0.0000000000
64,49,2,0,0.0000000000
64,49,3,0,0.0000000000
64,50,1,0,0.0000000000
64,50,2,0,0.0000000000
64,50,3,0,0.0000000000
64,51,1,0,0.0000000000
64,51,2,0,0.0000000000
64,51,3,0,0.0000000000
64,52,1,0,0.0000000000
64,52,2,0,0.0000000000
64,52,3,0,0.0000000000
64,53,1,0,0.0000000000
64,53,2,0,0.0000000000
64,53,3,0,0.0000000000
64,54,1,0,0.0000000000
64,54,2,0,0.0000000000
64,54,3,0,0.0000000000
64,55,1,0,0.0000000000
64,55,2,0,0.0000000000
64,55,3,0,0.0000000000
64,56,1,0,0.0000000000
64,56,2,0,0.0000000000
64,56,3,0,0.0000000000
64,57,1,0,0.0000000000
64,57,2,0,0.0000000000
64,57,3,0,0.0000000000
64,58,1,0,0.0000000000
64,58,2,0,0.0000000000
64,58,3,0,0.0000000000
64,59,1,0,0.0000000000
64,59,2,0,0.0000000000
64,59,3,0,0.0000000000
64,60,1,0,0.0000000000
64,60,2,0,0.0000000000
64,60,3,0,0.0000000000
64,61,1,0,0.0000000000
64,61,2,0,0.0000000000
64,61,3,0,0.0000000000
64,62,1,0,0.0000000000
64,62,2,0,0.0000000000
64,62,3,0,0.0000000000
64,63,1,0,0.0000000000
64,63,2,0,0.0000000000
64,63,3,0,0.0000000000
64,64,1,0,0.0000000000
64,64,2,0,0.0000000000
64,64,3,0,0.0000000000
64,65,1,0,0.0000000000
64,65,2,0,0.0000000000
64,65,3,0,0.0000000000
64,66,1,0,0.0000000000
64,66,2,0,0.0000000000
64,66,3,0,0.0000000000
64,67,1,0,0.0000000000
64,67,2,0,0.0000000000
64,67,3,0,0.0000000000
64,68,1,0,0.0000000000
64,68,2,0,0.0000000000
64,68,3,0,0.0000000000
64,69,1,0,0.0000000000
64,69,2,0,0.0000000000
64,69,3,0,0.0000000000
64,70,1,0,0.0000000000
64,70,2,0,0.0000000000
64,70,3,0,0.0000000000
64,71,1,0,0.0000000000
64,71,2,0,0.0000000000
64,71,3,0,0.0000000000
64,72,1,0,0.0000000000
64,72,2,0,0.0000000000
64,72,3,0,0.0000000000
64,73,1,0,0.0000000000
64,73,2,0,0.0000000000
64,73,3,0,0.0000000000
64,74,1,0,0.0000000000
64,74,2,0,0.0000000000
64,74,3,0,0.0000000000
64,75,1,0,0.0000000000
64,75,2,0,0.0000000000
64,75,3,0,0.0000000000
64,76,1,0,0.0000000000
64,76,2,0,0.0000000000
64,76,3,0,0.0000000000
64,77,1,0,0.0000000000
64,77,2,0,0.0000000000
64,77,3,0,0.0000000000
64,78,1,0,0.0000000000
64,78,2,0,0.0000000000
64,78,3,0,0.0000000000
64,79,1,0,0.0000000000
64,79,2,0,0.0000000000
64,79,3,0,0.0000000000
64,80,1,0,0.0000000000
64,80,2,0,0.0000000000
64,80,3,0,0.0000000000
64,81,1,0,0.0000000000
64,81,2,0,0.0000000000
64,81,3,0,0.0000000000
64,82,1,0,0.0000000000
64,82,2,0,0.0000000000
64,82,3,0,0.0000000000
64,83,1,0,0.0000000000
64,83,2,0,0.0000000000
64,83,3,0,0.0000000000
64,84,1,0,0.0000000000
64,84,2,0,0.0000000000
64,84,3,0,0.0000000000
64,85,1,0,0.0000000000
64,85,2,0,0.0000000000
64,85,3,0,0.0000000000
64,86,1,0,0.0000000000
64,86,2,0,0.0000000000
64,86,3,0,0.0000000000
64,87,1,0,0.0000000000
64,87,2,0,0.0000000000
64,87,3,0,0.0000000000
64,88,1,0,0.0000000000
64,88,2,0,0.0000000000
64,88,3,0,0.0000000000
64,89,1,0,0.0000000000
64,89,2,0,0.0000000000
64,89,3,0,0.0000000000
64,90,1,0,0.0000000000
64,90,2,0,0.0000000000
64,90,3,0,0.0000000000
64,91,1,0,0.0000000000
64,91,2,0,0.0000000000
64,91,3,0,0.0000000000
64,92,1,0,0.0000000000
64,92,2,0,0.0000000000
64,92,3,0,0.0000000000
64,93,1,0,0.0000000000
64,93,2,0,0.0000000000
64,93,3,0,0.0000000000
64,94,1,0,0.0000000000
64,94,2,0,0.0000000000
64,94,3,0,0.0000000000
64,95,1,0,0.0000000000
64,95,2,0,0.0000000000
64,95,3,0,0.0000000000
64,96,1,0,0.0000000000
64,96,2,0,0.0000000000
64,96,3,0,0.0000000000
64,97,1,0,0.0000000000
64,97,2,0,0.0000000000
64,97,3,0,0.0000000000
64,98,1,0,0.0000000000
64,98,2,0,0.0000000000
64,98,3,0,0.0000000000
64,99,1,0,0.0000000000
64,99,2,0,0.0000000000
64,99,3,0,0.0000000000
64,100,1,0,0.0000000000
64,100,2,0,0.0000000000
64,100,3,0,0.0000000000
64,101,1,0,0.0000000000
64,101,2,0,0.0000000000
64,101,3,0,0.0000000000
64,102,1,0,0.0000000000
64,102,2,0,0.0000000000
64,102,3,0,0.0000000000
64,103,1,0,0.0000000000
64,103,2,0,0.0000000000
64,103,3,0,0.0000000000
64,104,1,0,0.0000000000
64,104,2,0,0.0000000000
64,104,3,0,0.0000000000
64,105,1,0,0.0000000000
64,105,2,0,0.0000000000
64,105,3,0,0.0000000000
64,106,1,0,0.0000000000
64,106,2,0,0.0000000000
64,106,3,0,0.0000000000
64,107,1,0,0.0000000000
64,107,2,0,0.0000000000
64,107,3,0,0.0000000000
64,108,1,0,0.0000000000
64,108,2,0,0.0000000000
64,108,3,0,0.0000000000
64,109,1,0,0.0000000000
64,109,2,0,0.0000000000
64,109,3,0,0.0000000000
64,110,1,0,0.0000000000
64,110,2,0,0.0000000000
64,110,3,0,0.0000000000
64,111,1,0,0.0000000000
64,111,2,0,0.0000000000
64,111,3,0,0.0000000000
64,112,1,0,0.0000000000
64,112,2,0,0.0000000000
64,112,3,0,0.0000000000
64,113,1,0,0.0000000000
64,113,2,0,0.0000000000
64,113,3,0,0.0000000000
64,114,1,0,0.0000000000
64,114,2,0,0.0000000000
64,114,3,0,0.0000000000
64,115,1,0,0.0000000000
64,115,2,0,0.0000000000
64,115,3,0,0.0000000000
64,116,1,0,0.0000000000
64,116,2,0,0.0000000000
64,116,3,0,0.0000000000
64,117,1,0,0.0000000000
64,117,2,0,0.0000000000
64,117,3,0,0.0000000000
64,118,1,0,0.0000000000
64,118,2,0,0.0000000000
64,118,3,0,0.0000000000
64,119,1,0,0.0000000000
64,119,2,0,0.0000000000
64,119,3,0,0.0000000000
64,120,1,0,0.0000000000
64,120,2,0,0.0000000000
64,120,3,0,0.0000000000
64,121,1,0,0.0000000000
64,121,2,0,0.0000000000
64,121,3,0,0.0000000000
64,122,1,0,0.0000000000
64,122,2,0,0.0000000000
64,122,3,0,0.0000000000
64,123,1,0,0.0000000000
64,123,2,0,0.0000000000
64,123,3,0,0.0000000000
64,124,1,0,0.0000000000
64,124,2,0,0.0000000000
64,124,3,0,0.0000000000
64,125,1,0,0.0000000000
64,125,2,0,0.0000000000
64,125,3,0,0.0000000000
64,126,1,0,0.0000000000
64,126,2,0,0.0000000000
64,126,3,0,0.0000000000
64,127,1,0,0.0000000000
64,127,2,0,0.0000000000
64,127,3,0,0.0000000000
64,128,1,0,0.0000000000
64,128,2,0,0.0000000000
64,128,3,0,0.0000000000
64,129,1,0,0.0000000000
64,129,2,0,0.0000000000
64,129,3,0,0.0000000000
64,130,1,0,0.0000000000
64,130,2,0,0.0000000000
64,130,3,0,0.0000000000
64,131,1,0,0.0000000000
64,131,2,0,0.0000000000
64,131,3,0,0.0000000000
64,132,1,0,0.0000000000
64,132,2,0,0.0000000000
64,132,3,0,0.0000000000
64,133,1,0,0.0000000000
64,133,2,0,0.0000000000
64,133,3,0,0.0000000000
64,134,1,0,0.0000000000
64,134,2,0,0.0000000000
64,134,3,0,0.0000000000
64,135,1,0,0.0000000000
64,135,2,0,0.0000000000
64,135,3,0,0.0000000000
64,136,1,0,0.0000000000
64,136,2,0,0.0000000000
64,136,3,0,0.0000000000
64,137,1,0,0.0000000000
64,137,2,0,0.0000000000
64,137,3,0,0.0000000000
64,138,1,0,0.0000000000
64,138,2,0,0.0000000000
64,138,3,0,0.0000000000
64,139,1,0,0.0000000000
64,139,2,0,0.0000000000
64,139,3,0,0.0000000000
64,140,1,0,0.0000000000
64,140,2,0,0.0000000000
64,140,3,0,0.0000000000
64,141,1,0,0.0000000000
64,141,2,0,0.0000000000
64,141,3,0,0.0000000000
64,142,1,0,0.0000000000
64,142,2,0,0.0000000000
64,142,3,0,0.0000000000
64,143,1,0,0.0000000000
64,143,2,0,0.0000000000
64,143,3,0,0.0000000000
64,144,1,0,0.0000000000
64,144,2,0,0.0000000000
64,144,3,0,0.0000000000
64,145,1,0,0.0000000000
64,145,2,0,0.0000000000
64,145,3,0,0.0000000000
64,146,1,0,0.0000000000
64,146,2,0,0.0000000000
64,146,3,0,0.0000000000
64,147,1,0,0.0000000000
64,147,2,0,0.0000000000
64,147,3,0,0.0000000000
64,148,1,0,0.0000000000
64,148,2,0,0.0000000000
64,148,3,0,0.0000000000
64,149,1,0,0.0000000000
64,149,2,0,0.0000000000
64,149,3,0,0.0000000000
64,150,1,0,0.0000000000
64,150,2,0,0.0000000000
64,150,3,0,0.0000000000
64,151,1,0,0.0000000000
64,151,2,0,0.0000000000
64,151,3,0,0.0000000000
64,152,1,0,0.0000000000
64,152,2,0,0.0000000000
64,152,3,0,0.0000000000
64,153,1,0,0.0000000000
64,153,2,0,0.0000000000
64,153,3,0,0.0000000000
64,154,1,0,0.0000000000
64,154,2,0,0.0000000000
64,154,3,0,0.0000000000
64,155,1,0,0.0000000000
64,155,2,0,0.0000000000
64,155,3,0,0.0000000000
64,156,1,0,0.0000000000
64,156,2,0,0.0000000000
64,156,3,0,0.0000000000
64,157,1,0,0.0000000000
64,157,2,0,0.0000000000
64,157,3,0,0.0000000000
64,158,1,0,0.0000000000
64,158,2,0,0.0000000000
64,158,3,0,0.0000000000
64,159,1,0,0.0000000000
64,159,2,0,0.0000000000
64,159,3,0,0.0000000000
64,160,1,0,0.0000000000
64,160,2,0,0.0000000000
64,160,3,0,0.0000000000
64,161,1,0,0.0000000000
64,161,2,0,0.0000000000
64,161,3,0,0.0000000000
64,162,1,0,0.0000000000
64,162,2,0,0.0000000000
64,162,3,0,0.0000000000
64,163,1,0,0.0000000000
64,163,2,0,0.0000000000
64,163,3,0,0.0000000000
64,164,1,0,0.0000000000
64,164,2,0,0.0000000000
64,164,3,0,0.0000000000
64,165,1,0,0.0000000000
64,165,2,0,0.0000000000
64,165,3,0,0.0000000000
64,166,1,0,0.0000000000
64,166,2,0,0.0000000000
64,166,3,0,0.0000000000
64,167,1,0,0.0000000000
64,167,2,0,0.0000000000
64,167,3,0,0.0000000000
64,168,1,0,0.0000000000
64,168,2,0,0.0000000000
64,168,3,0,0.0000000000
67,1,1,0,0.0000000000
67,1,2,0,0.0000000000
67,1,3,0,0.0000000000
67,2,1,0,0.0000000000
67,2,2,0,0.0000000000
67,2,3,0,0.0000000000
67,3,1,0,0.0000000000
67,3,2,0,0.0000000000
67,3,3,0,0.0000000000
67,4,1,0,0.0000000000
67,4,2,0,0.0000000000
67,4,3,0,0.0000000000
67,5,1,0,0.0000000000
67,5,2,0,0.0000000000
67,5,3,0,0.0000000000
67,6,1,0,0.0000000000
67,6,2,0,0.0000000000
67,6,3,0,0.0000000000
67,7,1,0,0.0000000000
67,7,2,0,0.0000000000
67,7,3,0,0.0000000000
67,8,1,0,0.0000000000
67,8,2,0,0.0000000000
67,8,3,0,0.0000000000
67,9,1,0,0.0000000000
67,9,2,0,0.0000000000
67,9,3,0,0.0000000000
67,10,1,0,0.0000000000
67,10,2,0,0.0000000000
67,10,3,0,0.0000000000
67,11,1,0,0.0000000000
67,11,2,0,0.0000000000
67,11,3,0,0.0000000000
67,12,1,0,0.0000000000
67,12,2,0,0.0000000000
67,12,3,0,0.0000000000
67,13,1,0,0.0000000000
67,13,2,0,0.0000000000
67,13,3,0,0.0000000000
67,14,1,0,0.0000000000
67,14,2,0,0.0000000000
67,14,3,0,0.0000000000
67,15,1,0,0.0000000000
67,15,2,0,0.0000000000
67,15,3,0,0.0000000000
67,16,1,0,0.0000000000
67,16,2,0,0.0000000000
67,16,3,0,0.0000000000
67,17,1,0,0.0000000000
67,17,2,0,0.0000000000
67,17,3,0,0.0000000000
67,18,1,0,0.0000000000
67,18,2,0,0.0000000000
67,18,3,0,0.0000000000
67,19,1,0,0.0000000000
67,19,2,0,0.0000000000
67,19,3,0,0.0000000000
67,20,1,0,0.0000000000
67,20,2,0,0.0000000000
67,20,3,0,0.0000000000
67,21,1,0,0.0000000000
67,21,2,0,0.0000000000
67,21,3,0,0.0000000000
67,22,1,0,0.0000000000
67,22,2,0,0.0000000000
67,22,3,0,0.0000000000
67,23,1,0,0.0000000000
67,23,2,0,0.0000000000
67,23,3,0,0.0000000000
67,24,1,0,0.0000000000
67,24,2,0,0.0000000000
67,24,3,0,0.0000000000
67,25,1,0,0.0000000000
67,25,2,0,0.0000000000
67,25,3,0,0.0000000000
67,26,1,0,0.0000000000
67,26,2,0,0.0000000000
67,26,3,0,0.0000000000
67,27,1,0,0.0000000000
67,27,2,0,0.0000000000
67,27,3,0,0.0000000000
67,28,1,0,0.0000000000
67,28,2,0,0.0000000000
67,28,3,0,0.0000000000
67,29,1,0,0.0000000000
67,29,2,0,0.0000000000
67,29,3,0,0.0000000000
67,30,1,0,0.0000000000
67,30,2,0,0.0000000000
67,30,3,0,0.0000000000
67,31,1,0,0.0000000000
67,31,2,0,0.0000000000
67,31,3,0,0.0000000000
67,32,1,0,0.0000000000
67,32,2,0,0.0000000000
67,32,3,0,0.0000000000
67,33,1,0,0.0000000000
67,33,2,0,0.0000000000
67,33,3,0,0.0000000000
67,34,1,0,0.0000000000
67,34,2,0,0.0000000000
67,34,3,0,0.0000000000
67,35,1,0,0.0000000000
67,35,2,0,0.0000000000
67,35,3,0,0.0000000000
67,36,1,0,0.0000000000
67,36,2,0,0.0000000000
67,36,3,0,0.0000000000
67,37,1,0,0.0000000000
67,37,2,0,0.0000000000
67,37,3,0,0.0000000000
67,38,1,0,0.0000000000
67,38,2,0,0.0000000000
67,38,3,0,0.0000000000
67,39,1,0,0.0000000000
67,39,2,0,0.0000000000
67,39,3,0,0.0000000000
67,40,1,0,0.0000000000
67,40,2,0,0.0000000000
67,40,3,0,0.0000000000
67,41,1,0,0.0000000000
67,41,2,0,0.0000000000
67,41,3,0,0.0000000000
67,42,1,0,0.0000000000
67,42,2,0,0.0000000000
67,42,3,0,0.0000000000
67,43,1,0,0.0000000000
67,43,2,0,0.0000000000
67,43,3,0,0.0000000000
67,44,1,0,0.0000000000
67,44,2,0,0.0000000000
67,44,3,0,0.0000000000
67,45,1,0,0.0000000000
67,45,2,0,0.0000000000
67,45,3,0,0.0000000000
67,46,1,0,0.0000000000
67,46,2,0,0.0000000000
67,46,3,0,0.0000000000
67,47,1,0,0.0000000000
67,47,2,0,0.0000000000
67,47,3,0,0.0000000000
67,48,1,0,0.0000000000
67,48,2,0,0.0000000000
67,48,3,0,0.0000000000
67,49,1,0,0.0000000000
67,49,2,0,0.0000000000
67,49,3,0,0.0000000000
67,50,1,0,0.0000000000
67,50,2,0,0.0000000000
67,50,3,0,0.0000000000
67,51,1,0,0.0000000000
67,51,2,0,0.0000000000
67,51,3,0,0.0000000000
67,52,1,0,0.0000000000
67,52,2,0,0.0000000000
67,52,3,0,0.0000000000
67,53,1,0,0.0000000000
67,53,2,0,0.0000000000
67,53,3,0,0.0000000000
67,54,1,0,0.0000000000
67,54,2,0,0.0000000000
67,54,3,0,0.0000000000
67,55,1,0,0.0000000000
67,55,2,0,0.0000000000
67,55,3,0,0.0000000000
67,56,1,0,0.0000000000
67,56,2,0,0.0000000000
67,56,3,0,0.0000000000
67,57,1,0,0.0000000000
67,57,2,0,0.0000000000
67,57,3,0,0.0000000000
67,58,1,0,0.0000000000
67,58,2,0,0.0000000000
67,58,3,0,0.0000000000
67,59,1,0,0.0000000000
67,59,2,0,0.0000000000
67,59,3,0,0.0000000000
67,60,1,0,0.0000000000
67,60,2,0,0.0000000000
67,60,3,0,0.0000000000
67,61,1,0,0.0000000000
67,61,2,0,0.0000000000
67,61,3,0,0.0000000000
67,62,1,0,0.0000000000
67,62,2,0,0.0000000000
67,62,3,0,0.0000000000
67,63,1,0,0.0000000000
67,63,2,0,0.0000000000
67,63,3,0,0.0000000000
67,64,1,0,0.0000000000
67,64,2,0,0.0000000000
67,64,3,0,0.0000000000
67,65,1,0,0.0000000000
67,65,2,0,0.0000000000
67,65,3,0,0.0000000000
67,66,1,0,0.0000000000
67,66,2,0,0.0000000000
67,66,3,0,0.0000000000
67,67,1,0,0.0000000000
67,67,2,0,0.0000000000
67,67,3,0,0.0000000000
67,68,1,0,0.0000000000
67,68,2,0,0.0000000000
67,68,3,0,0.0000000000
67,69,1,0,0.0000000000
67,69,2,0,0.0000000000
67,69,3,0,0.0000000000
67,70,1,0,0.0000000000
67,70,2,0,0.0000000000
67,70,3,0,0.0000000000
67,71,1,0,0.0000000000
67,71,2,0,0.0000000000
67,71,3,0,0.0000000000
67,72,1,0,0.0000000000
67,72,2,0,0.0000000000
67,72,3,0,0.0000000000
67,73,1,0,0.0000000000
67,73,2,0,0.0000000000
67,73,3,0,0.0000000000
67,74,1,0,0.0000000000
67,74,2,0,0.0000000000
67,74,3,0,0.0000000000
67,75,1,0,0.0000000000
67,75,2,0,0.0000000000
67,75,3,0,0.0000000000
67,76,1,0,0.0000000000
67,76,2,0,0.0000000000
67,76,3,0,0.0000000000
67,77,1,0,0.0000000000
67,77,2,0,0.0000000000
67,77,3,0,0.0000000000
67,78,1,0,0.0000000000
67,78,2,0,0.0000000000
67,78,3,0,0.0000000000
67,79,1,0,0.0000000000
67,79,2,0,0.0000000000
67,79,3,0,0.0000000000
67,80,1,0,0.0000000000
67,80,2,0,0.0000000000
67,80,3,0,0.0000000000
67,81,1,0,0.0000000000
67,81,2,0,0.0000000000
67,81,3,0,0.0000000000
67,82,1,0,0.0000000000
67,82,2,0,0.0000000000
67,82,3,0,0.0000000000
67,83,1,0,0.0000000000
67,83,2,0,0.0000000000
67,83,3,0,0.0000000000
67,84,1,0,0.0000000000
67,84,2,0,0.0000000000
67,84,3,0,0.0000000000
67,85,1,0,0.0000000000
67,85,2,0,0.0000000000
67,85,3,0,0.0000000000
67,86,1,0,0.0000000000
67,86,2,0,0.0000000000
67,86,3,0,0.0000000000
67,87,1,0,0.0000000000
67,87,2,0,0.0000000000
67,87,3,0,0.0000000000
67,88,1,0,0.0000000000
67,88,2,0,0.0000000000
67,88,3,0,0.0000000000
67,89,1,0,0.0000000000
67,89,2,0,0.0000000000
67,89,3,0,0.0000000000
67,90,1,0,0.0000000000
67,90,2,0,0.0000000000
67,90,3,0,0.0000000000
67,91,1,0,0.0000000000
67,91,2,0,0.0000000000
67,91,3,0,0.0000000000
67,92,1,0,0.0000000000
67,92,2,0,0.0000000000
67,92,3,0,0.0000000000
67,93,1,0,0.0000000000
67,93,2,0,0.0000000000
67,93,3,0,0.0000000000
67,94,1,0,0.0000000000
67,94,2,0,0.0000000000
67,94,3,0,0.0000000000
67,95,1,0,0.0000000000
67,95,2,0,0.0000000000
67,95,3,0,0.0000000000
67,96,1,0,0.0000000000
67,96,2,0,0.0000000000
67,96,3,0,0.0000000000
67,97,1,0,0.0000000000
67,97,2,0,0.0000000000
67,97,3,0,0.0000000000
67,98,1,0,0.0000000000
67,98,2,0,0.0000000000
67,98,3,0,0.0000000000
67,99,1,0,0.0000000000
67,99,2,0,0.0000000000
67,99,3,0,0.0000000000
67,100,1,0,0.0000000000
67,100,2,0,0.0000000000
67,100,3,0,0.0000000000
67,101,1,0,0.0000000000
67,101,2,0,0.0000000000
67,101,3,0,0.0000000000
67,102,1,0,0.0000000000
67,102,2,0,0.0000000000
67,102,3,0,0.0000000000
67,103,1,0,0.0000000000
67,103,2,0,0.0000000000
67,103,3,0,0.0000000000
67,104,1,0,0.0000000000
67,104,2,0,0.0000000000
67,104,3,0,0.0000000000
67,105,1,0,0.0000000000
67,105,2,0,0.0000000000
67,105,3,0,0.0000000000
67,106,1,0,0.0000000000
67,106,2,0,0.0000000000
67,106,3,0,0.0000000000
67,107,1,0,0.0000000000
67,107,2,0,0.0000000000
67,107,3,0,0.0000000000
67,108,1,0,0.0000000000
67,108,2,0,0.0000000000
67,108,3,0,0.0000000000
67,109,1,0,0.0000000000
67,109,2,0,0.0000000000
67,109,3,0,0.0000000000
67,110,1,0,0.0000000000
67,110,2,0,0.0000000000
67,110,3,0,0.0000000000
67,111,1,0,0.0000000000
67,111,2,0,0.0000000000
67,111,3,0,0.0000000000
67,112,1,0,0.0000000000
67,112,2,0,0.0000000000
67,112,3,0,0.0000000000
67,113,1,0,0.0000000000
67,113,2,0,0.0000000000
67,113,3,0,0.0000000000
67,114,1,0,0.0000000000
67,114,2,0,0.0000000000
67,114,3,0,0.0000000000
67,115,1,0,0.0000000000
67,115,2,0,0.0000000000
67,115,3,0,0.0000000000
67,116,1,0,0.0000000000
67,116,2,0,0.0000000000
67,116,3,0,0.0000000000
67,117,1,0,0.0000000000
67,117,2,0,0.0000000000
67,117,3,0,0.0000000000
67,118,1,0,0.0000000000
67,118,2,0,0.0000000000
67,118,3,0,0.0000000000
67,119,1,0,0.0000000000
67,119,2,0,0.0000000000
67,119,3,0,0.0000000000
67,120,1,0,0.0000000000
67,120,2,0,0.0000000000
67,120,3,0,0.0000000000
67,121,1,0,0.0000000000
67,121,2,0,0.0000000000
67,121,3,0,0.0000000000
67,122,1,0,0.0000000000
67,122,2,0,0.0000000000
67,122,3,0,0.0000000000
67,123,1,0,0.0000000000
67,123,2,0,0.0000000000
67,123,3,0,0.0000000000
67,124,1,0,0.0000000000
67,124,2,0,0.0000000000
67,124,3,0,0.0000000000
67,125,1,0,0.0000000000
67,125,2,0,0.0000000000
67,125,3,0,0.0000000000
67,126,1,0,0.0000000000
67,126,2,0,0.0000000000
67,126,3,0,0.0000000000
67,127,1,0,0.0000000000
67,127,2,0,0.0000000000
67,127,3,0,0.0000000000
67,128,1,0,0.0000000000
67,128,2,0,0.0000000000
67,128,3,0,0.0000000000
67,129,1,0,0.0000000000
67,129,2,0,0.0000000000
67,129,3,0,0.0000000000
67,130,1,0,0.0000000000
67,130,2,0,0.0000000000
67,130,3,0,0.0000000000
67,131,1,0,0.0000000000
67,131,2,0,0.0000000000
67,131,3,0,0.0000000000
67,132,1,0,0.0000000000
67,132,2,0,0.0000000000
67,132,3,0,0.0000000000
67,133,1,0,0.0000000000
67,133,2,0,0.0000000000
67,133,3,0,0.0000000000
67,134,1,0,0.0000000000
67,134,2,0,0.0000000000
67,134,3,0,0.0000000000
67,135,1,0,0.0000000000
67,135,2,0,0.0000000000
67,135,3,0,0.0000000000
67,136,1,0,0.0000000000
67,136,2,0,0.0000000000
67,136,3,0,0.0000000000
67,137,1,0,0.0000000000
67,137,2,0,0.0000000000
67,137,3,0,0.0000000000
67,138,1,0,0.0000000000
67,138,2,0,0.0000000000
67,138,3,0,0.0000000000
67,139,1,0,0.0000000000
67,139,2,0,0.0000000000
67,139,3,0,0.0000000000
67,140,1,0,0.0000000000
67,140,2,0,0.0000000000
67,140,3,0,0.0000000000
67,141,1,0,0.0000000000
67,141,2,0,0.0000000000
67,141,3,0,0.0000000000
67,142,1,0,0.0000000000
67,142,2,0,0.0000000000
67,142,3,0,0.0000000000
67,143,1,0,0.0000000000
67,143,2,0,0.0000000000
67,143,3,0,0.0000000000
67,144,1,0,0.0000000000
67,144,2,0,0.0000000000
67,144,3,0,0.0000000000
67,145,1,0,0.0000000000
67,145,2,0,0.0000000000
67,145,3,0,0.0000000000
67,146,1,0,0.0000000000
67,146,2,0,0.0000000000
67,146,3,0,0.0000000000
67,147,1,0,0.0000000000
67,147,2,0,0.0000000000
67,147,3,0,0.0000000000
67,148,1,0,0.0000000000
67,148,2,0,0.0000000000
67,148,3,0,0.0000000000
67,149,1,0,0.0000000000
67,149,2,0,0.0000000000
67,149,3,0,0.0000000000
67,150,1,0,0.0000000000
67,150,2,0,0.0000000000
67,150,3,0,0.0000000000
67,151,1,0,0.0000000000
67,151,2,0,0.0000000000
67,151,3,0,0.0000000000
67,152,1,0,0.0000000000
67,152,2,0,0.0000000000
67,152,3,0,0.0000000000
67,153,1,0,0.0000000000
67,153,2,0,0.0000000000
67,153,3,0,0.0000000000
67,154,1,0,0.0000000000
67,154,2,0,0.0000000000
67,154,3,0,0.0000000000
67,155,1,0,0.0000000000
67,155,2,0,0.0000000000
67,155,3,0,0.0000000000
67,156,1,0,0.0000000000
67,156,2,0,0.0000000000
67,156,3,0,0.0000000000
67,157,1,0,0.0000000000
67,157,2,0,0.0000000000
67,157,3,0,0.0000000000
67,158,1,0,0.0000000000
67,158,2,0,0.0000000000
67,158,3,0,0.0000000000
67,159,1,0,0.0000000000
67,159,2,0,0.0000000000
67,159,3,0,0.0000000000
67,160,1,0,0.0000000000
67,160,2,0,0.0000000000
67,160,3,0,0.0000000000
67,161,1,0,0.0000000000
67,161,2,0,0.0000000000
67,161,3,0,0.0000000000
67,162,1,0,0.0000000000
67,162,2,0,0.0000000000
67,162,3,0,0.0000000000
67,163,1,0,0.0000000000
67,163,2,0,0.0000000000
67,163,3,0,0.0000000000
67,164,1,0,0.0000000000
67,164,2,0,0.0000000000
67,164,3,0,0.0000000000
67,165,1,0,0.0000000000
67,165,2,0,0.0000000000
67,165,3,0,0.0000000000
67,166,1,0,0.0000000000
67,166,2,0,0.0000000000
67,166,3,0,0.0000000000
67,167,1,0,0.0000000000
67,167,2,0,0.0000000000
67,167,3,0,0.0000000000
67,168,1,0,0.0000000000
67,168,2,0,0.0000000000
67,168,3,0,0.0000000000
68,1,1,0,0.0000000000
68,1,2,0,0.0000000000
68,1,3,0,0.0000000000
68,2,1,0,0.0000000000
68,2,2,0,0.0000000000
68,2,3,0,0.0000000000
68,3,1,0,0.0000000000
68,3,2,0,0.0000000000
68,3,3,0,0.0000000000
68,4,1,0,0.0000000000
68,4,2,0,0.0000000000
68,4,3,0,0.0000000000
68,5,1,0,0.0000000000
68,5,2,0,0.0000000000
68,5,3,0,0.0000000000
68,6,1,0,0.0000000000
68,6,2,0,0.0000000000
68,6,3,0,0.0000000000
68,7,1,0,0.0000000000
68,7,2,0,0.0000000000
68,7,3,0,0.0000000000
68,8,1,0,0.0000000000
68,8,2,0,0.0000000000
68,8,3,0,0.0000000000
68,9,1,0,0.0000000000
68,9,2,0,0.0000000000
68,9,3,0,0.0000000000
68,10,1,0,0.0000000000
68,10,2,0,0.0000000000
68,10,3,0,0.0000000000
68,11,1,0,0.0000000000
68,11,2,0,0.0000000000
68,11,3,0,0.0000000000
68,12,1,0,0.0000000000
68,12,2,0,0.0000000000
68,12,3,0,0.0000000000
68,13,1,0,0.0000000000
68,13,2,0,0.0000000000
68,13,3,0,0.0000000000
68,14,1,0,0.0000000000
68,14,2,0,0.0000000000
68,14,3,0,0.0000000000
68,15,1,0,0.0000000000
68,15,2,0,0.0000000000
68,15,3,0,0.0000000000
68,16,1,0,0.0000000000
68,16,2,0,0.0000000000
68,16,3,0,0.0000000000
68,17,1,0,0.0000000000
68,17,2,0,0.0000000000
68,17,3,0,0.0000000000
68,18,1,0,0.0000000000
68,18,2,0,0.0000000000
68,18,3,0,0.0000000000
68,19,1,0,0.0000000000
68,19,2,0,0.0000000000
68,19,3,0,0.0000000000
68,20,1,0,0.0000000000
68,20,2,0,0.0000000000
68,20,3,0,0.0000000000
68,21,1,0,0.0000000000
68,21,2,0,0.0000000000
68,21,3,0,0.0000000000
68,22,1,0,0.0000000000
68,22,2,0,0.0000000000
68,22,3,0,0.0000000000
68,23,1,0,0.0000000000
68,23,2,0,0.0000000000
68,23,3,0,0.0000000000
68,24,1,0,0.0000000000
68,24,2,0,0.0000000000
68,24,3,0,0.0000000000
68,25,1,0,0.0000000000
68,25,2,0,0.0000000000
68,25,3,0,0.0000000000
68,26,1,0,0.0000000000
68,26,2,0,0.0000000000
68,26,3,0,0.0000000000
68,27,1,0,0.0000000000
68,27,2,0,0.0000000000
68,27,3,0,0.0000000000
68,28,1,0,0.0000000000
68,28,2,0,0.0000000000
68,28,3,0,0.0000000000
68,29,1,0,0.0000000000
68,29,2,0,0.0000000000
68,29,3,0,0.0000000000
68,30,1,0,0.0000000000
68,30,2,0,0.0000000000
68,30,3,0,0.0000000000
68,31,1,0,0.0000000000
68,31,2,0,0.0000000000
68,31,3,0,0.0000000000
68,32,1,0,0.0000000000
68,32,2,0,0.0000000000
68,32,3,0,0.0000000000
68,33,1,0,0.0000000000
68,33,2,0,0.0000000000
68,33,3,0,0.0000000000
68,34,1,0,0.0000000000
68,34,2,0,0.0000000000
68,34,3,0,0.0000000000
68,35,1,0,0.0000000000
68,35,2,0,0.0000000000
68,35,3,0,0.0000000000
68,36,1,0,0.0000000000
68,36,2,0,0.0000000000
68,36,3,0,0.0000000000
68,37,1,0,0.0000000000
68,37,2,0,0.0000000000
68,37,3,0,0.0000000000
68,38,1,0,0.0000000000
68,38,2,0,0.0000000000
68,38,3,0,0.0000000000
68,39,1,0,0.0000000000
68,39,2,0,0.0000000000
68,39,3,0,0.0000000000
68,40,1,0,0.0000000000
68,40,2,0,0.0000000000
68,40,3,0,0.0000000000
68,41,1,0,0.0000000000
68,41,2,0,0.0000000000
68,41,3,0,0.0000000000
68,42,1,0,0.0000000000
68,42,2,0,0.0000000000
68,42,3,0,0.0000000000
68,43,1,0,0.0000000000
68,43,2,0,0.0000000000
68,43,3,0,0.0000000000
68,44,1,0,0.0000000000
68,44,2,0,0.0000000000
68,44,3,0,0.0000000000
68,45,1,0,0.0000000000
68,45,2,0,0.0000000000
68,45,3,0,0.0000000000
68,46,1,0,0.0000000000
68,46,2,0,0.0000000000
68,46,3,0,0.0000000000
68,47,1,0,0.0000000000
68,47,2,0,0.0000000000
68,47,3,0,0.0000000000
68,48,1,0,0.0000000000
68,48,2,0,0.0000000000
68,48,3,0,0.0000000000
68,49,1,0,0.0000000000
68,49,2,0,0.0000000000
68,49,3,0,0.0000000000
68,50,1,0,0.0000000000
68,50,2,0,0.0000000000
68,50,3,0,0.0000000000
68,51,1,0,0.0000000000
68,51,2,0,0.0000000000
68,51,3,0,0.0000000000
68,52,1,0,0.0000000000
68,52,2,0,0.0000000000
68,52,3,0,0.0000000000
68,53,1,0,0.0000000000
68,53,2,0,0.0000000000
68,53,3,0,0.0000000000
68,54,1,0,0.0000000000
68,54,2,0,0.0000000000
68,54,3,0,0.0000000000
68,55,1,0,0.0000000000
68,55,2,0,0.0000000000
68,55,3,0,0.0000000000
68,56,1,0,0.0000000000
68,56,2,0,0.0000000000
68,56,3,0,0.0000000000
68,57,1,0,0.0000000000
68,57,2,0,0.0000000000
68,57,3,0,0.0000000000
68,58,1,0,0.0000000000
68,58,2,0,0.0000000000
68,58,3,0,0.0000000000
68,59,1,0,0.0000000000
68,59,2,0,0.0000000000
68,59,3,0,0.0000000000
68,60,1,0,0.0000000000
68,60,2,0,0.0000000000
68,60,3,0,0.0000000000
68,61,1,0,0.0000000000
68,61,2,0,0.0000000000
68,61,3,0,0.0000000000
68,62,1,0,0.0000000000
68,62,2,0,0.0000000000
68,62,3,0,0.0000000000
68,63,1,0,0.0000000000
68,63,2,0,0.0000000000
68,63,3,0,0.0000000000
68,64,1,0,0.0000000000
68,64,2,0,0.0000000000
68,64,3,0,0.0000000000
68,65,1,0,0.0000000000
68,65,2,0,0.0000000000
68,65,3,0,0.0000000000
68,66,1,0,0.0000000000
68,66,2,0,0.0000000000
68,66,3,0,0.0000000000
68,67,1,0,0.0000000000
68,67,2,0,0.0000000000
68,67,3,0,0.0000000000
68,68,1,0,0.0000000000
68,68,2,0,0.0000000000
68,68,3,0,0.0000000000
68,69,1,0,0.0000000000
68,69,2,0,0.0000000000
68,69,3,0,0.0000000000
68,70,1,0,0.0000000000
68,70,2,0,0.0000000000
68,70,3,0,0.0000000000
68,71,1,0,0.0000000000
68,71,2,0,0.0000000000
68,71,3,0,0.0000000000
68,72,1,0,0.0000000000
68,72,2,0,0.0000000000
68,72,3,0,0.0000000000
68,73,1,0,0.0000000000
68,73,2,0,0.0000000000
68,73,3,0,0.0000000000
68,74,1,0,0.0000000000
68,74,2,0,0.0000000000
68,74,3,0,0.0000000000
68,75,1,0,0.0000000000
68,75,2,0,0.0000000000
68,75,3,0,0.0000000000
68,76,1,0,0.0000000000
68,76,2,0,0.0000000000
68,76,3,0,0.0000000000
68,77,1,0,0.0000000000
68,77,2,0,0.0000000000
68,77,3,0,0.0000000000
68,78,1,0,0.0000000000
68,78,2,0,0.0000000000
68,78,3,0,0.0000000000
68,79,1,0,0.0000000000
68,79,2,0,0.0000000000
68,79,3,0,0.0000000000
68,80,1,0,0.0000000000
68,80,2,0,0.0000000000
68,80,3,0,0.0000000000
68,81,1,0,0.0000000000
68,81,2,0,0.0000000000
68,81,3,0,0.0000000000
68,82,1,0,0.0000000000
68,82,2,0,0.0000000000
68,82,3,0,0.0000000000
68,83,1,0,0.0000000000
68,83,2,0,0.0000000000
68,83,3,0,0.0000000000
68,84,1,0,0.0000000000
68,84,2,0,0.0000000000
68,84,3,0,0.0000000000
68,85,1,0,0.0000000000
68,85,2,0,0.0000000000
68,85,3,0,0.0000000000
68,86,1,0,0.0000000000
68,86,2,0,0.0000000000
68,86,3,0,0.0000000000
68,87,1,0,0.0000000000
68,87,2,0,0.0000000000
68,87,3,0,0.0000000000
68,88,1,0,0.0000000000
68,88,2,0,0.0000000000
68,88,3,0,0.0000000000
68,89,1,0,0.0000000000
68,89,2,0,0.0000000000
68,89,3,0,0.0000000000
68,90,1,0,0.0000000000
68,90,2,0,0.0000000000
68,90,3,0,0.0000000000
68,91,1,0,0.0000000000
68,91,2,0,0.0000000000
68,91,3,0,0.0000000000
68,92,1,0,0.0000000000
68,92,2,0,0.0000000000
68,92,3,0,0.0000000000
68,93,1,0,0.0000000000
68,93,2,0,0.0000000000
68,93,3,0,0.0000000000
68,94,1,0,0.0000000000
68,94,2,0,0.0000000000
68,94,3,0,0.0000000000
68,95,1,0,0.0000000000
68,95,2,0,0.0000000000
68,95,3,0,0.0000000000
68,96,1,0,0.0000000000
68,96,2,0,0.0000000000
68,96,3,0,0.0000000000
68,97,1,0,0.0000000000
68,97,2,0,0.0000000000
68,97,3,0,0.0000000000
68,98,1,0,0.0000000000
68,98,2,0,0.0000000000
68,98,3,0,0.0000000000
68,99,1,0,0.0000000000
68,99,2,0,0.0000000000
68,99,3,0,0.0000000000
68,100,1,0,0.0000000000
68,100,2,0,0.0000000000
68,100,3,0,0.0000000000
68,101,1,0,0.0000000000
68,101,2,0,0.0000000000
68,101,3,0,0.0000000000
68,102,1,0,0.0000000000
68,102,2,0,0.0000000000
68,102,3,0,0.0000000000
68,103,1,0,0.0000000000
68,103,2,0,0.0000000000
68,103,3,0,0.0000000000
68,104,1,0,0.0000000000
68,104,2,0,0.0000000000
68,104,3,0,0.0000000000
68,105,1,0,0.0000000000
68,105,2,0,0.0000000000
68,105,3,0,0.0000000000
68,106,1,0,0.0000000000
68,106,2,0,0.0000000000
68,106,3,0,0.0000000000
68,107,1,0,0.0000000000
68,107,2,0,0.0000000000
68,107,3,0,0.0000000000
68,108,1,0,0.0000000000
68,108,2,0,0.0000000000
68,108,3,0,0.0000000000
68,109,1,0,0.0000000000
68,109,2,0,0.0000000000
68,109,3,0,0.0000000000
68,110,1,0,0.0000000000
68,110,2,0,0.0000000000
68,110,3,0,0.0000000000
68,111,1,0,0.0000000000
68,111,2,0,0.0000000000
68,111,3,0,0.0000000000
68,112,1,0,0.0000000000
68,112,2,0,0.0000000000
68,112,3,0,0.0000000000
68,113,1,0,0.0000000000
68,113,2,0,0.0000000000
68,113,3,0,0.0000000000
68,114,1,0,0.0000000000
68,114,2,0,0.0000000000
68,114,3,0,0.0000000000
68,115,1,0,0.0000000000
68,115,2,0,0.0000000000
68,115,3,0,0.0000000000
68,116,1,0,0.0000000000
68,116,2,0,0.0000000000
68,116,3,0,0.0000000000
68,117,1,0,0.0000000000
68,117,2,0,0.0000000000
68,117,3,0,0.0000000000
68,118,1,0,0.0000000000
68,118,2,0,0.0000000000
68,118,3,0,0.0000000000
68,119,1,0,0.0000000000
68,119,2,0,0.0000000000
68,119,3,0,0.0000000000
68,120,1,0,0.0000000000
68,120,2,0,0.0000000000
68,120,3,0,0.0000000000
68,121,1,0,0.0000000000
68,121,2,0,0.0000000000
68,121,3,0,0.0000000000
68,122,1,0,0.0000000001
68,122,2,0,0.0000000000
68,122,3,0,0.0000000000
68,123,1,0,0.0000000000
68,123,2,0,0.0000000000
68,123,3,0,0.0000000000
68,124,1,0,0.0000000000
68,124,2,0,0.0000000000
68,124,3,0,0.0000000000
68,125,1,0,0.0000000000
68,125,2,0,0.0000000000
68,125,3,0,0.0000000000
68,126,1,0,0.0000000000
68,126,2,0,0.0000000000
68,126,3,0,0.0000000000
68,127,1,0,0.0000000000
68,127,2,0,0.0000000000
68,127,3,0,0.0000000000
68,128,1,0,0.0000000000
68,128,2,0,0.0000000000
68,128,3,0,0.0000000000
68,129,1,0,0.0000000000
68,129,2,0,0.0000000000
68,129,3,0,0.0000000000
68,130,1,0,0.0000000000
68,130,2,0,0.0000000000
68,130,3,0,0.0000000000
68,131,1,0,0.0000000000
68,131,2,0,0.0000000000
68,131,3,0,0.0000000000
68,132,1,0,0.0000000000
68,132,2,0,0.0000000000
68,132,3,0,0.0000000000
68,133,1,0,0.0000000000
68,133,2,0,0.0000000000
68,133,3,0,0.0000000000
68,134,1,0,0.0000000000
68,134,2,0,0.0000000000
68,134,3,0,0.0000000000
68,135,1,0,0.0000000000
68,135,2,0,0.0000000000
68,135,3,0,0.0000000000
68,136,1,0,0.0000000000
68,136,2,0,0.0000000000
68,136,3,0,0.0000000000
68,137,1,0,0.0000000000
68,137,2,0,0.0000000000
68,137,3,0,0.0000000000
68,138,1,0,0.0000000000
68,138,2,0,0.0000000000
68,138,3,0,0.0000000000
68,139,1,0,0.0000000000
68,139,2,0,0.0000000000
68,139,3,0,0.0000000000
68,140,1,0,0.0000000000
68,140,2,0,0.0000000000
68,140,3,0,0.0000000000
68,141,1,0,0.0000000000
68,141,2,0,0.0000000000
68,141,3,0,0.0000000000
68,142,1,0,0.0000000000
68,142,2,0,0.0000000000
68,142,3,0,0.0000000000
68,143,1,0,0.0000000000
68,143,2,0,0.0000000000
68,143,3,0,0.0000000000
68,144,1,0,0.0000000000
68,144,2,0,0.0000000000
68,144,3,0,0.0000000000
68,145,1,0,0.0000000000
68,145,2,0,0.0000000000
68,145,3,0,0.0000000000
68,146,1,0,0.0000000000
68,146,2,0,0.0000000000
68,146,3,0,0.0000000000
68,147,1,0,0.0000000000
68,147,2,0,0.0000000000
68,147,3,0,0.0000000000
68,148,1,0,0.0000000000
68,148,2,0,0.0000000000
68,148,3,0,0.0000000000
68,149,1,0,0.0000000000
68,149,2,0,0.0000000000
68,149,3,0,0.0000000000
68,150,1,0,0.0000000000
68,150,2,0,0.0000000000
68,150,3,0,0.0000000000
68,151,1,0,0.0000000000
68,151,2,0,0.0000000000
68,151,3,0,0.0000000000
68,152,1,0,0.0000000000
68,152,2,0,0.0000000000
68,152,3,0,0.0000000000
68,153,1,0,0.0000000000
68,153,2,0,0.0000000000
68,153,3,0,0.0000000000
68,154,1,0,0.0000000000
68,154,2,0,0.0000000000
68,154,3,0,0.0000000000
68,155,1,0,0.0000000000
68,155,2,0,0.0000000000
68,155,3,0,0.0000000000
68,156,1,0,0.0000000000
68,156,2,0,0.0000000000
68,156,3,0,0.0000000000
68,157,1,0,0.0000000000
68,157,2,0,0.0000000000
68,157,3,0,0.0000000000
68,158,1,0,0.0000000000
68,158,2,0,0.0000000000
68,158,3,0,0.0000000000
68,159,1,0,0.0000000000
68,159,2,0,0.0000000000
68,159,3,0,0.0000000000
68,160,1,0,0.0000000000
68,160,2,0,0.0000000000
68,160,3,0,0.0000000000
68,161,1,0,0.0000000000
68,161,2,0,0.0000000000
68,161,3,0,0.0000000000
68,162,1,0,0.0000000000
68,162,2,0,0.0000000000
68,162,3,0,0.0000000000
68,163,1,0,0.0000000000
68,163,2,0,0.0000000000
68,163,3,0,0.0000000000
68,164,1,0,0.0000000000
68,164,2,0,0.0000000000
68,164,3,0,0.0000000000
68,165,1,0,0.0000000000
68,165,2,0,0.0000000000
68,165,3,0,0.0000000000
68,166,1,0,0.0000000000
68,166,2,0,0.0000000000
68,166,3,0,0.0000000000
68,167,1,0,0.0000000000
68,167,2,0,0.0000000000
68,167,3,0,0.0000000000
68,168,1,0,0.0000000000
68,168,2,0,0.0000000000
68,168,3,0,0.0000000000
71,1,1,0,0.0000000000
71,1,2,0,0.0000000000
71,1,3,0,0.0000000000
71,2,1,0,0.0000000000
71,2,2,0,0.0000000000
71,2,3,0,0.0000000000
71,3,1,0,0.0000000000
71,3,2,0,0.0000000000
71,3,3,0,0.0000000000
71,4,1,0,0.0000000000
71,4,2,0,0.0000000000
71,4,3,0,0.0000000000
71,5,1,0,0.0000000000
71,5,2,0,0.0000000000
71,5,3,0,0.0000000000
71,6,1,0,0.0000000000
71,6,2,0,0.0000000000
71,6,3,0,0.0000000000
71,7,1,0,0.0000000000
71,7,2,0,0.0000000000
71,7,3,0,0.0000000000
71,8,1,0,0.0000000000
71,8,2,0,0.0000000000
71,8,3,0,0.0000000000
71,9,1,0,0.0000000000
71,9,2,0,0.0000000000
71,9,3,0,0.0000000000
71,10,1,0,0.0000000000
71,10,2,0,0.0000000000
71,10,3,0,0.0000000000
71,11,1,0,0.0000000000
71,11,2,0,0.0000000000
71,11,3,0,0.0000000000
71,12,1,0,0.0000000000
71,12,2,0,0.0000000000
71,12,3,0,0.0000000000
71,13,1,0,0.0000000000
71,13,2,0,0.0000000000
71,13,3,0,0.0000000000
71,14,1,0,0.0000000000
71,14,2,0,0.0000000000
71,14,3,0,0.0000000000
71,15,1,0,0.0000000000
71,15,2,0,0.0000000000
71,15,3,0,0.0000000000
71,16,1,0,0.0000000000
71,16,2,0,0.0000000000
71,16,3,0,0.0000000000
71,17,1,0,0.0000000000
71,17,2,0,0.0000000000
71,17,3,0,0.0000000000
71,18,1,0,0.0000000000
71,18,2,0,0.0000000000
71,18,3,0,0.0000000000
71,19,1,0,0.0000000000
71,19,2,0,0.0000000000
71,19,3,0,0.0000000000
71,20,1,0,0.0000000000
71,20,2,0,0.0000000000
71,20,3,0,0.0000000000
71,21,1,0,0.0000000000
71,21,2,0,0.0000000000
71,21,3,0,0.0000000000
71,22,1,0,0.0000000000
71,22,2,0,0.0000000000
71,22,3,0,0.0000000000
71,23,1,0,0.0000000000
71,23,2,0,0.0000000000
71,23,3,0,0.0000000000
71,24,1,0,0.0000000000
71,24,2,0,0.0000000000
71,24,3,0,0.0000000000
71,25,1,0,0.0000000000
71,25,2,0,0.0000000000
71,25,3,0,0.0000000000
71,26,1,0,0.0000000000
71,26,2,0,0.0000000000
71,26,3,0,0.0000000000
71,27,1,0,0.0000000000
71,27,2,0,0.0000000000
71,27,3,0,0.0000000000
71,28,1,0,0.0000000000
71,28,2,0,0.0000000000
71,28,3,0,0.0000000000
71,29,1,0,0.0000000000
71,29,2,0,0.0000000000
71,29,3,0,0.0000000000
71,30,1,0,0.0000000000
71,30,2,0,0.0000000000
71,30,3,0,0.0000000000
71,31,1,0,0.0000000000
71,31,2,0,0.0000000000
71,31,3,0,0.0000000000
71,32,1,0,0.0000000000
71,32,2,0,0.0000000000
71,32,3,0,0.0000000000
71,33,1,0,0.0000000000
71,33,2,0,0.0000000000
71,33,3,0,0.0000000000
71,34,1,0,0.0000000000
71,34,2,0,0.0000000000
71,34,3,0,0.0000000000
71,35,1,0,0.0000000000
71,35,2,0,0.0000000000
71,35,3,0,0.0000000000
71,36,1,0,0.0000000000
71,36,2,0,0.0000000000
71,36,3,0,0.0000000000
71,37,1,0,0.0000000000
71,37,2,0,0.0000000000
71,37,3,0,0.0000000000
71,38,1,0,0.0000000000
71,38,2,0,0.0000000000
71,38,3,0,0.0000000000
71,39,1,0,0.0000000000
71,39,2,0,0.0000000000
71,39,3,0,0.0000000000
71,40,1,0,0.0000000000
71,40,2,0,0.0000000000
71,40,3,0,0.0000000000
71,41,1,0,0.0000000000
71,41,2,0,0.0000000000
71,41,3,0,0.0000000000
71,42,1,0,0.0000000000
71,42,2,0,0.0000000000
71,42,3,0,0.0000000000
71,43,1,0,0.0000000000
71,43,2,0,0.0000000000
71,43,3,0,0.0000000000
71,44,1,0,0.0000000000
71,44,2,0,0.0000000000
71,44,3,0,0.0000000000
71,45,1,0,0.0000000000
71,45,2,0,0.0000000000
71,45,3,0,0.0000000000
71,46,1,0,0.0000000000
71,46,2,0,0.0000000000
71,46,3,0,0.0000000000
71,47,1,0,0.0000000000
71,47,2,0,0.0000000000
71,47,3,0,0.0000000000
71,48,1,0,0.0000000000
71,48,2,0,0.0000000000
71,48,3,0,0.0000000000
71,49,1,0,0.0000000000
71,49,2,0,0.0000000000
71,49,3,0,0.0000000000
71,50,1,0,0.0000000000
71,50,2,0,0.0000000000
71,50,3,0,0.0000000000
71,51,1,0,0.0000000000
71,51,2,0,0.0000000000
71,51,3,0,0.0000000000
71,52,1,0,0.0000000000
71,52,2,0,0.0000000000
71,52,3,0,0.0000000000
71,53,1,0,0.0000000000
71,53,2,0,0.0000000000
71,53,3,0,0.0000000000
71,54,1,0,0.0000000000
71,54,2,0,0.0000000000
71,54,3,0,0.0000000000
71,55,1,0,0.0000000000
71,55,2,0,0.0000000000
71,55,3,0,0.0000000000
71,56,1,0,0.0000000000
71,56,2,0,0.0000000000
71,56,3,0,0.0000000000
71,57,1,0,0.0000000000
71,57,2,0,0.0000000000
71,57,3,0,0.0000000000
71,58,1,0,0.0000000000
71,58,2,0,0.0000000000
71,58,3,0,0.0000000000
71,59,1,0,0.0000000000
71,59,2,0,0.0000000000
71,59,3,0,0.0000000000
71,60,1,0,0.0000000000
71,60,2,0,0.0000000000
71,60,3,0,0.0000000000
71,61,1,0,0.0000000000
71,61,2,0,0.0000000000
71,61,3,0,0.0000000000
71,62,1,0,0.0000000000
71,62,2,0,0.0000000000
71,62,3,0,0.0000000000
71,63,1,0,0.0000000000
71,63,2,0,0.0000000000
71,63,3,0,0.0000000000
71,64,1,0,0.0000000000
71,64,2,0,0.0000000000
71,64,3,0,0.0000000000
71,65,1,0,0.0000000000
71,65,2,0,0.0000000000
71,65,3,0,0.0000000000
71,66,1,0,0.0000000000
71,66,2,0,0.0000000000
71,66,3,0,0.0000000000
71,67,1,0,0.0000000000
71,67,2,0,0.0000000000
71,67,3,0,0.0000000000
71,68,1,0,0.0000000000
71,68,2,0,0.0000000000
71,68,3,0,0.0000000000
71,69,1,0,0.0000000000
71,69,2,0,0.0000000000
71,69,3,0,0.0000000000
71,70,1,0,0.0000000000
71,70,2,0,0.0000000000
71,70,3,0,0.0000000000
71,71,1,0,0.0000000000
71,71,2,0,0.0000000000
71,71,3,0,0.0000000000
71,72,1,0,0.0000000000
71,72,2,0,0.0000000000
71,72,3,0,0.0000000000
71,73,1,0,0.0000000000
71,73,2,0,0.0000000000
71,73,3,0,0.0000000000
71,74,1,0,0.0000000000
71,74,2,0,0.0000000000
71,74,3,0,0.0000000000
71,75,1,0,0.0000000000
71,75,2,0,0.0000000000
71,75,3,0,0.0000000000
71,76,1,0,0.0000000000
71,76,2,0,0.0000000000
71,76,3,0,0.0000000000
71,77,1,0,0.0000000000
71,77,2,0,0.0000000000
71,77,3,0,0.0000000000
71,78,1,0,0.0000000000
71,78,2,0,0.0000000000
71,78,3,0,0.0000000000
71,79,1,0,0.0000000000
71,79,2,0,0.0000000000
71,79,3,0,0.0000000000
71,80,1,0,0.0000000000
71,80,2,0,0.0000000000
71,80,3,0,0.0000000000
71,81,1,0,0.0000000000
71,81,2,0,0.0000000000
71,81,3,0,0.0000000000
71,82,1,0,0.0000000000
71,82,2,0,0.0000000000
71,82,3,0,0.0000000000
71,83,1,0,0.0000000000
71,83,2,0,0.0000000000
71,83,3,0,0.0000000000
71,84,1,0,0.0000000000
71,84,2,0,0.0000000000
71,84,3,0,0.0000000000
71,85,1,0,0.0000000000
71,85,2,0,0.0000000000
71,85,3,0,0.0000000000
71,86,1,0,0.0000000000
71,86,2,0,0.0000000000
71,86,3,0,0.0000000000
71,87,1,0,0.0000000000
71,87,2,0,0.0000000000
71,87,3,0,0.0000000000
71,88,1,0,0.0000000000
71,88,2,0,0.0000000000
71,88,3,0,0.0000000000
71,89,1,0,0.0000000000
71,89,2,0,0.0000000000
71,89,3,0,0.0000000000
71,90,1,0,0.0000000000
71,90,2,0,0.0000000000
71,90,3,0,0.0000000000
71,91,1,0,0.0000000000
71,91,2,0,0.0000000000
71,91,3,0,0.0000000000
71,92,1,0,0.0000000000
71,92,2,0,0.0000000000
71,92,3,0,0.0000000000
71,93,1,0,0.0000000000
71,93,2,0,0.0000000000
71,93,3,0,0.0000000000
71,94,1,0,0.0000000000
71,94,2,0,0.0000000000
71,94,3,0,0.0000000000
71,95,1,0,0.0000000000
71,95,2,0,0.0000000000
71,95,3,0,0.0000000000
71,96,1,0,0.0000000000
71,96,2,0,0.0000000000
71,96,3,0,0.0000000000
71,97,1,0,0.0000000000
71,97,2,0,0.0000000000
71,97,3,0,0.0000000000
71,98,1,0,0.0000000000
71,98,2,0,0.0000000000
71,98,3,0,0.0000000000
71,99,1,0,0.0000000000
71,99,2,0,0.0000000000
71,99,3,0,0.0000000000
71,100,1,0,0.0000000000
71,100,2,0,0.0000000000
71,100,3,0,0.0000000000
71,101,1,0,0.0000000000
71,101,2,0,0.0000000000
71,101,3,0,0.0000000000
71,102,1,0,0.0000000000
71,102,2,0,0.0000000000
71,102,3,0,0.0000000000
71,103,1,0,0.0000000000
71,103,2,0,0.0000000000
71,103,3,0,0.0000000000
71,104,1,0,0.0000000000
71,104,2,0,0.0000000000
71,104,3,0,0.0000000000
71,105,1,0,0.0000000000
71,105,2,0,0.0000000000
71,105,3,0,0.0000000000
71,106,1,0,0.0000000000
71,106,2,0,0.0000000000
71,106,3,0,0.0000000000
71,107,1,0,0.0000000000
71,107,2,0,0.0000000000
71,107,3,0,0.0000000000
71,108,1,0,0.0000000000
71,108,2,0,0.0000000000
71,108,3,0,0.0000000000
71,109,1,0,0.0000000000
71,109,2,0,0.0000000000
71,109,3,0,0.0000000000
71,110,1,0,0.0000000000
71,110,2,0,0.0000000000
71,110,3,0,0.0000000000
71,111,1,0,0.0000000000
71,111,2,0,0.0000000000
71,111,3,0,0.0000000000
71,112,1,0,0.0000000000
71,112,2,0,0.0000000000
71,112,3,0,0.0000000000
71,113,1,0,0.0000000000
71,113,2,0,0.0000000000
71,113,3,0,0.0000000000
71,114,1,0,0.0000000000
71,114,2,0,0.0000000000
71,114,3,0,0.0000000000
71,115,1,0,0.0000000000
71,115,2,0,0.0000000000
71,115,3,0,0.0000000000
71,116,1,0,0.0000000000
71,116,2,0,0.0000000000
71,116,3,0,0.0000000000
71,117,1,0,0.0000000000
71,117,2,0,0.0000000000
71,117,3,0,0.0000000000
71,118,1,0,0.0000000000
71,118,2,0,0.0000000000
71,118,3,0,0.0000000000
71,119,1,0,0.0000000000
71,119,2,0,0.0000000000
71,119,3,0,0.0000000000
71,120,1,0,0.0000000000
71,120,2,0,0.0000000000
71,120,3,0,0.0000000000
71,121,1,0,0.0000000000
71,121,2,0,0.0000000000
71,121,3,0,0.0000000000
71,122,1,0,0.0000000000
71,122,2,0,0.0000000000
71,122,3,0,0.0000000000
71,123,1,0,0.0000000000
71,123,2,0,0.0000000000
71,123,3,0,0.0000000000
71,124,1,0,0.0000000000
71,124,2,0,0.0000000000
71,124,3,0,0.0000000000
71,125,1,0,0.0000000000
71,125,2,0,0.0000000000
71,125,3,0,0.0000000000
71,126,1,0,0.0000000000
71,126,2,0,0.0000000000
71,126,3,0,0.0000000000
71,127,1,0,0.0000000000
71,127,2,0,0.0000000000
71,127,3,0,0.0000000000
71,128,1,0,0.0000000000
71,128,2,0,0.0000000000
71,128,3,0,0.0000000000
71,129,1,0,0.0000000000
71,129,2,0,0.0000000000
71,129,3,0,0.0000000000
71,130,1,0,0.0000000000
71,130,2,0,0.0000000000
71,130,3,0,0.0000000000
71,131,1,0,0.0000000000
71,131,2,0,0.0000000000
71,131,3,0,0.0000000000
71,132,1,0,0.0000000000
71,132,2,0,0.0000000000
71,132,3,0,0.0000000000
71,133,1,0,0.0000000000
71,133,2,0,0.0000000000
71,133,3,0,0.0000000000
71,134,1,0,0.0000000000
71,134,2,0,0.0000000000
71,134,3,0,0.0000000000
71,135,1,0,0.0000000000
71,135,2,0,0.0000000000
71,135,3,0,0.0000000000
71,136,1,0,0.0000000000
71,136,2,0,0.0000000000
71,136,3,0,0.0000000000
71,137,1,0,0.0000000000
71,137,2,0,0.0000000000
71,137,3,0,0.0000000000
71,138,1,0,0.0000000000
71,138,2,0,0.0000000000
71,138,3,0,0.0000000000
71,139,1,0,0.0000000000
71,139,2,0,0.0000000000
71,139,3,0,0.0000000000
71,140,1,0,0.0000000000
71,140,2,0,0.0000000000
71,140,3,0,0.0000000000
71,141,1,0,0.0000000000
71,141,2,0,0.0000000000
71,141,3,0,0.0000000000
71,142,1,0,0.0000000000
71,142,2,0,0.0000000000
71,142,3,0,0.0000000000
71,143,1,0,0.0000000000
71,143,2,0,0.0000000000
71,143,3,0,0.0000000000
71,144,1,0,0.0000000000
71,144,2,0,0.0000000000
71,144,3,0,0.0000000000
71,145,1,0,0.0000000000
71,145,2,0,0.0000000000
71,145,3,0,0.0000000000
71,146,1,0,0.0000000000
71,146,2,0,0.0000000000
71,146,3,0,0.0000000000
71,147,1,0,0.0000000000
71,147,2,0,0.0000000000
71,147,3,0,0.0000000000
71,148,1,0,0.0000000000
71,148,2,0,0.0000000000
71,148,3,0,0.0000000000
71,149,1,0,0.0000000000
71,149,2,0,0.0000000000
71,149,3,0,0.0000000000
71,150,1,0,0.0000000000
71,150,2,0,0.0000000000
71,150,3,0,0.0000000000
71,151,1,0,0.0000000000
71,151,2,0,0.0000000000
71,151,3,0,0.0000000000
71,152,1,0,0.0000000000
71,152,2,0,0.0000000000
71,152,3,0,0.0000000000
71,153,1,0,0.0000000000
71,153,2,0,0.0000000000
71,153,3,0,0.0000000000
71,154,1,0,0.0000000000
71,154,2,0,0.0000000000
71,154,3,0,0.0000000000
71,155,1,0,0.0000000000
71,155,2,0,0.0000000000
71,155,3,0,0.0000000000
71,156,1,0,0.0000000000
71,156,2,0,0.0000000000
71,156,3,0,0.0000000000
71,157,1,0,0.0000000000
71,157,2,0,0.0000000000
71,157,3,0,0.0000000000
71,158,1,0,0.0000000000
71,158,2,0,0.0000000000
71,158,3,0,0.0000000000
71,159,1,0,0.0000000000
71,159,2,0,0.0000000000
71,159,3,0,0.0000000000
71,160,1,0,0.0000000000
71,160,2,0,0.0000000000
71,160,3,0,0.0000000000
71,161,1,0,0.0000000000
71,161,2,0,0.0000000000
71,161,3,0,0.0000000000
71,162,1,0,0.0000000000
71,162,2,0,0.0000000000
71,162,3,0,0.0000000000
71,163,1,0,0.0000000000
71,163,2,0,0.0000000000
71,163,3,0,0.0000000000
71,164,1,0,0.0000000000
71,164,2,0,0.0000000000
71,164,3,0,0.0000000000
71,165,1,0,0.0000000000
71,165,2,0,0.0000000000
71,165,3,0,0.0000000000
71,166,1,0,0.0000000000
71,166,2,0,0.0000000000
71,166,3,0,0.0000000000
71,167,1,0,0.0000000000
71,167,2,0,0.0000000000
71,167,3,0,0.0000000000
71,168,1,0,0.0000000000
71,168,2,0,0.0000000000
71,168,3,0,0.0000000000
75,1,1,0,0.0000000000
75,1,2,0,0.0000000000
75,1,3,0,0.0000000000
75,2,1,0,0.0000000000
75,2,2,0,0.0000000000
75,2,3,0,0.0000000000
75,3,1,0,0.0000000000
75,3,2,0,0.0000000000
75,3,3,0,0.0000000000
75,4,1,0,0.0000000000
75,4,2,0,0.0000000000
75,4,3,0,0.0000000000
75,5,1,0,0.0000000000
75,5,2,0,0.0000000000
75,5,3,0,0.0000000000
75,6,1,0,0.0000000000
75,6,2,0,0.0000000000
75,6,3,0,0.0000000000
75,7,1,0,0.0000000000
75,7,2,0,0.0000000000
75,7,3,0,0.0000000000
75,8,1,0,0.0000000000
75,8,2,0,0.0000000000
75,8,3,0,0.0000000000
75,9,1,0,0.0000000000
75,9,2,0,0.0000000000
75,9,3,0,0.0000000000
75,10,1,0,0.0000000000
75,10,2,0,0.0000000000
75,10,3,0,0.0000000000
75,11,1,0,0.0000000000
75,11,2,0,0.0000000000
75,11,3,0,0.0000000000
75,12,1,0,0.0000000000
75,12,2,0,0.0000000000
75,12,3,0,0.0000000000
75,13,1,0,0.0000000000
75,13,2,0,0.0000000000
75,13,3,0,0.0000000000
75,14,1,0,0.0000000000
75,14,2,0,0.0000000000
75,14,3,0,0.0000000000
75,15,1,0,0.0000000000
75,15,2,0,0.0000000000
75,15,3,0,0.0000000000
75,16,1,0,0.0000000000
75,16,2,0,0.0000000000
75,16,3,0,0.0000000000
75,17,1,0,0.0000000000
75,17,2,0,0.0000000000
75,17,3,0,0.0000000000
75,18,1,0,0.0000000000
75,18,2,0,0.0000000000
75,18,3,0,0.0000000000
75,19,1,0,0.0000000000
75,19,2,0,0.0000000000
75,19,3,0,0.0000000000
75,20,1,0,0.0000000000
75,20,2,0,0.0000000000
75,20,3,0,0.0000000000
75,21,1,0,0.0000000000
75,21,2,0,0.0000000000
75,21,3,0,0.0000000000
75,22,1,0,0.0000000000
75,22,2,0,0.0000000000
75,22,3,0,0.0000000000
75,23,1,0,0.0000000000
75,23,2,0,0.0000000000
75,23,3,0,0.0000000000
75,24,1,0,0.0000000000
75,24,2,0,0.0000000000
75,24,3,0,0.0000000000
75,25,1,0,0.0000000000
75,25,2,0,0.0000000000
75,25,3,0,0.0000000000
75,26,1,0,0.0000000000
75,26,2,0,0.0000000000
75,26,3,0,0.0000000000
75,27,1,0,0.0000000000
75,27,2,0,0.0000000000
75,27,3,0,0.0000000000
75,28,1,0,0.0000000000
75,28,2,0,0.0000000000
75,28,3,0,0.0000000000
75,29,1,0,0.0000000000
75,29,2,0,0.0000000000
75,29,3,0,0.0000000000
75,30,1,0,0.0000000000
75,30,2,0,0.0000000000
75,30,3,0,0.0000000000
75,31,1,0,0.0000000000
75,31,2,0,0.0000000000
75,31,3,0,0.0000000000
75,32,1,0,0.0000000000
75,32,2,0,0.0000000000
75,32,3,0,0.0000000000
75,33,1,0,0.0000000000
75,33,2,0,0.0000000000
75,33,3,0,0.0000000000
75,34,1,0,0.0000000000
75,34,2,0,0.0000000000
75,34,3,0,0.0000000000
75,35,1,0,0.0000000000
75,35,2,0,0.0000000000
75,35,3,0,0.0000000000
75,36,1,0,0.0000000000
75,36,2,0,0.0000000000
75,36,3,0,0.0000000000
75,37,1,0,0.0000000000
75,37,2,0,0.0000000000
75,37,3,0,0.0000000000
75,38,1,0,0.0000000000
75,38,2,0,0.0000000000
75,38,3,0,0.0000000000
75,39,1,0,0.0000000000
75,39,2,0,0.0000000000
75,39,3,0,0.0000000000
75,40,1,0,0.0000000000
75,40,2,0,0.0000000000
75,40,3,0,0.0000000000
75,41,1,0,0.0000000000
75,41,2,0,0.0000000000
75,41,3,0,0.0000000000
75,42,1,0,0.0000000000
75,42,2,0,0.0000000000
75,42,3,0,0.0000000000
75,43,1,0,0.0000000000
75,43,2,0,0.0000000000
75,43,3,0,0.0000000000
75,44,1,0,0.0000000000
75,44,2,0,0.0000000000
75,44,3,0,0.0000000000
75,45,1,0,0.0000000000
75,45,2,0,0.0000000000
75,45,3,0,0.0000000000
75,46,1,0,0.0000000000
75,46,2,0,0.0000000000
75,46,3,0,0.0000000000
75,47,1,0,0.0000000000
75,47,2,0,0.0000000000
75,47,3,0,0.0000000000
75,48,1,0,0.0000000000
75,48,2,0,0.0000000000
75,48,3,0,0.0000000000
75,49,1,0,0.0000000000
75,49,2,0,0.0000000000
75,49,3,0,0.0000000000
75,50,1,0,0.0000000000
75,50,2,0,0.0000000000
75,50,3,0,0.0000000000
75,51,1,0,0.0000000000
75,51,2,0,0.0000000000
75,51,3,0,0.0000000000
75,52,1,0,0.0000000000
75,52,2,0,0.0000000000
75,52,3,0,0.0000000000
75,53,1,0,0.0000000000
75,53,2,0,0.0000000000
75,53,3,0,0.0000000000
75,54,1,0,0.0000000000
75,54,2,0,0.0000000000
75,54,3,0,0.0000000000
75,55,1,0,0.0000000000
75,55,2,0,0.0000000000
75,55,3,0,0.0000000000
75,56,1,0,0.0000000000
75,56,2,0,0.0000000000
75,56,3,0,0.0000000000
75,57,1,0,0.0000000000
75,57,2,0,0.0000000000
75,57,3,0,0.0000000000
75,58,1,0,0.0000000000
75,58,2,0,0.0000000000
75,58,3,0,0.0000000000
75,59,1,0,0.0000000000
75,59,2,0,0.0000000000
75,59,3,0,0.0000000000
75,60,1,0,0.0000000000
75,60,2,0,0.0000000000
75,60,3,0,0.0000000000
75,61,1,0,0.0000000000
75,61,2,0,0.0000000000
75,61,3,0,0.0000000000
75,62,1,0,0.0000000000
75,62,2,0,0.0000000000
75,62,3,0,0.0000000000
75,63,1,0,0.0000000000
75,63,2,0,0.0000000000
75,63,3,0,0.0000000000
75,64,1,0,0.0000000000
75,64,2,0,0.0000000000
75,64,3,0,0.0000000000
75,65,1,0,0.0000000000
75,65,2,0,0.0000000000
75,65,3,0,0.0000000000
75,66,1,0,0.0000000000
75,66,2,0,0.0000000000
75,66,3,0,0.0000000000
75,67,1,0,0.0000000000
75,67,2,0,0.0000000000
75,67,3,0,0.0000000000
75,68,1,0,0.0000000000
75,68,2,0,0.0000000000
75,68,3,0,0.0000000000
75,69,1,0,0.0000000000
75,69,2,0,0.0000000000
75,69,3,0,0.0000000000
75,70,1,0,0.0000000000
75,70,2,0,0.0000000000
75,70,3,0,0.0000000000
75,71,1,0,0.0000000000
75,71,2,0,0.0000000000
75,71,3,0,0.0000000000
75,72,1,0,0.0000000000
75,72,2,0,0.0000000000
75,72,3,0,0.0000000000
75,73,1,0,0.0000000000
75,73,2,0,0.0000000000
75,73,3,0,0.0000000000
75,74,1,0,0.0000000000
75,74,2,0,0.0000000000
75,74,3,0,0.0000000000
75,75,1,0,0.0000000000
75,75,2,0,0.0000000000
75,75,3,0,0.0000000000
75,76,1,0,0.0000000000
75,76,2,0,0.0000000000
75,76,3,0,0.0000000000
75,77,1,0,0.0000000000
75,77,2,0,0.0000000000
75,77,3,0,0.0000000000
75,78,1,0,0.0000000000
75,78,2,0,0.0000000000
75,78,3,0,0.0000000000
75,79,1,0,0.0000000000
75,79,2,0,0.0000000000
75,79,3,0,0.0000000000
75,80,1,0,0.0000000000
75,80,2,0,0.0000000000
75,80,3,0,0.0000000000
75,81,1,0,0.0000000000
75,81,2,0,0.0000000000
75,81,3,0,0.0000000000
75,82,1,0,0.0000000000
75,82,2,0,0.0000000000
75,82,3,0,0.0000000000
75,83,1,0,0.0000000000
75,83,2,0,0.0000000000
75,83,3,0,0.0000000000
75,84,1,0,0.0000000000
75,84,2,0,0.0000000000
75,84,3,0,0.0000000000
75,85,1,0,0.0000000000
75,85,2,0,0.0000000000
75,85,3,0,0.0000000000
75,86,1,0,0.0000000000
75,86,2,0,0.0000000000
75,86,3,0,0.0000000000
75,87,1,0,0.0000000000
75,87,2,0,0.0000000000
75,87,3,0,0.0000000000
75,88,1,0,0.0000000000
75,88,2,0,0.0000000000
75,88,3,0,0.0000000000
75,89,1,0,0.0000000000
75,89,2,0,0.0000000000
75,89,3,0,0.0000000000
75,90,1,0,0.0000000000
75,90,2,0,0.0000000000
75,90,3,0,0.0000000000
75,91,1,0,0.0000000000
75,91,2,0,0.0000000000
75,91,3,0,0.0000000000
75,92,1,0,0.0000000000
75,92,2,0,0.0000000000
75,92,3,0,0.0000000000
75,93,1,0,0.0000000000
75,93,2,0,0.0000000000
75,93,3,0,0.0000000000
75,94,1,0,0.0000000000
75,94,2,0,0.0000000000
75,94,3,0,0.0000000000
75,95,1,0,0.0000000000
75,95,2,0,0.0000000000
75,95,3,0,0.0000000000
75,96,1,0,0.0000000000
75,96,2,0,0.0000000000
75,96,3,0,0.0000000000
75,97,1,0,0.0000000000
75,97,2,0,0.0000000000
75,97,3,0,0.0000000000
75,98,1,0,0.0000000000
75,98,2,0,0.0000000000
75,98,3,0,0.0000000000
75,99,1,0,0.0000000000
75,99,2,0,0.0000000000
75,99,3,0,0.0000000000
75,100,1,0,0.0000000000
75,100,2,0,0.0000000000
75,100,3,0,0.0000000000
75,101,1,0,0.0000000000
75,101,2,0,0.0000000000
75,101,3,0,0.0000000000
75,102,1,0,0.0000000000
75,102,2,0,0.0000000000
75,102,3,0,0.0000000000
75,103,1,0,0.0000000000
75,103,2,0,0.0000000000
75,103,3,0,0.0000000000
75,104,1,0,0.0000000000
75,104,2,0,0.0000000000
75,104,3,0,0.0000000000
75,105,1,0,0.0000000000
75,105,2,0,0.0000000000
75,105,3,0,0.0000000000
75,106,1,0,0.0000000000
75,106,2,0,0.0000000000
75,106,3,0,0.0000000000
75,107,1,0,0.0000000000
75,107,2,0,0.0000000000
75,107,3,0,0.0000000000
75,108,1,0,0.0000000000
75,108,2,0,0.0000000000
75,108,3,0,0.0000000000
75,109,1,0,0.0000000000
75,109,2,0,0.0000000000
75,109,3,0,0.0000000000
75,110,1,0,0.0000000000
75,110,2,0,0.0000000000
75,110,3,0,0.0000000000
75,111,1,0,0.0000000000
75,111,2,0,0.0000000000
75,111,3,0,0.0000000000
75,112,1,0,0.0000000000
75,112,2,0,0.0000000000
75,112,3,0,0.0000000000
75,113,1,0,0.0000000000
75,113,2,0,0.0000000000
75,113,3,0,0.0000000000
75,114,1,0,0.0000000000
75,114,2,0,0.0000000000
75,114,3,0,0.0000000000
75,115,1,0,0.0000000000
75,115,2,0,0.0000000000
75,115,3,0,0.0000000000
75,116,1,0,0.0000000000
75,116,2,0,0.0000000000
75,116,3,0,0.0000000000
75,117,1,0,0.0000000000
75,117,2,0,0.0000000000
75,117,3,0,0.0000000000
75,118,1,0,0.0000000000
75,118,2,0,0.0000000000
75,118,3,0,0.0000000000
75,119,1,0,0.0000000000
75,119,2,0,0.0000000000
75,119,3,0,0.0000000000
75,120,1,0,0.0000000000
75,120,2,0,0.0000000000
75,120,3,0,0.0000000000
75,121,1,0,0.0000000000
75,121,2,0,0.0000000000
75,121,3,0,0.0000000000
75,122,1,0,0.0000000000
75,122,2,0,0.0000000000
75,122,3,0,0.0000000000
75,123,1,0,0.0000000000
75,123,2,0,0.0000000000
75,123,3,0,0.0000000000
75,124,1,0,0.0000000000
75,124,2,0,0.0000000000
75,124,3,0,0.0000000000
75,125,1,0,0.0000000000
75,125,2,0,0.0000000000
75,125,3,0,0.0000000000
75,126,1,0,0.0000000000
75,126,2,0,0.0000000000
75,126,3,0,0.0000000000
75,127,1,0,0.0000000000
75,127,2,0,0.0000000000
75,127,3,0,0.0000000000
75,128,1,0,0.0000000000
75,128,2,0,0.0000000000
75,128,3,0,0.0000000000
75,129,1,0,0.0000000000
75,129,2,0,0.0000000000
75,129,3,0,0.0000000000
75,130,1,0,0.0000000000
75,130,2,0,0.0000000000
75,130,3,0,0.0000000000
75,131,1,0,0.0000000000
75,131,2,0,0.0000000000
75,131,3,0,0.0000000000
75,132,1,0,0.0000000000
75,132,2,0,0.0000000000
75,132,3,0,0.0000000000
75,133,1,0,0.0000000000
75,133,2,0,0.0000000000
75,133,3,0,0.0000000000
75,134,1,0,0.0000000000
75,134,2,0,0.0000000000
75,134,3,0,0.0000000000
75,135,1,0,0.0000000000
75,135,2,0,0.0000000000
75,135,3,0,0.0000000000
75,136,1,0,0.0000000000
75,136,2,0,0.0000000000
75,136,3,0,0.0000000000
75,137,1,0,0.0000000000
75,137,2,0,0.0000000000
75,137,3,0,0.0000000000
75,138,1,0,0.0000000000
75,138,2,0,0.0000000000
75,138,3,0,0.0000000000
75,139,1,0,0.0000000000
75,139,2,0,0.0000000000
75,139,3,0,0.0000000000
75,140,1,0,0.0000000000
75,140,2,0,0.0000000000
75,140,3,0,0.0000000000
75,141,1,0,0.0000000000
75,141,2,0,0.0000000000
75,141,3,0,0.0000000000
75,142,1,0,0.0000000000
75,142,2,0,0.0000000000
75,142,3,0,0.0000000000
75,143,1,0,0.0000000000
75,143,2,0,0.0000000000
75,143,3,0,0.0000000000
75,144,1,0,0.0000000000
75,144,2,0,0.0000000000
75,144,3,0,0.0000000000
75,145,1,0,0.0000000000
75,145,2,0,0.0000000000
75,145,3,0,0.0000000000
75,146,1,0,0.0000000000
75,146,2,0,0.0000000000
75,146,3,0,0.0000000000
75,147,1,0,0.0000000000
75,147,2,0,0.0000000000
75,147,3,0,0.0000000000
75,148,1,0,0.0000000000
75,148,2,0,0.0000000000
75,148,3,0,0.0000000000
75,149,1,0,0.0000000000
75,149,2,0,0.0000000000
75,149,3,0,0.0000000000
75,150,1,0,0.0000000000
75,150,2,0,0.0000000000
75,150,3,0,0.0000000000
75,151,1,0,0.0000000000
75,151,2,0,0.0000000000
75,151,3,0,0.0000000000
75,152,1,0,0.0000000000
75,152,2,0,0.0000000000
75,152,3,0,0.0000000000
75,153,1,0,0.0000000000
75,153,2,0,0.0000000000
75,153,3,0,0.0000000000
75,154,1,0,0.0000000000
75,154,2,0,0.0000000000
75,154,3,0,0.0000000000
75,155,1,0,0.0000000000
75,155,2,0,0.0000000000
75,155,3,0,0.0000000000
75,156,1,0,0.0000000000
75,156,2,0,0.0000000000
75,156,3,0,0.0000000000
75,157,1,0,0.0000000000
75,157,2,0,0.0000000000
75,157,3,0,0.0000000000
75,158,1,0,0.0000000000
75,158,2,0,0.0000000000
75,158,3,0,0.0000000000
75,159,1,0,0.0000000000
75,159,2,0,0.0000000000
75,159,3,0,0.0000000000
75,160,1,0,0.0000000000
75,160,2,0,0.0000000000
75,160,3,0,0.0000000000
75,161,1,0,0.0000000000
75,161,2,0,0.0000000000
75,161,3,0,0.0000000000
75,162,1,0,0.0000000000
75,162,2,0,0.0000000000
75,162,3,0,0.0000000000
75,163,1,0,0.0000000000
75,163,2,0,0.0000000000
75,163,3,0,0.0000000000
75,164,1,0,0.0000000000
75,164,2,0,0.0000000000
75,164,3,0,0.0000000000
75,165,1,0,0.0000000000
75,165,2,0,0.0000000000
75,165,3,0,0.0000000000
75,166,1,0,0.0000000000
75,166,2,0,0.0000000000
75,166,3,0,0.0000000000
75,167,1,0,0.0000000000
75,167,2,0,0.0000000000
75,167,3,0,0.0000000000
75,168,1,0,0.0000000000
75,168,2,0,0.0000000000
75,168,3,0,0.0000000000
78,1,1,0,0.0000000000
78,1,2,0,0.0000000000
78,1,3,0,0.0000000000
78,2,1,0,0.0000000000
78,2,2,0,0.0000000000
78,2,3,0,0.0000000000
78,3,1,0,0.0000000000
78,3,2,0,0.0000000000
78,3,3,0,0.0000000000
78,4,1,0,0.0000000000
78,4,2,0,0.0000000000
78,4,3,0,0.0000000000
78,5,1,0,0.0000000000
78,5,2,0,0.0000000000
78,5,3,0,0.0000000000
78,6,1,0,0.0000000000
78,6,2,0,0.0000000000
78,6,3,0,0.0000000000
78,7,1,0,0.0000000000
78,7,2,0,0.0000000000
78,7,3,0,0.0000000000
78,8,1,0,0.0000000000
78,8,2,0,0.0000000000
78,8,3,0,0.0000000000
78,9,1,0,0.0000000000
78,9,2,0,0.0000000000
78,9,3,0,0.0000000000
78,10,1,0,0.0000000000
78,10,2,0,0.0000000000
78,10,3,0,0.0000000000
78,11,1,0,0.0000000000
78,11,2,0,0.0000000000
78,11,3,0,0.0000000000
78,12,1,0,0.0000000000
78,12,2,0,0.0000000000
78,12,3,0,0.0000000000
78,13,1,0,0.0000000000
78,13,2,0,0.0000000000
78,13,3,0,0.0000000000
78,14,1,0,0.0000000000
78,14,2,0,0.0000000000
78,14,3,0,0.0000000000
78,15,1,0,0.0000000000
78,15,2,0,0.0000000000
78,15,3,0,0.0000000000
78,16,1,0,0.0000000000
78,16,2,0,0.0000000000
78,16,3,0,0.0000000000
78,17,1,0,0.0000000000
78,17,2,0,0.0000000000
78,17,3,0,0.0000000000
78,18,1,0,0.0000000000
78,18,2,0,0.0000000000
78,18,3,0,0.0000000000
78,19,1,0,0.0000000000
78,19,2,0,0.0000000000
78,19,3,0,0.0000000000
78,20,1,0,0.0000000000
78,20,2,0,0.0000000000
78,20,3,0,0.0000000000
78,21,1,0,0.0000000000
78,21,2,0,0.0000000000
78,21,3,0,0.0000000000
78,22,1,0,0.0000000000
78,22,2,0,0.0000000000
78,22,3,0,0.0000000000
78,23,1,0,0.0000000000
78,23,2,0,0.0000000000
78,23,3,0,0.0000000000
78,24,1,0,0.0000000000
78,24,2,0,0.0000000000
78,24,3,0,0.0000000000
78,25,1,0,0.0000000000
78,25,2,0,0.0000000000
78,25,3,0,0.0000000000
78,26,1,0,0.0000000000
78,26,2,0,0.0000000000
78,26,3,0,0.0000000000
78,27,1,0,0.0000000000
78,27,2,0,0.0000000000
78,27,3,0,0.0000000000
78,28,1,0,0.0000000000
78,28,2,0,0.0000000000
78,28,3,0,0.0000000000
78,29,1,0,0.0000000000
78,29,2,0,0.0000000000
78,29,3,0,0.0000000000
78,30,1,0,0.0000000000
78,30,2,0,0.0000000000
78,30,3,0,0.0000000000
78,31,1,0,0.0000000000
78,31,2,0,0.0000000000
78,31,3,0,0.0000000000
78,32,1,0,0.0000000000
78,32,2,0,0.0000000000
78,32,3,0,0.0000000000
78,33,1,0,0.0000000000
78,33,2,0,0.0000000000
78,33,3,0,0.0000000000
78,34,1,0,0.0000000000
78,34,2,0,0.0000000000
78,34,3,0,0.0000000000
78,35,1,0,0.0000000000
78,35,2,0,0.0000000000
78,35,3,0,0.0000000000
78,36,1,0,0.0000000000
78,36,2,0,0.0000000000
78,36,3,0,0.0000000000
78,37,1,0,0.0000000000
78,37,2,0,0.0000000000
78,37,3,0,0.0000000000
78,38,1,0,0.0000000000
78,38,2,0,0.0000000000
78,38,3,0,0.0000000000
78,39,1,0,0.0000000000
78,39,2,0,0.0000000000
78,39,3,0,0.0000000000
78,40,1,0,0.0000000000
78,40,2,0,0.0000000000
78,40,3,0,0.0000000000
78,41,1,0,0.0000000000
78,41,2,0,0.0000000000
78,41,3,0,0.0000000000
78,42,1,0,0.0000000000
78,42,2,0,0.0000000000
78,42,3,0,0.0000000000
78,43,1,0,0.0000000000
78,43,2,0,0.0000000000
78,43,3,0,0.0000000000
78,44,1,0,0.0000000000
78,44,2,0,0.0000000000
78,44,3,0,0.0000000000
78,45,1,0,0.0000000000
78,45,2,0,0.0000000000
78,45,3,0,0.0000000000
78,46,1,0,0.0000000000
78,46,2,0,0.0000000000
78,46,3,0,0.0000000000
78,47,1,0,0.0000000000
78,47,2,0,0.0000000000
78,47,3,0,0.0000000000
78,48,1,0,0.0000000000
78,48,2,0,0.0000000000
78,48,3,0,0.0000000000
78,49,1,0,0.0000000000
78,49,2,0,0.0000000000
78,49,3,0,0.0000000000
78,50,1,0,0.0000000000
78,50,2,0,0.0000000000
78,50,3,0,0.0000000000
78,51,1,0,0.0000000000
78,51,2,0,0.0000000000
78,51,3,0,0.0000000000
78,52,1,0,0.0000000000
78,52,2,0,0.0000000000
78,52,3,0,0.0000000000
78,53,1,0,0.0000000000
78,53,2,0,0.0000000000
78,53,3,0,0.0000000000
78,54,1,0,0.0000000000
78,54,2,0,0.0000000000
78,54,3,0,0.0000000000
78,55,1,0,0.0000000000
78,55,2,0,0.0000000000
78,55,3,0,0.0000000000
78,56,1,0,0.0000000000
78,56,2,0,0.0000000000
78,56,3,0,0.0000000000
78,57,1,0,0.0000000000
78,57,2,0,0.0000000000
78,57,3,0,0.0000000000
78,58,1,0,0.0000000000
78,58,2,0,0.0000000000
78,58,3,0,0.0000000000
78,59,1,0,0.0000000000
78,59,2,0,0.0000000000
78,59,3,0,0.0000000000
78,60,1,0,0.0000000000
78,60,2,0,0.0000000000
78,60,3,0,0.0000000000
78,61,1,0,0.0000000000
78,61,2,0,0.0000000000
78,61,3,0,0.0000000000
78,62,1,0,0.0000000000
78,62,2,0,0.0000000000
78,62,3,0,0.0000000000
78,63,1,0,0.0000000000
78,63,2,0,0.0000000000
78,63,3,0,0.0000000000
78,64,1,0,0.0000000000
78,64,2,0,0.0000000000
78,64,3,0,0.0000000000
78,65,1,0,0.0000000000
78,65,2,0,0.0000000000
78,65,3,0,0.0000000000
78,66,1,0,0.0000000000
78,66,2,0,0.0000000000
78,66,3,0,0.0000000000
78,67,1,0,0.0000000000
78,67,2,0,0.0000000000
78,67,3,0,0.0000000000
78,68,1,0,0.0000000000
78,68,2,0,0.0000000000
78,68,3,0,0.0000000000
78,69,1,0,0.0000000000
78,69,2,0,0.0000000000
78,69,3,0,0.0000000000
78,70,1,0,0.0000000000
78,70,2,0,0.0000000000
78,70,3,0,0.0000000000
78,71,1,0,0.0000000000
78,71,2,0,0.0000000000
78,71,3,0,0.0000000000
78,72,1,0,0.0000000000
78,72,2,0,0.0000000000
78,72,3,0,0.0000000000
78,73,1,0,0.0000000000
78,73,2,0,0.0000000000
78,73,3,0,0.0000000000
78,74,1,0,0.0000000000
78,74,2,0,0.0000000000
78,74,3,0,0.0000000000
78,75,1,0,0.0000000000
78,75,2,0,0.0000000000
78,75,3,0,0.0000000000
78,76,1,0,0.0000000000
78,76,2,0,0.0000000000
78,76,3,0,0.0000000000
78,77,1,0,0.0000000000
78,77,2,0,0.0000000000
78,77,3,0,0.0000000000
78,78,1,0,0.0000000000
78,78,2,0,0.0000000000
78,78,3,0,0.0000000000
78,79,1,0,0.0000000000
78,79,2,0,0.0000000000
78,79,3,0,0.0000000000
78,80,1,0,0.0000000000
78,80,2,0,0.0000000000
78,80,3,0,0.0000000000
78,81,1,0,0.0000000000
78,81,2,0,0.0000000000
78,81,3,0,0.0000000000
78,82,1,0,0.0000000000
78,82,2,0,0.0000000000
78,82,3,0,0.0000000000
78,83,1,0,0.0000000000
78,83,2,0,0.0000000000
78,83,3,0,0.0000000000
78,84,1,0,0.0000000000
78,84,2,0,0.0000000000
78,84,3,0,0.0000000000
78,85,1,0,0.0000000000
78,85,2,0,0.0000000000
78,85,3,0,0.0000000000
78,86,1,0,0.0000000000
78,86,2,0,0.0000000000
78,86,3,0,0.0000000000
78,87,1,0,0.0000000000
78,87,2,0,0.0000000000
78,87,3,0,0.0000000000
78,88,1,0,0.0000000000
78,88,2,0,0.0000000000
78,88,3,0,0.0000000000
78,89,1,0,0.0000000000
78,89,2,0,0.0000000000
78,89,3,0,0.0000000000
78,90,1,0,0.0000000000
78,90,2,0,0.0000000000
78,90,3,0,0.0000000000
78,91,1,0,0.0000000000
78,91,2,0,0.0000000000
78,91,3,0,0.0000000000
78,92,1,0,0.0000000000
78,92,2,0,0.0000000000
78,92,3,0,0.0000000000
78,93,1,0,0.0000000000
78,93,2,0,0.0000000000
78,93,3,0,0.0000000000
78,94,1,0,0.0000000000
78,94,2,0,0.0000000000
78,94,3,0,0.0000000000
78,95,1,0,0.0000000000
78,95,2,0,0.0000000000
78,95,3,0,0.0000000000
78,96,1,0,0.0000000000
78,96,2,0,0.0000000000
78,96,3,0,0.0000000000
78,97,1,0,0.0000000000
78,97,2,0,0.0000000000
78,97,3,0,0.0000000000
78,98,1,0,0.0000000000
78,98,2,0,0.0000000000
78,98,3,0,0.0000000000
78,99,1,0,0.0000000000
78,99,2,0,0.0000000000
78,99,3,0,0.0000000000
78,100,1,0,0.0000000000
78,100,2,0,0.0000000000
78,100,3,0,0.0000000000
78,101,1,0,0.0000000000
78,101,2,0,0.0000000000
78,101,3,0,0.0000000000
78,102,1,0,0.0000000000
78,102,2,0,0.0000000000
78,102,3,0,0.0000000000
78,103,1,0,0.0000000000
78,103,2,0,0.0000000000
78,103,3,0,0.0000000000
78,104,1,0,0.0000000000
78,104,2,0,0.0000000000
78,104,3,0,0.0000000000
78,105,1,0,0.0000000000
78,105,2,0,0.0000000000
78,105,3,0,0.0000000000
78,106,1,0,0.0000000000
78,106,2,0,0.0000000000
78,106,3,0,0.0000000000
78,107,1,0,0.0000000000
78,107,2,0,0.0000000000
78,107,3,0,0.0000000000
78,108,1,0,0.0000000000
78,108,2,0,0.0000000000
78,108,3,0,0.0000000000
78,109,1,0,0.0000000000
78,109,2,0,0.0000000000
78,109,3,0,0.0000000000
78,110,1,0,0.0000000000
78,110,2,0,0.0000000000
78,110,3,0,0.0000000000
78,111,1,0,0.0000000000
78,111,2,0,0.0000000000
78,111,3,0,0.0000000000
78,112,1,0,0.0000000000
78,112,2,0,0.0000000000
78,112,3,0,0.0000000000
78,113,1,0,0.0000000000
78,113,2,0,0.0000000000
78,113,3,0,0.0000000000
78,114,1,0,0.0000000000
78,114,2,0,0.0000000000
78,114,3,0,0.0000000000
78,115,1,0,0.0000000000
78,115,2,0,0.0000000000
78,115,3,0,0.0000000000
78,116,1,0,0.0000000000
78,116,2,0,0.0000000000
78,116,3,0,0.0000000000
78,117,1,0,0.0000000000
78,117,2,0,0.0000000000
78,117,3,0,0.0000000000
78,118,1,0,0.0000000000
78,118,2,0,0.0000000000
78,118,3,0,0.0000000000
78,119,1,0,0.0000000000
78,119,2,0,0.0000000000
78,119,3,0,0.0000000000
78,120,1,0,0.0000000000
78,120,2,0,0.0000000000
78,120,3,0,0.0000000000
78,121,1,0,0.0000000000
78,121,2,0,0.0000000000
78,121,3,0,0.0000000000
78,122,1,0,0.0000000000
78,122,2,0,0.0000000000
78,122,3,0,0.0000000000
78,123,1,0,0.0000000000
78,123,2,0,0.0000000000
78,123,3,0,0.0000000000
78,124,1,0,0.0000000000
78,124,2,0,0.0000000000
78,124,3,0,0.0000000000
78,125,1,0,0.0000000000
78,125,2,0,0.0000000000
78,125,3,0,0.0000000000
78,126,1,0,0.0000000000
78,126,2,0,0.0000000000
78,126,3,0,0.0000000000
78,127,1,0,0.0000000000
78,127,2,0,0.0000000000
78,127,3,0,0.0000000000
78,128,1,0,0.0000000000
78,128,2,0,0.0000000000
78,128,3,0,0.0000000000
78,129,1,0,0.0000000000
78,129,2,0,0.0000000000
78,129,3,0,0.0000000000
78,130,1,0,0.0000000000
78,130,2,0,0.0000000000
78,130,3,0,0.0000000000
78,131,1,0,0.0000000000
78,131,2,0,0.0000000000
78,131,3,0,0.0000000000
78,132,1,0,0.0000000000
78,132,2,0,0.0000000000
78,132,3,0,0.0000000000
78,133,1,0,0.0000000000
78,133,2,0,0.0000000000
78,133,3,0,0.0000000000
78,134,1,0,0.0000000000
78,134,2,0,0.0000000000
78,134,3,0,0.0000000000
78,135,1,0,0.0000000000
78,135,2,0,0.0000000000
78,135,3,0,0.0000000000
78,136,1,0,0.0000000000
78,136,2,0,0.0000000000
78,136,3,0,0.0000000000
78,137,1,0,0.0000000000
78,137,2,0,0.0000000000
78,137,3,0,0.0000000000
78,138,1,0,0.0000000000
78,138,2,0,0.0000000000
78,138,3,0,0.0000000000
78,139,1,0,0.0000000000
78,139,2,0,0.0000000000
78,139,3,0,0.0000000000
78,140,1,0,0.0000000000
78,140,2,0,0.0000000000
78,140,3,0,0.0000000000
78,141,1,0,0.0000000000
78,141,2,0,0.0000000000
78,141,3,0,0.0000000000
78,142,1,0,0.0000000000
78,142,2,0,0.0000000000
78,142,3,0,0.0000000000
78,143,1,0,0.0000000000
78,143,2,0,0.0000000000
78,143,3,0,0.0000000000
78,144,1,0,0.0000000000
78,144,2,0,0.0000000000
78,144,3,0,0.0000000000
78,145,1,0,0.0000000000
78,145,2,0,0.0000000000
78,145,3,0,0.0000000000
78,146,1,0,0.0000000000
78,146,2,0,0.0000000000
78,146,3,0,0.0000000000
78,147,1,0,0.0000000000
78,147,2,0,0.0000000000
78,147,3,0,0.0000000000
78,148,1,0,0.0000000000
78,148,2,0,0.0000000000
78,148,3,0,0.0000000000
78,149,1,0,0.0000000000
78,149,2,0,0.0000000000
78,149,3,0,0.0000000000
78,150,1,0,0.0000000000
78,150,2,0,0.0000000000
78,150,3,0,0.0000000000
78,151,1,0,0.0000000000
78,151,2,0,0.0000000000
78,151,3,0,0.0000000000
78,152,1,0,0.0000000000
78,152,2,0,0.0000000000
78,152,3,0,0.0000000000
78,153,1,0,0.0000000000
78,153,2,0,0.0000000000
78,153,3,0,0.0000000000
78,154,1,0,0.0000000000
78,154,2,0,0.0000000000
78,154,3,0,0.0000000000
78,155,1,0,0.0000000000
78,155,2,0,0.0000000000
78,155,3,0,0.0000000000
78,156,1,0,0.0000000000
78,156,2,0,0.0000000000
78,156,3,0,0.0000000000
78,157,1,0,0.0000000000
78,157,2,0,0.0000000000
78,157,3,0,0.0000000000
78,158,1,0,0.0000000000
78,158,2,0,0.0000000000
78,158,3,0,0.0000000000
78,159,1,0,0.0000000000
78,159,2,0,0.0000000000
78,159,3,0,0.0000000000
78,160,1,0,0.0000000000
78,160,2,0,0.0000000000
78,160,3,0,0.0000000000
78,161,1,0,0.0000000000
78,161,2,0,0.0000000000
78,161,3,0,0.0000000000
78,162,1,0,0.0000000000
78,162,2,0,0.0000000000
78,162,3,0,0.0000000000
78,163,1,0,0.0000000000
78,163,2,0,0.0000000000
78,163,3,0,0.0000000000
78,164,1,0,0.0000000000
78,164,2,0,0.0000000000
78,164,3,0,0.0000000000
78,165,1,0,0.0000000000
78,165,2,0,0.0000000000
78,165,3,0,0.0000000000
78,166,1,0,0.0000000000
78,166,2,0,0.0000000000
78,166,3,0,0.0000000000
78,167,1,0,0.0000000000
78,167,2,0,0.0000000000
78,167,3,0,0.0000000000
78,168,1,0,0.0000000000
78,168,2,0,0.0000000000
78,168,3,0,0.0000000000
79,1,1,0,0.0000000000
79,1,2,0,0.0000000000
79,1,3,0,0.0000000000
79,2,1,0,0.0000000000
79,2,2,0,0.0000000000
79,2,3,0,0.0000000000
79,3,1,0,0.0000000000
79,3,2,0,0.0000000000
79,3,3,0,0.0000000000
79,4,1,0,0.0000000000
79,4,2,0,0.0000000000
79,4,3,0,0.0000000000
79,5,1,0,0.0000000000
79,5,2,0,0.0000000000
79,5,3,0,0.0000000000
79,6,1,0,0.0000000000
79,6,2,0,0.0000000000
79,6,3,0,0.0000000000
79,7,1,0,0.0000000000
79,7,2,0,0.0000000000
79,7,3,0,0.0000000000
79,8,1,0,0.0000000000
79,8,2,0,0.0000000000
79,8,3,0,0.0000000000
79,9,1,0,0.0000000000
79,9,2,0,0.0000000000
79,9,3,0,0.0000000000
79,10,1,0,0.0000000000
79,10,2,0,0.0000000000
79,10,3,0,0.0000000000
79,11,1,0,0.0000000000
79,11,2,0,0.0000000000
79,11,3,0,0.0000000000
79,12,1,0,0.0000000000
79,12,2,0,0.0000000000
79,12,3,0,0.0000000000
79,13,1,0,0.0000000000
79,13,2,0,0.0000000000
79,13,3,0,0.0000000000
79,14,1,0,0.0000000000
79,14,2,0,0.0000000000
79,14,3,0,0.0000000000
79,15,1,0,0.0000000000
79,15,2,0,0.0000000000
79,15,3,0,0.0000000000
79,16,1,0,0.0000000000
79,16,2,0,0.0000000000
79,16,3,0,0.0000000000
79,17,1,0,0.0000000000
79,17,2,0,0.0000000000
79,17,3,0,0.0000000000
79,18,1,0,0.0000000000
79,18,2,0,0.0000000000
79,18,3,0,0.0000000000
79,19,1,0,0.0000000000
79,19,2,0,0.0000000000
79,19,3,0,0.0000000000
79,20,1,0,0.0000000000
79,20,2,0,0.0000000000
79,20,3,0,0.0000000000
79,21,1,0,0.0000000000
79,21,2,0,0.0000000000
79,21,3,0,0.0000000000
79,22,1,0,0.0000000000
79,22,2,0,0.0000000000
79,22,3,0,0.0000000000
79,23,1,0,0.0000000000
79,23,2,0,0.0000000000
79,23,3,0,0.0000000000
79,24,1,0,0.0000000000
79,24,2,0,0.0000000000
79,24,3,0,0.0000000000
79,25,1,0,0.0000000000
79,25,2,0,0.0000000000
79,25,3,0,0.0000000000
79,26,1,0,0.0000000000
79,26,2,0,0.0000000000
79,26,3,0,0.0000000000
79,27,1,0,0.0000000000
79,27,2,0,0.0000000000
79,27,3,0,0.0000000000
79,28,1,0,0.0000000000
79,28,2,0,0.0000000000
79,28,3,0,0.0000000000
79,29,1,0,0.0000000000
79,29,2,0,0.0000000000
79,29,3,0,0.0000000000
79,30,1,0,0.0000000000
79,30,2,0,0.0000000000
79,30,3,0,0.0000000000
79,31,1,0,0.0000000000
79,31,2,0,0.0000000000
79,31,3,0,0.0000000000
79,32,1,0,0.0000000000
79,32,2,0,0.0000000000
79,32,3,0,0.0000000000
79,33,1,0,0.0000000000
79,33,2,0,0.0000000000
79,33,3,0,0.0000000000
79,34,1,0,0.0000000000
79,34,2,0,0.0000000000
79,34,3,0,0.0000000000
79,35,1,0,0.0000000000
79,35,2,0,0.0000000000
79,35,3,0,0.0000000000
79,36,1,0,0.0000000000
79,36,2,0,0.0000000000
79,36,3,0,0.0000000000
79,37,1,0,0.0000000000
79,37,2,0,0.0000000000
79,37,3,0,0.0000000000
79,38,1,0,0.0000000000
79,38,2,0,0.0000000000
79,38,3,0,0.0000000000
79,39,1,0,0.0000000000
79,39,2,0,0.0000000000
79,39,3,0,0.0000000000
79,40,1,0,0.0000000000
79,40,2,0,0.0000000000
79,40,3,0,0.0000000000
79,41,1,0,0.0000000000
79,41,2,0,0.0000000000
79,41,3,0,0.0000000000
79,42,1,0,0.0000000000
79,42,2,0,0.0000000000
79,42,3,0,0.0000000000
79,43,1,0,0.0000000000
79,43,2,0,0.0000000000
79,43,3,0,0.0000000000
79,44,1,0,0.0000000000
79,44,2,0,0.0000000000
79,44,3,0,0.0000000000
79,45,1,0,0.0000000000
79,45,2,0,0.0000000000
79,45,3,0,0.0000000000
79,46,1,0,0.0000000000
79,46,2,0,0.0000000000
79,46,3,0,0.0000000000
79,47,1,0,0.0000000000
79,47,2,0,0.0000000000
79,47,3,0,0.0000000000
79,48,1,0,0.0000000000
79,48,2,0,0.0000000000
79,48,3,0,0.0000000000
79,49,1,0,0.0000000000
79,49,2,0,0.0000000000
79,49,3,0,0.0000000000
79,50,1,0,0.0000000000
79,50,2,0,0.0000000000
79,50,3,0,0.0000000000
79,51,1,0,0.0000000000
79,51,2,0,0.0000000000
79,51,3,0,0.0000000000
79,52,1,0,0.0000000000
79,52,2,0,0.0000000000
79,52,3,0,0.0000000000
79,53,1,0,0.0000000000
79,53,2,0,0.0000000000
79,53,3,0,0.0000000000
79,54,1,0,0.0000000000
79,54,2,0,0.0000000000
79,54,3,0,0.0000000000
79,55,1,0,0.0000000000
79,55,2,0,0.0000000000
79,55,3,0,0.0000000000
79,56,1,0,0.0000000000
79,56,2,0,0.0000000000
79,56,3,0,0.0000000000
79,57,1,0,0.0000000000
79,57,2,0,0.0000000000
79,57,3,0,0.0000000000
79,58,1,0,0.0000000000
79,58,2,0,0.0000000000
79,58,3,0,0.0000000000
79,59,1,0,0.0000000000
79,59,2,0,0.0000000000
79,59,3,0,0.0000000000
79,60,1,0,0.0000000000
79,60,2,0,0.0000000000
79,60,3,0,0.0000000000
79,61,1,0,0.0000000000
79,61,2,0,0.0000000000
79,61,3,0,0.0000000000
79,62,1,0,0.0000000000
79,62,2,0,0.0000000000
79,62,3,0,0.0000000000
79,63,1,0,0.0000000000
79,63,2,0,0.0000000000
79,63,3,0,0.0000000000
79,64,1,0,0.0000000000
79,64,2,0,0.0000000000
79,64,3,0,0.0000000000
79,65,1,0,0.0000000000
79,65,2,0,0.0000000000
79,65,3,0,0.0000000000
79,66,1,0,0.0000000000
79,66,2,0,0.0000000000
79,66,3,0,0.0000000000
79,67,1,0,0.0000000000
79,67,2,0,0.0000000000
79,67,3,0,0.0000000000
79,68,1,0,0.0000000000
79,68,2,0,0.0000000000
79,68,3,0,0.0000000000
79,69,1,0,0.0000000000
79,69,2,0,0.0000000000
79,69,3,0,0.0000000000
79,70,1,0,0.0000000000
79,70,2,0,0.0000000000
79,70,3,0,0.0000000000
79,71,1,0,0.0000000000
79,71,2,0,0.0000000000
79,71,3,0,0.0000000000
79,72,1,0,0.0000000000
79,72,2,0,0.0000000000
79,72,3,0,0.0000000000
79,73,1,0,0.0000000000
79,73,2,0,0.0000000000
79,73,3,0,0.0000000000
79,74,1,0,0.0000000000
79,74,2,0,0.0000000000
79,74,3,0,0.0000000000
79,75,1,0,0.0000000000
79,75,2,0,0.0000000000
79,75,3,0,0.0000000000
79,76,1,0,0.0000000000
79,76,2,0,0.0000000000
79,76,3,0,0.0000000000
79,77,1,0,0.0000000000
79,77,2,0,0.0000000000
79,77,3,0,0.0000000000
79,78,1,0,0.0000000000
79,78,2,0,0.0000000000
79,78,3,0,0.0000000000
79,79,1,0,0.0000000000
79,79,2,0,0.0000000000
79,79,3,0,0.0000000000
79,80,1,0,0.0000000000
79,80,2,0,0.0000000000
79,80,3,0,0.0000000000
79,81,1,0,0.0000000000
79,81,2,0,0.0000000000
79,81,3,0,0.0000000000
79,82,1,0,0.0000000000
79,82,2,0,0.0000000000
79,82,3,0,0.0000000000
79,83,1,0,0.0000000000
79,83,2,0,0.0000000000
79,83,3,0,0.0000000000
79,84,1,0,0.0000000000
79,84,2,0,0.0000000000
79,84,3,0,0.0000000000
79,85,1,0,0.0000000000
79,85,2,0,0.0000000000
79,85,3,0,0.0000000000
79,86,1,0,0.0000000000
79,86,2,0,0.0000000000
79,86,3,0,0.0000000000
79,87,1,0,0.0000000000
79,87,2,0,0.0000000000
79,87,3,0,0.0000000000
79,88,1,0,0.0000000000
79,88,2,0,0.0000000000
79,88,3,0,0.0000000000
79,89,1,0,0.0000000000
79,89,2,0,0.0000000000
79,89,3,0,0.0000000000
79,90,1,0,0.0000000000
79,90,2,0,0.0000000000
79,90,3,0,0.0000000000
79,91,1,0,0.0000000000
79,91,2,0,0.0000000000
79,91,3,0,0.0000000000
79,92,1,0,0.0000000000
79,92,2,0,0.0000000000
79,92,3,0,0.0000000000
79,93,1,0,0.0000000000
79,93,2,0,0.0000000000
79,93,3,0,0.0000000000
79,94,1,0,0.0000000000
79,94,2,0,0.0000000000
79,94,3,0,0.0000000000
79,95,1,0,0.0000000000
79,95,2,0,0.0000000000
79,95,3,0,0.0000000000
79,96,1,0,0.0000000000
79,96,2,0,0.0000000000
79,96,3,0,0.0000000000
79,97,1,0,0.0000000000
79,97,2,0,0.0000000000
79,97,3,0,0.0000000000
79,98,1,0,0.0000000000
79,98,2,0,0.0000000000
79,98,3,0,0.0000000000
79,99,1,0,0.0000000000
79,99,2,0,0.0000000000
79,99,3,0,0.0000000000
79,100,1,0,0.0000000000
79,100,2,0,0.0000000000
79,100,3,0,0.0000000000
79,101,1,0,0.0000000000
79,101,2,0,0.0000000000
79,101,3,0,0.0000000000
79,102,1,0,0.0000000000
79,102,2,0,0.0000000000
79,102,3,0,0.0000000000
79,103,1,0,0.0000000000
79,103,2,0,0.0000000000
79,103,3,0,0.0000000000
79,104,1,0,0.0000000000
79,104,2,0,0.0000000000
79,104,3,0,0.0000000000
79,105,1,0,0.0000000000
79,105,2,0,0.0000000000
79,105,3,0,0.0000000000
79,106,1,0,0.0000000000
79,106,2,0,0.0000000000
79,106,3,0,0.0000000000
79,107,1,0,0.0000000000
79,107,2,0,0.0000000000
79,107,3,0,0.0000000000
79,108,1,0,0.0000000000
79,108,2,0,0.0000000000
79,108,3,0,0.0000000000
79,109,1,0,0.0000000000
79,109,2,0,0.0000000000
79,109,3,0,0.0000000000
79,110,1,0,0.0000000000
79,110,2,0,0.0000000000
79,110,3,0,0.0000000000
79,111,1,0,0.0000000000
79,111,2,0,0.0000000000
79,111,3,0,0.0000000000
79,112,1,0,0.0000000000
79,112,2,0,0.0000000000
79,112,3,0,0.0000000000
79,113,1,0,0.0000000000
79,113,2,0,0.0000000000
79,113,3,0,0.0000000000
79,114,1,0,0.0000000000
79,114,2,0,0.0000000000
79,114,3,0,0.0000000000
79,115,1,0,0.0000000000
79,115,2,0,0.0000000000
79,115,3,0,0.0000000000
79,116,1,0,0.0000000000
79,116,2,0,0.0000000000
79,116,3,0,0.0000000000
79,117,1,0,0.0000000000
79,117,2,0,0.0000000000
79,117,3,0,0.0000000000
79,118,1,0,0.0000000000
79,118,2,0,0.0000000000
79,118,3,0,0.0000000000
79,119,1,0,0.0000000000
79,119,2,0,0.0000000000
79,119,3,0,0.0000000000
79,120,1,0,0.0000000000
79,120,2,0,0.0000000000
79,120,3,0,0.0000000000
79,121,1,0,0.0000000000
79,121,2,0,0.0000000000
79,121,3,0,0.0000000000
79,122,1,0,0.0000000000
79,122,2,0,0.0000000000
79,122,3,0,0.0000000000
79,123,1,0,0.0000000000
79,123,2,0,0.0000000000
79,123,3,0,0.0000000000
79,124,1,0,0.0000000000
79,124,2,0,0.0000000000
79,124,3,0,0.0000000000
79,125,1,0,0.0000000000
79,125,2,0,0.0000000000
79,125,3,0,0.0000000000
79,126,1,0,0.0000000000
79,126,2,0,0.0000000000
79,126,3,0,0.0000000000
79,127,1,0,0.0000000000
79,127,2,0,0.0000000000
79,127,3,0,0.0000000000
79,128,1,0,0.0000000000
79,128,2,0,0.0000000000
79,128,3,0,0.0000000000
79,129,1,0,0.0000000000
79,129,2,0,0.0000000000
79,129,3,0,0.0000000000
79,130,1,0,0.0000000000
79,130,2,0,0.0000000000
79,130,3,0,0.0000000000
79,131,1,0,0.0000000000
79,131,2,0,0.0000000000
79,131,3,0,0.0000000000
79,132,1,0,0.0000000000
79,132,2,0,0.0000000000
79,132,3,0,0.0000000000
79,133,1,0,0.0000000000
79,133,2,0,0.0000000000
79,133,3,0,0.0000000000
79,134,1,0,0.0000000000
79,134,2,0,0.0000000000
79,134,3,0,0.0000000000
79,135,1,0,0.0000000000
79,135,2,0,0.0000000000
79,135,3,0,0.0000000000
79,136,1,0,0.0000000000
79,136,2,0,0.0000000000
79,136,3,0,0.0000000000
79,137,1,0,0.0000000000
79,137,2,0,0.0000000000
79,137,3,0,0.0000000000
79,138,1,0,0.0000000000
79,138,2,0,0.0000000000
79,138,3,0,0.0000000000
79,139,1,0,0.0000000000
79,139,2,0,0.0000000000
79,139,3,0,0.0000000000
79,140,1,0,0.0000000000
79,140,2,0,0.0000000000
79,140,3,0,0.0000000000
79,141,1,0,0.0000000000
79,141,2,0,0.0000000000
79,141,3,0,0.0000000000
79,142,1,0,0.0000000000
79,142,2,0,0.0000000000
79,142,3,0,0.0000000000
79,143,1,0,0.0000000000
79,143,2,0,0.0000000000
79,143,3,0,0.0000000000
79,144,1,0,0.0000000000
79,144,2,0,0.0000000000
79,144,3,0,0.0000000000
79,145,1,0,0.0000000000
79,145,2,0,0.0000000000
79,145,3,0,0.0000000000
79,146,1,0,0.0000000000
79,146,2,0,0.0000000000
79,146,3,0,0.0000000000
79,147,1,0,0.0000000000
79,147,2,0,0.0000000000
79,147,3,0,0.0000000000
79,148,1,0,0.0000000000
79,148,2,0,0.0000000000
79,148,3,0,0.0000000000
79,149,1,0,0.0000000000
79,149,2,0,0.0000000000
79,149,3,0,0.0000000000
79,150,1,0,0.0000000000
79,150,2,0,0.0000000000
79,150,3,0,0.0000000000
79,151,1,0,0.0000000000
79,151,2,0,0.0000000000
79,151,3,0,0.0000000000
79,152,1,0,0.0000000000
79,152,2,0,0.0000000000
79,152,3,0,0.0000000000
79,153,1,0,0.0000000000
79,153,2,0,0.0000000000
79,153,3,0,0.0000000000
79,154,1,0,0.0000000000
79,154,2,0,0.0000000000
79,154,3,0,0.0000000000
79,155,1,0,0.0000000000
79,155,2,0,0.0000000000
79,155,3,0,0.0000000000
79,156,1,0,0.0000000000
79,156,2,0,0.0000000000
79,156,3,0,0.0000000000
79,157,1,0,0.0000000000
79,157,2,0,0.0000000000
79,157,3,0,0.0000000000
79,158,1,0,0.0000000000
79,158,2,0,0.0000000000
79,158,3,0,0.0000000000
79,159,1,0,0.0000000000
79,159,2,0,0.0000000000
79,159,3,0,0.0000000000
79,160,1,0,0.0000000000
79,160,2,0,0.0000000000
79,160,3,0,0.0000000000
79,161,1,0,0.0000000000
79,161,2,0,0.0000000000
79,161,3,0,0.0000000000
79,162,1,0,0.0000000000
79,162,2,0,0.0000000000
79,162,3,0,0.0000000000
79,163,1,0,0.0000000000
79,163,2,0,0.0000000000
79,163,3,0,0.0000000000
79,164,1,0,0.0000000000
79,164,2,0,0.0000000000
79,164,3,0,0.0000000000
79,165,1,0,0.0000000000
79,165,2,0,0.0000000000
79,165,3,0,0.0000000000
79,166,1,0,0.0000000000
79,166,2,0,0.0000000000
79,166,3,0,0.0000000000
79,167,1,0,0.0000000000
79,167,2,0,0.0000000000
79,167,3,0,0.0000000000
79,168,1,0,0.0000000000
79,168,2,0,0.0000000000
79,168,3,0,0.0000000000
81,1,1,0,0.0000000000
81,1,2,0,0.0000000000
81,1,3,0,0.0000000000
81,2,1,0,0.0000000000
81,2,2,0,0.0000000000
81,2,3,0,0.0000000000
81,3,1,0,0.0000000000
81,3,2,0,0.0000000000
81,3,3,0,0.0000000000
81,4,1,0,0.0000000000
81,4,2,0,0.0000000000
81,4,3,0,0.0000000000
81,5,1,0,0.0000000000
81,5,2,0,0.0000000000
81,5,3,0,0.0000000000
81,6,1,0,0.0000000000
81,6,2,0,0.0000000000
81,6,3,0,0.0000000000
81,7,1,0,0.0000000000
81,7,2,0,0.0000000000
81,7,3,0,0.0000000000
81,8,1,0,0.0000000000
81,8,2,0,0.0000000000
81,8,3,0,0.0000000000
81,9,1,0,0.0000000000
81,9,2,0,0.0000000000
81,9,3,0,0.0000000000
81,10,1,0,0.0000000000
81,10,2,0,0.0000000000
81,10,3,0,0.0000000000
81,11,1,0,0.0000000000
81,11,2,0,0.0000000000
81,11,3,0,0.0000000000
81,12,1,0,0.0000000000
81,12,2,0,0.0000000000
81,12,3,0,0.0000000000
81,13,1,0,0.0000000000
81,13,2,0,0.0000000000
81,13,3,0,0.0000000000
81,14,1,0,0.0000000000
81,14,2,0,0.0000000000
81,14,3,0,0.0000000000
81,15,1,0,0.0000000000
81,15,2,0,0.0000000000
81,15,3,0,0.0000000000
81,16,1,0,0.0000000000
81,16,2,0,0.0000000000
81,16,3,0,0.0000000000
81,17,1,0,0.0000000000
81,17,2,0,0.0000000000
81,17,3,0,0.0000000000
81,18,1,0,0.0000000000
81,18,2,0,0.0000000000
81,18,3,0,0.0000000000
81,19,1,0,0.0000000000
81,19,2,0,0.0000000000
81,19,3,0,0.0000000000
81,20,1,0,0.0000000000
81,20,2,0,0.0000000000
81,20,3,0,0.0000000000
81,21,1,0,0.0000000000
81,21,2,0,0.0000000000
81,21,3,0,0.0000000000
81,22,1,0,0.0000000000
81,22,2,0,0.0000000000
81,22,3,0,0.0000000000
81,23,1,0,0.0000000000
81,23,2,0,0.0000000000
81,23,3,0,0.0000000000
81,24,1,0,0.0000000000
81,24,2,0,0.0000000000
81,24,3,0,0.0000000000
81,25,1,0,0.0000000000
81,25,2,0,0.0000000000
81,25,3,0,0.0000000000
81,26,1,0,0.0000000000
81,26,2,0,0.0000000000
81,26,3,0,0.0000000000
81,27,1,0,0.0000000000
81,27,2,0,0.0000000000
81,27,3,0,0.0000000000
81,28,1,0,0.0000000000
81,28,2,0,0.0000000000
81,28,3,0,0.0000000000
81,29,1,0,0.0000000000
81,29,2,0,0.0000000000
81,29,3,0,0.0000000000
81,30,1,0,0.0000000000
81,30,2,0,0.0000000000
81,30,3,0,0.0000000000
81,31,1,0,0.0000000000
81,31,2,0,0.0000000000
81,31,3,0,0.0000000000
81,32,1,0,0.0000000000
81,32,2,0,0.0000000000
81,32,3,0,0.0000000000
81,33,1,0,0.0000000000
81,33,2,0,0.0000000000
81,33,3,0,0.0000000000
81,34,1,0,0.0000000000
81,34,2,0,0.0000000000
81,34,3,0,0.0000000000
81,35,1,0,0.0000000000
81,35,2,0,0.0000000000
81,35,3,0,0.0000000000
81,36,1,0,0.0000000000
81,36,2,0,0.0000000000
81,36,3,0,0.0000000000
81,37,1,0,0.0000000000
81,37,2,0,0.0000000000
81,37,3,0,0.0000000000
81,38,1,0,0.0000000000
81,38,2,0,0.0000000000
81,38,3,0,0.0000000000
81,39,1,0,0.0000000000
81,39,2,0,0.0000000000
81,39,3,0,0.0000000000
81,40,1,0,0.0000000000
81,40,2,0,0.0000000000
81,40,3,0,0.0000000000
81,41,1,0,0.0000000000
81,41,2,0,0.0000000000
81,41,3,0,0.0000000000
81,42,1,0,0.0000000000
81,42,2,0,0.0000000000
81,42,3,0,0.0000000000
81,43,1,0,0.0000000000
81,43,2,0,0.0000000000
81,43,3,0,0.0000000000
81,44,1,0,0.0000000000
81,44,2,0,0.0000000000
81,44,3,0,0.0000000000
81,45,1,0,0.0000000000
81,45,2,0,0.0000000000
81,45,3,0,0.0000000000
81,46,1,0,0.0000000000
81,46,2,0,0.0000000000
81,46,3,0,0.0000000000
81,47,1,0,0.0000000000
81,47,2,0,0.0000000000
81,47,3,0,0.0000000000
81,48,1,0,0.0000000000
81,48,2,0,0.0000000000
81,48,3,0,0.0000000000
81,49,1,0,0.0000000000
81,49,2,0,0.0000000000
81,49,3,0,0.0000000000
81,50,1,0,0.0000000000
81,50,2,0,0.0000000000
81,50,3,0,0.0000000000
81,51,1,0,0.0000000000
81,51,2,0,0.0000000000
81,51,3,0,0.0000000000
81,52,1,0,0.0000000000
81,52,2,0,0.0000000000
81,52,3,0,0.0000000000
81,53,1,0,0.0000000000
81,53,2,0,0.0000000000
81,53,3,0,0.0000000000
81,54,1,0,0.0000000000
81,54,2,0,0.0000000000
81,54,3,0,0.0000000000
81,55,1,0,0.0000000000
81,55,2,0,0.0000000000
81,55,3,0,0.0000000000
81,56,1,0,0.0000000000
81,56,2,0,0.0000000000
81,56,3,0,0.0000000000
81,57,1,0,0.0000000000
81,57,2,0,0.0000000000
81,57,3,0,0.0000000000
81,58,1,0,0.0000000000
81,58,2,0,0.0000000000
81,58,3,0,0.0000000000
81,59,1,0,0.0000000000
81,59,2,0,0.0000000000
81,59,3,0,0.0000000000
81,60,1,0,0.0000000000
81,60,2,0,0.0000000000
81,60,3,0,0.0000000000
81,61,1,0,0.0000000000
81,61,2,0,0.0000000000
81,61,3,0,0.0000000000
81,62,1,0,0.0000000000
81,62,2,0,0.0000000000
81,62,3,0,0.0000000000
81,63,1,0,0.0000000000
81,63,2,0,0.0000000000
81,63,3,0,0.0000000000
81,64,1,0,0.0000000000
81,64,2,0,0.0000000000
81,64,3,0,0.0000000000
81,65,1,0,0.0000000000
81,65,2,0,0.0000000000
81,65,3,0,0.0000000000
81,66,1,0,0.0000000000
81,66,2,0,0.0000000000
81,66,3,0,0.0000000000
81,67,1,0,0.0000000000
81,67,2,0,0.0000000000
81,67,3,0,0.0000000000
81,68,1,0,0.0000000000
81,68,2,0,0.0000000000
81,68,3,0,0.0000000000
81,69,1,0,0.0000000000
81,69,2,0,0.0000000000
81,69,3,0,0.0000000000
81,70,1,0,0.0000000000
81,70,2,0,0.0000000000
81,70,3,0,0.0000000000
81,71,1,0,0.0000000000
81,71,2,0,0.0000000000
81,71,3,0,0.0000000000
81,72,1,0,0.0000000000
81,72,2,0,0.0000000000
81,72,3,0,0.0000000000
81,73,1,0,0.0000000000
81,73,2,0,0.0000000000
81,73,3,0,0.0000000000
81,74,1,0,0.0000000000
81,74,2,0,0.0000000000
81,74,3,0,0.0000000000
81,75,1,0,0.0000000000
81,75,2,0,0.0000000000
81,75,3,0,0.0000000000
81,76,1,0,0.0000000000
81,76,2,0,0.0000000000
81,76,3,0,0.0000000000
81,77,1,0,0.0000000000
81,77,2,0,0.0000000000
81,77,3,0,0.0000000000
81,78,1,0,0.0000000000
81,78,2,0,0.0000000000
81,78,3,0,0.0000000000
81,79,1,0,0.0000000000
81,79,2,0,0.0000000000
81,79,3,0,0.0000000000
81,80,1,0,0.0000000000
81,80,2,0,0.0000000000
81,80,3,0,0.0000000000
81,81,1,0,0.0000000000
81,81,2,0,0.0000000000
81,81,3,0,0.0000000000
81,82,1,0,0.0000000000
81,82,2,0,0.0000000000
81,82,3,0,0.0000000000
81,83,1,0,0.0000000000
81,83,2,0,0.0000000000
81,83,3,0,0.0000000000
81,84,1,0,0.0000000000
81,84,2,0,0.0000000000
81,84,3,0,0.0000000000
81,85,1,0,0.0000000000
81,85,2,0,0.0000000000
81,85,3,0,0.0000000000
81,86,1,0,0.0000000000
81,86,2,0,0.0000000000
81,86,3,0,0.0000000000
81,87,1,0,0.0000000000
81,87,2,0,0.0000000000
81,87,3,0,0.0000000000
81,88,1,0,0.0000000000
81,88,2,0,0.0000000000
81,88,3,0,0.0000000000
81,89,1,0,0.0000000000
81,89,2,0,0.0000000000
81,89,3,0,0.0000000000
81,90,1,0,0.0000000000
81,90,2,0,0.0000000000
81,90,3,0,0.0000000000
81,91,1,0,0.0000000000
81,91,2,0,0.0000000000
81,91,3,0,0.0000000000
81,92,1,0,0.0000000000
81,92,2,0,0.0000000000
81,92,3,0,0.0000000000
81,93,1,0,0.0000000000
81,93,2,0,0.0000000000
81,93,3,0,0.0000000000
81,94,1,0,0.0000000000
81,94,2,0,0.0000000000
81,94,3,0,0.0000000000
81,95,1,0,0.0000000000
81,95,2,0,0.0000000000
81,95,3,0,0.0000000000
81,96,1,0,0.0000000000
81,96,2,0,0.0000000000
81,96,3,0,0.0000000000
81,97,1,0,0.0000000000
81,97,2,0,0.0000000000
81,97,3,0,0.0000000000
81,98,1,0,0.0000000000
81,98,2,0,0.0000000000
81,98,3,0,0.0000000000
81,99,1,0,0.0000000000
81,99,2,0,0.0000000000
81,99,3,0,0.0000000000
81,100,1,0,0.0000000000
81,100,2,0,0.0000000000
81,100,3,0,0.0000000000
81,101,1,0,0.0000000000
81,101,2,0,0.0000000000
81,101,3,0,0.0000000000
81,102,1,0,0.0000000000
81,102,2,0,0.0000000000
81,102,3,0,0.0000000000
81,103,1,0,0.0000000000
81,103,2,0,0.0000000000
81,103,3,0,0.0000000000
81,104,1,0,0.0000000000
81,104,2,0,0.0000000000
81,104,3,0,0.0000000000
81,105,1,0,0.0000000000
81,105,2,0,0.0000000000
81,105,3,0,0.0000000000
81,106,1,0,0.0000000000
81,106,2,0,0.0000000000
81,106,3,0,0.0000000000
81,107,1,0,0.0000000000
81,107,2,0,0.0000000000
81,107,3,0,0.0000000000
81,108,1,0,0.0000000000
81,108,2,0,0.0000000000
81,108,3,0,0.0000000000
81,109,1,0,0.0000000000
81,109,2,0,0.0000000000
81,109,3,0,0.0000000000
81,110,1,0,0.0000000000
81,110,2,0,0.0000000000
81,110,3,0,0.0000000000
81,111,1,0,0.0000000000
81,111,2,0,0.0000000000
81,111,3,0,0.0000000000
81,112,1,0,0.0000000000
81,112,2,0,0.0000000000
81,112,3,0,0.0000000000
81,113,1,0,0.0000000000
81,113,2,0,0.0000000000
81,113,3,0,0.0000000000
81,114,1,0,0.0000000000
81,114,2,0,0.0000000000
81,114,3,0,0.0000000000
81,115,1,0,0.0000000000
81,115,2,0,0.0000000000
81,115,3,0,0.0000000000
81,116,1,0,0.0000000000
81,116,2,0,0.0000000000
81,116,3,0,0.0000000000
81,117,1,0,0.0000000000
81,117,2,0,0.0000000000
81,117,3,0,0.0000000000
81,118,1,0,0.0000000000
81,118,2,0,0.0000000000
81,118,3,0,0.0000000000
81,119,1,0,0.0000000000
81,119,2,0,0.0000000000
81,119,3,0,0.0000000000
81,120,1,0,0.0000000000
81,120,2,0,0.0000000000
81,120,3,0,0.0000000000
81,121,1,0,0.0000000000
81,121,2,0,0.0000000000
81,121,3,0,0.0000000000
81,122,1,0,0.0000000000
81,122,2,0,0.0000000000
81,122,3,0,0.0000000000
81,123,1,0,0.0000000000
81,123,2,0,0.0000000000
81,123,3,0,0.0000000000
81,124,1,0,0.0000000000
81,124,2,0,0.0000000000
81,124,3,0,0.0000000000
81,125,1,0,0.0000000000
81,125,2,0,0.0000000000
81,125,3,0,0.0000000000
81,126,1,0,0.0000000000
81,126,2,0,0.0000000000
81,126,3,0,0.0000000000
81,127,1,0,0.0000000000
81,127,2,0,0.0000000000
81,127,3,0,0.0000000000
81,128,1,0,0.0000000000
81,128,2,0,0.0000000000
81,128,3,0,0.0000000000
81,129,1,0,0.0000000000
81,129,2,0,0.0000000000
81,129,3,0,0.0000000000
81,130,1,0,0.0000000000
81,130,2,0,0.0000000000
81,130,3,0,0.0000000000
81,131,1,0,0.0000000000
81,131,2,0,0.0000000000
81,131,3,0,0.0000000000
81,132,1,0,0.0000000000
81,132,2,0,0.0000000000
81,132,3,0,0.0000000000
81,133,1,0,0.0000000000
81,133,2,0,0.0000000000
81,133,3,0,0.0000000000
81,134,1,0,0.0000000000
81,134,2,0,0.0000000000
81,134,3,0,0.0000000000
81,135,1,0,0.0000000000
81,135,2,0,0.0000000000
81,135,3,0,0.0000000000
81,136,1,0,0.0000000000
81,136,2,0,0.0000000000
81,136,3,0,0.0000000000
81,137,1,0,0.0000000000
81,137,2,0,0.0000000000
81,137,3,0,0.0000000000
81,138,1,0,0.0000000000
81,138,2,0,0.0000000000
81,138,3,0,0.0000000000
81,139,1,0,0.0000000000
81,139,2,0,0.0000000000
81,139,3,0,0.0000000000
81,140,1,0,0.0000000000
81,140,2,0,0.0000000000
81,140,3,0,0.0000000000
81,141,1,0,0.0000000000
81,141,2,0,0.0000000000
81,141,3,0,0.0000000000
81,142,1,0,0.0000000000
81,142,2,0,0.0000000000
81,142,3,0,0.0000000000
81,143,1,0,0.0000000000
81,143,2,0,0.0000000000
81,143,3,0,0.0000000000
81,144,1,0,0.0000000000
81,144,2,0,0.0000000000
81,144,3,0,0.0000000000
81,145,1,0,0.0000000000
81,145,2,0,0.0000000000
81,145,3,0,0.0000000000
81,146,1,0,0.0000000000
81,146,2,0,0.0000000000
81,146,3,0,0.0000000000
81,147,1,0,0.0000000000
81,147,2,0,0.0000000000
81,147,3,0,0.0000000000
81,148,1,0,0.0000000000
81,148,2,0,0.0000000000
81,148,3,0,0.0000000000
81,149,1,0,0.0000000000
81,149,2,0,0.0000000000
81,149,3,0,0.0000000000
81,150,1,0,0.0000000000
81,150,2,0,0.0000000000
81,150,3,0,0.0000000000
81,151,1,0,0.0000000000
81,151,2,0,0.0000000000
81,151,3,0,0.0000000000
81,152,1,0,0.0000000000
81,152,2,0,0.0000000000
81,152,3,0,0.0000000000
81,153,1,0,0.0000000000
81,153,2,0,0.0000000000
81,153,3,0,0.0000000000
81,154,1,0,0.0000000000
81,154,2,0,0.0000000000
81,154,3,0,0.0000000000
81,155,1,0,0.0000000000
81,155,2,0,0.0000000000
81,155,3,0,0.0000000000
81,156,1,0,0.0000000000
81,156,2,0,0.0000000000
81,156,3,0,0.0000000000
81,157,1,0,0.0000000000
81,157,2,0,0.0000000000
81,157,3,0,0.0000000000
81,158,1,0,0.0000000000
81,158,2,0,0.0000000000
81,158,3,0,0.0000000000
81,159,1,0,0.0000000000
81,159,2,0,0.0000000000
81,159,3,0,0.0000000000
81,160,1,0,0.0000000000
81,160,2,0,0.0000000000
81,160,3,0,0.0000000000
81,161,1,0,0.0000000000
81,161,2,0,0.0000000000
81,161,3,0,0.0000000000
81,162,1,0,0.0000000000
81,162,2,0,0.0000000000
81,162,3,0,0.0000000000
81,163,1,0,0.0000000000
81,163,2,0,0.0000000000
81,163,3,0,0.0000000000
81,164,1,0,0.0000000000
81,164,2,0,0.0000000000
81,164,3,0,0.0000000000
81,165,1,0,0.0000000000
81,165,2,0,0.0000000000
81,165,3,0,0.0000000000
81,166,1,0,0.0000000000
81,166,2,0,0.0000000000
81,166,3,0,0.0000000000
81,167,1,0,0.0000000000
81,167,2,0,0.0000000000
81,167,3,0,0.0000000000
81,168,1,0,0.0000000000
81,168,2,0,0.0000000000
81,168,3,0,0.0000000000
82,1,1,0,0.0000000000
82,1,2,0,0.0000000000
82,1,3,0,0.0000000000
82,2,1,0,0.0000000000
82,2,2,0,0.0000000000
82,2,3,0,0.0000000000
82,3,1,0,0.0000000000
82,3,2,0,0.0000000000
82,3,3,0,0.0000000000
82,4,1,0,0.0000000000
82,4,2,0,0.0000000000
82,4,3,0,0.0000000000
82,5,1,0,0.0000000000
82,5,2,0,0.0000000000
82,5,3,0,0.0000000000
82,6,1,0,0.0000000000
82,6,2,0,0.0000000000
82,6,3,0,0.0000000000
82,7,1,0,0.0000000000
82,7,2,0,0.0000000000
82,7,3,0,0.0000000000
82,8,1,0,0.0000000000
82,8,2,0,0.0000000000
82,8,3,0,0.0000000000
82,9,1,0,0.0000000000
82,9,2,0,0.0000000000
82,9,3,0,0.0000000000
82,10,1,0,0.0000000000
82,10,2,0,0.0000000000
82,10,3,0,0.0000000000
82,11,1,0,0.0000000000
82,11,2,0,0.0000000000
82,11,3,0,0.0000000000
82,12,1,0,0.0000000000
82,12,2,0,0.0000000000
82,12,3,0,0.0000000000
82,13,1,0,0.0000000000
82,13,2,0,0.0000000000
82,13,3,0,0.0000000000
82,14,1,0,0.0000000000
82,14,2,0,0.0000000000
82,14,3,0,0.0000000000
82,15,1,0,0.0000000000
82,15,2,0,0.0000000000
82,15,3,0,0.0000000000
82,16,1,0,0.0000000000
82,16,2,0,0.0000000000
82,16,3,0,0.0000000000
82,17,1,0,0.0000000000
82,17,2,0,0.0000000000
82,17,3,0,0.0000000000
82,18,1,0,0.0000000000
82,18,2,0,0.0000000000
82,18,3,0,0.0000000000
82,19,1,0,0.0000000000
82,19,2,0,0.0000000000
82,19,3,0,0.0000000000
82,20,1,0,0.0000000000
82,20,2,0,0.0000000000
82,20,3,0,0.0000000000
82,21,1,0,0.0000000000
82,21,2,0,0.0000000000
82,21,3,0,0.0000000000
82,22,1,0,0.0000000000
82,22,2,0,0.0000000000
82,22,3,0,0.0000000000
82,23,1,0,0.0000000000
82,23,2,0,0.0000000000
82,23,3,0,0.0000000000
82,24,1,0,0.0000000000
82,24,2,0,0.0000000000
82,24,3,0,0.0000000000
82,25,1,0,0.0000000000
82,25,2,0,0.0000000000
82,25,3,0,0.0000000000
82,26,1,0,0.0000000000
82,26,2,0,0.0000000000
82,26,3,0,0.0000000000
82,27,1,0,0.0000000000
82,27,2,0,0.0000000000
82,27,3,0,0.0000000000
82,28,1,0,0.0000000000
82,28,2,0,0.0000000000
82,28,3,0,0.0000000000
82,29,1,0,0.0000000000
82,29,2,0,0.0000000000
82,29,3,0,0.0000000000
82,30,1,0,0.0000000000
82,30,2,0,0.0000000000
82,30,3,0,0.0000000000
82,31,1,0,0.0000000000
82,31,2,0,0.0000000000
82,31,3,0,0.0000000000
82,32,1,0,0.0000000000
82,32,2,0,0.0000000000
82,32,3,0,0.0000000000
82,33,1,0,0.0000000000
82,33,2,0,0.0000000000
82,33,3,0,0.0000000000
82,34,1,0,0.0000000000
82,34,2,0,0.0000000000
82,34,3,0,0.0000000000
82,35,1,0,0.0000000000
82,35,2,0,0.0000000000
82,35,3,0,0.0000000000
82,36,1,0,0.0000000000
82,36,2,0,0.0000000000
82,36,3,0,0.0000000000
82,37,1,0,0.0000000000
82,37,2,0,0.0000000000
82,37,3,0,0.0000000000
82,38,1,0,0.0000000000
82,38,2,0,0.0000000000
82,38,3,0,0.0000000000
82,39,1,0,0.0000000000
82,39,2,0,0.0000000000
82,39,3,0,0.0000000000
82,40,1,0,0.0000000000
82,40,2,0,0.0000000000
82,40,3,0,0.0000000000
82,41,1,0,0.0000000000
82,41,2,0,0.0000000000
82,41,3,0,0.0000000000
82,42,1,0,0.0000000000
82,42,2,0,0.0000000000
82,42,3,0,0.0000000000
82,43,1,0,0.0000000000
82,43,2,0,0.0000000000
82,43,3,0,0.0000000000
82,44,1,0,0.0000000000
82,44,2,0,0.0000000000
82,44,3,0,0.0000000000
82,45,1,0,0.0000000000
82,45,2,0,0.0000000000
82,45,3,0,0.0000000000
82,46,1,0,0.0000000000
82,46,2,0,0.0000000000
82,46,3,0,0.0000000000
82,47,1,0,0.0000000000
82,47,2,0,0.0000000000
82,47,3,0,0.0000000000
82,48,1,0,0.0000000000
82,48,2,0,0.0000000000
82,48,3,0,0.0000000000
82,49,1,0,0.0000000000
82,49,2,0,0.0000000000
82,49,3,0,0.0000000000
82,50,1,0,0.0000000000
82,50,2,0,0.0000000000
82,50,3,0,0.0000000000
82,51,1,0,0.0000000000
82,51,2,0,0.0000000000
82,51,3,0,0.0000000000
82,52,1,0,0.0000000000
82,52,2,0,0.0000000000
82,52,3,0,0.0000000000
82,53,1,0,0.0000000000
82,53,2,0,0.0000000000
82,53,3,0,0.0000000000
82,54,1,0,0.0000000000
82,54,2,0,0.0000000000
82,54,3,0,0.0000000000
82,55,1,0,0.0000000000
82,55,2,0,0.0000000000
82,55,3,0,0.0000000000
82,56,1,0,0.0000000000
82,56,2,0,0.0000000000
82,56,3,0,0.0000000000
82,57,1,0,0.0000000000
82,57,2,0,0.0000000000
82,57,3,0,0.0000000000
82,58,1,0,0.0000000000
82,58,2,0,0.0000000000
82,58,3,0,0.0000000000
82,59,1,0,0.0000000000
82,59,2,0,0.0000000000
82,59,3,0,0.0000000000
82,60,1,0,0.0000000000
82,60,2,0,0.0000000000
82,60,3,0,0.0000000000
82,61,1,0,0.0000000000
82,61,2,0,0.0000000000
82,61,3,0,0.0000000000
82,62,1,0,0.0000000000
82,62,2,0,0.0000000000
82,62,3,0,0.0000000000
82,63,1,0,0.0000000000
82,63,2,0,0.0000000000
82,63,3,0,0.0000000000
82,64,1,0,0.0000000000
82,64,2,0,0.0000000000
82,64,3,0,0.0000000000
82,65,1,0,0.0000000000
82,65,2,0,0.0000000000
82,65,3,0,0.0000000000
82,66,1,0,0.0000000000
82,66,2,0,0.0000000000
82,66,3,0,0.0000000000
82,67,1,0,0.0000000000
82,67,2,0,0.0000000000
82,67,3,0,0.0000000000
82,68,1,0,0.0000000000
82,68,2,0,0.0000000000
82,68,3,0,0.0000000000
82,69,1,0,0.0000000000
82,69,2,0,0.0000000000
82,69,3,0,0.0000000000
82,70,1,0,0.0000000000
82,70,2,0,0.0000000000
82,70,3,0,0.0000000000
82,71,1,0,0.0000000000
82,71,2,0,0.0000000000
82,71,3,0,0.0000000000
82,72,1,0,0.0000000000
82,72,2,0,0.0000000000
82,72,3,0,0.0000000000
82,73,1,0,0.0000000000
82,73,2,0,0.0000000000
82,73,3,0,0.0000000000
82,74,1,0,0.0000000000
82,74,2,0,0.0000000000
82,74,3,0,0.0000000000
82,75,1,0,0.0000000000
82,75,2,0,0.0000000000
82,75,3,0,0.0000000000
82,76,1,0,0.0000000000
82,76,2,0,0.0000000000
82,76,3,0,0.0000000000
82,77,1,0,0.0000000000
82,77,2,0,0.0000000000
82,77,3,0,0.0000000000
82,78,1,0,0.0000000000
82,78,2,0,0.0000000000
82,78,3,0,0.0000000000
82,79,1,0,0.0000000000
82,79,2,0,0.0000000000
82,79,3,0,0.0000000000
82,80,1,0,0.0000000000
82,80,2,0,0.0000000000
82,80,3,0,0.0000000000
82,81,1,0,0.0000000000
82,81,2,0,0.0000000000
82,81,3,0,0.0000000000
82,82,1,0,0.0000000000
82,82,2,0,0.0000000000
82,82,3,0,0.0000000000
82,83,1,0,0.0000000000
82,83,2,0,0.0000000000
82,83,3,0,0.0000000000
82,84,1,0,0.0000000000
82,84,2,0,0.0000000000
82,84,3,0,0.0000000000
82,85,1,0,0.0000000000
82,85,2,0,0.0000000000
82,85,3,0,0.0000000000
82,86,1,0,0.0000000000
82,86,2,0,0.0000000000
82,86,3,0,0.0000000000
82,87,1,0,0.0000000000
82,87,2,0,0.0000000000
82,87,3,0,0.0000000000
82,88,1,0,0.0000000000
82,88,2,0,0.0000000000
82,88,3,0,0.0000000000
82,89,1,0,0.0000000000
82,89,2,0,0.0000000000
82,89,3,0,0.0000000000
82,90,1,0,0.0000000000
82,90,2,0,0.0000000000
82,90,3,0,0.0000000000
82,91,1,0,0.0000000000
82,91,2,0,0.0000000000
82,91,3,0,0.0000000000
82,92,1,0,0.0000000000
82,92,2,0,0.0000000000
82,92,3,0,0.0000000000
82,93,1,0,0.0000000000
82,93,2,0,0.0000000000
82,93,3,0,0.0000000000
82,94,1,0,0.0000000000
82,94,2,0,0.0000000000
82,94,3,0,0.0000000000
82,95,1,0,0.0000000000
82,95,2,0,0.0000000000
82,95,3,0,0.0000000000
82,96,1,0,0.0000000000
82,96,2,0,0.0000000000
82,96,3,0,0.0000000000
82,97,1,0,0.0000000000
82,97,2,0,0.0000000000
82,97,3,0,0.0000000000
82,98,1,0,0.0000000000
82,98,2,0,0.0000000000
82,98,3,0,0.0000000000
82,99,1,0,0.0000000000
82,99,2,0,0.0000000000
82,99,3,0,0.0000000000
82,100,1,0,0.0000000000
82,100,2,0,0.0000000000
82,100,3,0,0.0000000000
82,101,1,0,0.0000000000
82,101,2,0,0.0000000000
82,101,3,0,0.0000000000
82,102,1,0,0.0000000000
82,102,2,0,0.0000000000
82,102,3,0,0.0000000000
82,103,1,0,0.0000000000
82,103,2,0,0.0000000000
82,103,3,0,0.0000000000
82,104,1,0,0.0000000000
82,104,2,0,0.0000000000
82,104,3,0,0.0000000000
82,105,1,0,0.0000000000
82,105,2,0,0.0000000000
82,105,3,0,0.0000000000
82,106,1,0,0.0000000000
82,106,2,0,0.0000000000
82,106,3,0,0.0000000000
82,107,1,0,0.0000000000
82,107,2,0,0.0000000000
82,107,3,0,0.0000000000
82,108,1,0,0.0000000000
82,108,2,0,0.0000000000
82,108,3,0,0.0000000000
82,109,1,0,0.0000000000
82,109,2,0,0.0000000000
82,109,3,0,0.0000000000
82,110,1,0,0.0000000000
82,110,2,0,0.0000000000
82,110,3,0,0.0000000000
82,111,1,0,0.0000000000
82,111,2,0,0.0000000000
82,111,3,0,0.0000000000
82,112,1,0,0.0000000000
82,112,2,0,0.0000000000
82,112,3,0,0.0000000000
82,113,1,0,0.0000000000
82,113,2,0,0.0000000000
82,113,3,0,0.0000000000
82,114,1,0,0.0000000000
82,114,2,0,0.0000000000
82,114,3,0,0.0000000000
82,115,1,0,0.0000000000
82,115,2,0,0.0000000000
82,115,3,0,0.0000000000
82,116,1,0,0.0000000000
82,116,2,0,0.0000000000
82,116,3,0,0.0000000000
82,117,1,0,0.0000000000
82,117,2,0,0.0000000000
82,117,3,0,0.0000000000
82,118,1,0,0.0000000000
82,118,2,0,0.0000000000
82,118,3,0,0.0000000000
82,119,1,0,0.0000000000
82,119,2,0,0.0000000000
82,119,3,0,0.0000000000
82,120,1,0,0.0000000000
82,120,2,0,0.0000000000
82,120,3,0,0.0000000000
82,121,1,0,0.0000000000
82,121,2,0,0.0000000000
82,121,3,0,0.0000000000
82,122,1,0,0.0000000000
82,122,2,0,0.0000000000
82,122,3,0,0.0000000000
82,123,1,0,0.0000000000
82,123,2,0,0.0000000000
82,123,3,0,0.0000000000
82,124,1,0,0.0000000000
82,124,2,0,0.0000000000
82,124,3,0,0.0000000000
82,125,1,0,0.0000000000
82,125,2,0,0.0000000000
82,125,3,0,0.0000000000
82,126,1,0,0.0000000000
82,126,2,0,0.0000000000
82,126,3,0,0.0000000000
82,127,1,0,0.0000000000
82,127,2,0,0.0000000000
82,127,3,0,0.0000000000
82,128,1,0,0.0000000000
82,128,2,0,0.0000000000
82,128,3,0,0.0000000000
82,129,1,0,0.0000000000
82,129,2,0,0.0000000000
82,129,3,0,0.0000000000
82,130,1,0,0.0000000000
82,130,2,0,0.0000000000
82,130,3,0,0.0000000000
82,131,1,0,0.0000000000
82,131,2,0,0.0000000000
82,131,3,0,0.0000000000
82,132,1,0,0.0000000000
82,132,2,0,0.0000000000
82,132,3,0,0.0000000000
82,133,1,0,0.0000000000
82,133,2,0,0.0000000000
82,133,3,0,0.0000000000
82,134,1,0,0.0000000000
82,134,2,0,0.0000000000
82,134,3,0,0.0000000000
82,135,1,0,0.0000000000
82,135,2,0,0.0000000000
82,135,3,0,0.0000000000
82,136,1,0,0.0000000000
82,136,2,0,0.0000000000
82,136,3,0,0.0000000000
82,137,1,0,0.0000000000
82,137,2,0,0.0000000000
82,137,3,0,0.0000000000
82,138,1,0,0.0000000000
82,138,2,0,0.0000000000
82,138,3,0,0.0000000000
82,139,1,0,0.0000000000
82,139,2,0,0.0000000000
82,139,3,0,0.0000000000
82,140,1,0,0.0000000000
82,140,2,0,0.0000000000
82,140,3,0,0.0000000000
82,141,1,0,0.0000000000
82,141,2,0,0.0000000000
82,141,3,0,0.0000000000
82,142,1,0,0.0000000000
82,142,2,0,0.0000000000
82,142,3,0,0.0000000000
82,143,1,0,0.0000000000
82,143,2,0,0.0000000000
82,143,3,0,0.0000000000
82,144,1,0,0.0000000000
82,144,2,0,0.0000000000
82,144,3,0,0.0000000000
82,145,1,0,0.0000000000
82,145,2,0,0.0000000000
82,145,3,0,0.0000000000
82,146,1,0,0.0000000000
82,146,2,0,0.0000000000
82,146,3,0,0.0000000000
82,147,1,0,0.0000000000
82,147,2,0,0.0000000000
82,147,3,0,0.0000000000
82,148,1,0,0.0000000000
82,148,2,0,0.0000000000
82,148,3,0,0.0000000000
82,149,1,0,0.0000000000
82,149,2,0,0.0000000000
82,149,3,0,0.0000000000
82,150,1,0,0.0000000000
82,150,2,0,0.0000000000
82,150,3,0,0.0000000000
82,151,1,0,0.0000000000
82,151,2,0,0.0000000000
82,151,3,0,0.0000000000
82,152,1,0,0.0000000000
82,152,2,0,0.0000000000
82,152,3,0,0.0000000000
82,153,1,0,0.0000000000
82,153,2,0,0.0000000000
82,153,3,0,0.0000000000
82,154,1,0,0.0000000000
82,154,2,0,0.0000000000
82,154,3,0,0.0000000000
82,155,1,0,0.0000000000
82,155,2,0,0.0000000000
82,155,3,0,0.0000000000
82,156,1,0,0.0000000000
82,156,2,0,0.0000000000
82,156,3,0,0.0000000000
82,157,1,0,0.0000000000
82,157,2,0,0.0000000000
82,157,3,0,0.0000000000
82,158,1,0,0.0000000000
82,158,2,0,0.0000000000
82,158,3,0,0.0000000000
82,159,1,0,0.0000000000
82,159,2,0,0.0000000000
82,159,3,0,0.0000000000
82,160,1,0,0.0000000000
82,160,2,0,0.0000000000
82,160,3,0,0.0000000000
82,161,1,0,0.0000000000
82,161,2,0,0.0000000000
82,161,3,0,0.0000000000
82,162,1,0,0.0000000000
82,162,2,0,0.0000000000
82,162,3,0,0.0000000000
82,163,1,0,0.0000000000
82,163,2,0,0.0000000000
82,163,3,0,0.0000000000
82,164,1,0,0.0000000000
82,164,2,0,0.0000000000
82,164,3,0,0.0000000000
82,165,1,0,0.0000000000
82,165,2,0,0.0000000000
82,165,3,0,0.0000000000
82,166,1,0,0.0000000000
82,166,2,0,0.0000000000
82,166,3,0,0.0000000000
82,167,1,0,0.0000000000
82,167,2,0,0.0000000000
82,167,3,0,0.0000000000
82,168,1,0,0.0000000000
82,168,2,0,0.0000000000
82,168,3,0,0.0000000000
83,1,1,0,0.0000000000
83,1,2,0,0.0000000000
83,1,3,0,0.0000000000
83,2,1,0,0.0000000000
83,2,2,0,0.0000000000
83,2,3,0,0.0000000000
83,3,1,0,0.0000000000
83,3,2,0,0.0000000000
83,3,3,0,0.0000000000
83,4,1,0,0.0000000000
83,4,2,0,0.0000000000
83,4,3,0,0.0000000000
83,5,1,0,0.0000000000
83,5,2,0,0.0000000000
83,5,3,0,0.0000000000
83,6,1,0,0.0000000000
83,6,2,0,0.0000000000
83,6,3,0,0.0000000000
83,7,1,0,0.0000000000
83,7,2,0,0.0000000000
83,7,3,0,0.0000000000
83,8,1,0,0.0000000000
83,8,2,0,0.0000000000
83,8,3,0,0.0000000000
83,9,1,0,0.0000000000
83,9,2,0,0.0000000000
83,9,3,0,0.0000000000
83,10,1,0,0.0000000000
83,10,2,0,0.0000000000
83,10,3,0,0.0000000000
83,11,1,0,0.0000000000
83,11,2,0,0.0000000000
83,11,3,0,0.0000000000
83,12,1,0,0.0000000000
83,12,2,0,0.0000000000
83,12,3,0,0.0000000000
83,13,1,0,0.0000000000
83,13,2,0,0.0000000000
83,13,3,0,0.0000000000
83,14,1,0,0.0000000000
83,14,2,0,0.0000000000
83,14,3,0,0.0000000000
83,15,1,0,0.0000000000
83,15,2,0,0.0000000000
83,15,3,0,0.0000000000
83,16,1,0,0.0000000000
83,16,2,0,0.0000000000
83,16,3,0,0.0000000000
83,17,1,0,0.0000000000
83,17,2,0,0.0000000000
83,17,3,0,0.0000000000
83,18,1,0,0.0000000000
83,18,2,0,0.0000000000
83,18,3,0,0.0000000000
83,19,1,0,0.0000000000
83,19,2,0,0.0000000000
83,19,3,0,0.0000000000
83,20,1,0,0.0000000000
83,20,2,0,0.0000000000
83,20,3,0,0.0000000000
83,21,1,0,0.0000000000
83,21,2,0,0.0000000000
83,21,3,0,0.0000000000
83,22,1,0,0.0000000000
83,22,2,0,0.0000000000
83,22,3,0,0.0000000000
83,23,1,0,0.0000000000
83,23,2,0,0.0000000000
83,23,3,0,0.0000000000
83,24,1,0,0.0000000000
83,24,2,0,0.0000000000
83,24,3,0,0.0000000000
83,25,1,0,0.0000000000
83,25,2,0,0.0000000000
83,25,3,0,0.0000000000
83,26,1,0,0.0000000000
83,26,2,0,0.0000000000
83,26,3,0,0.0000000000
83,27,1,0,0.0000000000
83,27,2,0,0.0000000000
83,27,3,0,0.0000000000
83,28,1,0,0.0000000000
83,28,2,0,0.0000000000
83,28,3,0,0.0000000000
83,29,1,0,0.0000000000
83,29,2,0,0.0000000000
83,29,3,0,0.0000000000
83,30,1,0,0.0000000000
83,30,2,0,0.0000000000
83,30,3,0,0.0000000000
83,31,1,0,0.0000000000
83,31,2,0,0.0000000000
83,31,3,0,0.0000000000
83,32,1,0,0.0000000000
83,32,2,0,0.0000000000
83,32,3,0,0.0000000000
83,33,1,0,0.0000000000
83,33,2,0,0.0000000000
83,33,3,0,0.0000000000
83,34,1,0,0.0000000000
83,34,2,0,0.0000000000
83,34,3,0,0.0000000000
83,35,1,0,0.0000000000
83,35,2,0,0.0000000000
83,35,3,0,0.0000000000
83,36,1,0,0.0000000000
83,36,2,0,0.0000000000
83,36,3,0,0.0000000000
83,37,1,0,0.0000000000
83,37,2,0,0.0000000000
83,37,3,0,0.0000000000
83,38,1,0,0.0000000000
83,38,2,0,0.0000000000
83,38,3,0,0.0000000000
83,39,1,0,0.0000000000
83,39,2,0,0.0000000000
83,39,3,0,0.0000000000
83,40,1,0,0.0000000000
83,40,2,0,0.0000000000
83,40,3,0,0.0000000000
83,41,1,0,0.0000000000
83,41,2,0,0.0000000000
83,41,3,0,0.0000000000
83,42,1,0,0.0000000000
83,42,2,0,0.0000000000
83,42,3,0,0.0000000000
83,43,1,0,0.0000000000
83,43,2,0,0.0000000000
83,43,3,0,0.0000000000
83,44,1,0,0.0000000000
83,44,2,0,0.0000000000
83,44,3,0,0.0000000000
83,45,1,0,0.0000000000
83,45,2,0,0.0000000000
83,45,3,0,0.0000000000
83,46,1,0,0.0000000000
83,46,2,0,0.0000000000
83,46,3,0,0.0000000000
83,47,1,0,0.0000000000
83,47,2,0,0.0000000000
83,47,3,0,0.0000000000
83,48,1,0,0.0000000000
83,48,2,0,0.0000000000
83,48,3,0,0.0000000000
83,49,1,0,0.0000000000
83,49,2,0,0.0000000000
83,49,3,0,0.0000000000
83,50,1,0,0.0000000000
83,50,2,0,0.0000000000
83,50,3,0,0.0000000000
83,51,1,0,0.0000000000
83,51,2,0,0.0000000000
83,51,3,0,0.0000000000
83,52,1,0,0.0000000000
83,52,2,0,0.0000000000
83,52,3,0,0.0000000000
83,53,1,0,0.0000000000
83,53,2,0,0.0000000000
83,53,3,0,0.0000000000
83,54,1,0,0.0000000000
83,54,2,0,0.0000000000
83,54,3,0,0.0000000000
83,55,1,0,0.0000000000
83,55,2,0,0.0000000000
83,55,3,0,0.0000000000
83,56,1,0,0.0000000000
83,56,2,0,0.0000000000
83,56,3,0,0.0000000000
83,57,1,0,0.0000000000
83,57,2,0,0.0000000000
83,57,3,0,0.0000000000
83,58,1,0,0.0000000000
83,58,2,0,0.0000000000
83,58,3,0,0.0000000000
83,59,1,0,0.0000000000
83,59,2,0,0.0000000000
83,59,3,0,0.0000000000
83,60,1,0,0.0000000000
83,60,2,0,0.0000000000
83,60,3,0,0.0000000000
83,61,1,0,0.0000000000
83,61,2,0,0.0000000000
83,61,3,0,0.0000000000
83,62,1,0,0.0000000000
83,62,2,0,0.0000000000
83,62,3,0,0.0000000000
83,63,1,0,0.0000000000
83,63,2,0,0.0000000000
83,63,3,0,0.0000000000
83,64,1,0,0.0000000000
83,64,2,0,0.0000000000
83,64,3,0,0.0000000000
83,65,1,0,0.0000000000
83,65,2,0,0.0000000000
83,65,3,0,0.0000000000
83,66,1,0,0.0000000000
83,66,2,0,0.0000000000
83,66,3,0,0.0000000000
83,67,1,0,0.0000000000
83,67,2,0,0.0000000000
83,67,3,0,0.0000000000
83,68,1,0,0.0000000000
83,68,2,0,0.0000000000
83,68,3,0,0.0000000000
83,69,1,0,0.0000000000
83,69,2,0,0.0000000000
83,69,3,0,0.0000000000
83,70,1,0,0.0000000000
83,70,2,0,0.0000000000
83,70,3,0,0.0000000000
83,71,1,0,0.0000000000
83,71,2,0,0.0000000000
83,71,3,0,0.0000000000
83,72,1,0,0.0000000000
83,72,2,0,0.0000000000
83,72,3,0,0.0000000000
83,73,1,0,0.0000000000
83,73,2,0,0.0000000000
83,73,3,0,0.0000000000
83,74,1,0,0.0000000000
83,74,2,0,0.0000000000
83,74,3,0,0.0000000000
83,75,1,0,0.0000000000
83,75,2,0,0.0000000000
83,75,3,0,0.0000000000
83,76,1,0,0.0000000000
83,76,2,0,0.0000000000
83,76,3,0,0.0000000000
83,77,1,0,0.0000000000
83,77,2,0,0.0000000000
83,77,3,0,0.0000000000
83,78,1,0,0.0000000000
83,78,2,0,0.0000000000
83,78,3,0,0.0000000000
83,79,1,0,0.0000000000
83,79,2,0,0.0000000000
83,79,3,0,0.0000000000
83,80,1,0,0.0000000000
83,80,2,0,0.0000000000
83,80,3,0,0.0000000000
83,81,1,0,0.0000000000
83,81,2,0,0.0000000000
83,81,3,0,0.0000000000
83,82,1,0,0.0000000000
83,82,2,0,0.0000000000
83,82,3,0,0.0000000000
83,83,1,0,0.0000000000
83,83,2,0,0.0000000000
83,83,3,0,0.0000000000
83,84,1,0,0.0000000000
83,84,2,0,0.0000000000
83,84,3,0,0.0000000000
83,85,1,0,0.0000000000
83,85,2,0,0.0000000000
83,85,3,0,0.0000000000
83,86,1,0,0.0000000000
83,86,2,0,0.0000000000
83,86,3,0,0.0000000000
83,87,1,0,0.0000000000
83,87,2,0,0.0000000000
83,87,3,0,0.0000000000
83,88,1,0,0.0000000000
83,88,2,0,0.0000000000
83,88,3,0,0.0000000000
83,89,1,0,0.0000000000
83,89,2,0,0.0000000000
83,89,3,0,0.0000000000
83,90,1,0,0.0000000000
83,90,2,0,0.0000000000
83,90,3,0,0.0000000000
83,91,1,0,0.0000000000
83,91,2,0,0.0000000000
83,91,3,0,0.0000000000
83,92,1,0,0.0000000000
83,92,2,0,0.0000000000
83,92,3,0,0.0000000000
83,93,1,0,0.0000000000
83,93,2,0,0.0000000000
83,93,3,0,0.0000000000
83,94,1,0,0.0000000000
83,94,2,0,0.0000000000
83,94,3,0,0.0000000000
83,95,1,0,0.0000000000
83,95,2,0,0.0000000000
83,95,3,0,0.0000000000
83,96,1,0,0.0000000000
83,96,2,0,0.0000000000
83,96,3,0,0.0000000000
83,97,1,0,0.0000000000
83,97,2,0,0.0000000000
83,97,3,0,0.0000000000
83,98,1,0,0.0000000000
83,98,2,0,0.0000000000
83,98,3,0,0.0000000000
83,99,1,0,0.0000000000
83,99,2,0,0.0000000000
83,99,3,0,0.0000000000
83,100,1,0,0.0000000000
83,100,2,0,0.0000000000
83,100,3,0,0.0000000000
83,101,1,0,0.0000000000
83,101,2,0,0.0000000000
83,101,3,0,0.0000000000
83,102,1,0,0.0000000000
83,102,2,0,0.0000000000
83,102,3,0,0.0000000000
83,103,1,0,0.0000000000
83,103,2,0,0.0000000000
83,103,3,0,0.0000000000
83,104,1,0,0.0000000000
83,104,2,0,0.0000000000
83,104,3,0,0.0000000000
83,105,1,0,0.0000000000
83,105,2,0,0.0000000000
83,105,3,0,0.0000000000
83,106,1,0,0.0000000000
83,106,2,0,0.0000000000
83,106,3,0,0.0000000000
83,107,1,0,0.0000000000
83,107,2,0,0.0000000000
83,107,3,0,0.0000000000
83,108,1,0,0.0000000000
83,108,2,0,0.0000000000
83,108,3,0,0.0000000000
83,109,1,0,0.0000000000
83,109,2,0,0.0000000000
83,109,3,0,0.0000000000
83,110,1,0,0.0000000000
83,110,2,0,0.0000000000
83,110,3,0,0.0000000000
83,111,1,0,0.0000000000
83,111,2,0,0.0000000000
83,111,3,0,0.0000000000
83,112,1,0,0.0000000000
83,112,2,0,0.0000000000
83,112,3,0,0.0000000000
83,113,1,0,0.0000000000
83,113,2,0,0.0000000000
83,113,3,0,0.0000000000
83,114,1,0,0.0000000000
83,114,2,0,0.0000000000
83,114,3,0,0.0000000000
83,115,1,0,0.0000000000
83,115,2,0,0.0000000000
83,115,3,0,0.0000000000
83,116,1,0,0.0000000000
83,116,2,0,0.0000000000
83,116,3,0,0.0000000000
83,117,1,0,0.0000000000
83,117,2,0,0.0000000000
83,117,3,0,0.0000000000
83,118,1,0,0.0000000000
83,118,2,0,0.0000000000
83,118,3,0,0.0000000000
83,119,1,0,0.0000000000
83,119,2,0,0.0000000000
83,119,3,0,0.0000000000
83,120,1,0,0.0000000000
83,120,2,0,0.0000000000
83,120,3,0,0.0000000000
83,121,1,0,0.0000000000
83,121,2,0,0.0000000000
83,121,3,0,0.0000000000
83,122,1,0,0.0000000000
83,122,2,0,0.0000000000
83,122,3,0,0.0000000000
83,123,1,0,0.0000000000
83,123,2,0,0.0000000000
83,123,3,0,0.0000000000
83,124,1,0,0.0000000000
83,124,2,0,0.0000000000
83,124,3,0,0.0000000000
83,125,1,0,0.0000000000
83,125,2,0,0.0000000000
83,125,3,0,0.0000000000
83,126,1,0,0.0000000000
83,126,2,0,0.0000000000
83,126,3,0,0.0000000000
83,127,1,0,0.0000000000
83,127,2,0,0.0000000000
83,127,3,0,0.0000000000
83,128,1,0,0.0000000000
83,128,2,0,0.0000000000
83,128,3,0,0.0000000000
83,129,1,0,0.0000000000
83,129,2,0,0.0000000000
83,129,3,0,0.0000000000
83,130,1,0,0.0000000000
83,130,2,0,0.0000000000
83,130,3,0,0.0000000000
83,131,1,0,0.0000000000
83,131,2,0,0.0000000000
83,131,3,0,0.0000000000
83,132,1,0,0.0000000000
83,132,2,0,0.0000000000
83,132,3,0,0.0000000000
83,133,1,0,0.0000000000
83,133,2,0,0.0000000000
83,133,3,0,0.0000000000
83,134,1,0,0.0000000000
83,134,2,0,0.0000000000
83,134,3,0,0.0000000000
83,135,1,0,0.0000000000
83,135,2,0,0.0000000000
83,135,3,0,0.0000000000
83,136,1,0,0.0000000000
83,136,2,0,0.0000000000
83,136,3,0,0.0000000000
83,137,1,0,0.0000000000
83,137,2,0,0.0000000000
83,137,3,0,0.0000000000
83,138,1,0,0.0000000000
83,138,2,0,0.0000000000
83,138,3,0,0.0000000000
83,139,1,0,0.0000000000
83,139,2,0,0.0000000000
83,139,3,0,0.0000000000
83,140,1,0,0.0000000000
83,140,2,0,0.0000000000
83,140,3,0,0.0000000000
83,141,1,0,0.0000000000
83,141,2,0,0.0000000000
83,141,3,0,0.0000000000
83,142,1,0,0.0000000000
83,142,2,0,0.0000000000
83,142,3,0,0.0000000000
83,143,1,0,0.0000000000
83,143,2,0,0.0000000000
83,143,3,0,0.0000000000
83,144,1,0,0.0000000000
83,144,2,0,0.0000000000
83,144,3,0,0.0000000000
83,145,1,0,0.0000000000
83,145,2,0,0.0000000000
83,145,3,0,0.0000000000
83,146,1,0,0.0000000000
83,146,2,0,0.0000000000
83,146,3,0,0.0000000000
83,147,1,0,0.0000000000
83,147,2,0,0.0000000000
83,147,3,0,0.0000000000
83,148,1,0,0.0000000000
83,148,2,0,0.0000000000
83,148,3,0,0.0000000000
83,149,1,0,0.0000000000
83,149,2,0,0.0000000000
83,149,3,0,0.0000000000
83,150,1,0,0.0000000000
83,150,2,0,0.0000000000
83,150,3,0,0.0000000000
83,151,1,0,0.0000000000
83,151,2,0,0.0000000000
83,151,3,0,0.0000000000
83,152,1,0,0.0000000000
83,152,2,0,0.0000000000
83,152,3,0,0.0000000000
83,153,1,0,0.0000000000
83,153,2,0,0.0000000000
83,153,3,0,0.0000000000
83,154,1,0,0.0000000000
83,154,2,0,0.0000000000
83,154,3,0,0.0000000000
83,155,1,0,0.0000000000
83,155,2,0,0.0000000000
83,155,3,0,0.0000000000
83,156,1,0,0.0000000000
83,156,2,0,0.0000000000
83,156,3,0,0.0000000000
83,157,1,0,0.0000000000
83,157,2,0,0.0000000000
83,157,3,0,0.0000000000
83,158,1,0,0.0000000000
83,158,2,0,0.0000000000
83,158,3,0,0.0000000000
83,159,1,0,0.0000000000
83,159,2,0,0.0000000000
83,159,3,0,0.0000000000
83,160,1,0,0.0000000000
83,160,2,0,0.0000000000
83,160,3,0,0.0000000000
83,161,1,0,0.0000000000
83,161,2,0,0.0000000000
83,161,3,0,0.0000000000
83,162,1,0,0.0000000000
83,162,2,0,0.0000000000
83,162,3,0,0.0000000000
83,163,1,0,0.0000000000
83,163,2,0,0.0000000000
83,163,3,0,0.0000000000
83,164,1,0,0.0000000000
83,164,2,0,0.0000000000
83,164,3,0,0.0000000000
83,165,1,0,0.0000000000
83,165,2,0,0.0000000000
83,165,3,0,0.0000000000
83,166,1,0,0.0000000000
83,166,2,0,0.0000000000
83,166,3,0,0.0000000000
83,167,1,0,0.0000000000
83,167,2,0,0.0000000000
83,167,3,0,0.0000000000
83,168,1,0,0.0000000000
83,168,2,0,0.0000000000
83,168,3,0,0.0000000000
84,1,1,0,0.0000000000
84,1,2,0,0.0000000000
84,1,3,0,0.0000000000
84,2,1,0,0.0000000000
84,2,2,0,0.0000000000
84,2,3,0,0.0000000000
84,3,1,0,0.0000000000
84,3,2,0,0.0000000000
84,3,3,0,0.0000000000
84,4,1,0,0.0000000000
84,4,2,0,0.0000000000
84,4,3,0,0.0000000000
84,5,1,0,0.0000000000
84,5,2,0,0.0000000000
84,5,3,0,0.0000000000
84,6,1,0,0.0000000000
84,6,2,0,0.0000000000
84,6,3,0,0.0000000000
84,7,1,0,0.0000000000
84,7,2,0,0.0000000000
84,7,3,0,0.0000000000
84,8,1,0,0.0000000000
84,8,2,0,0.0000000000
84,8,3,0,0.0000000000
84,9,1,0,0.0000000000
84,9,2,0,0.0000000000
84,9,3,0,0.0000000000
84,10,1,0,0.0000000000
84,10,2,0,0.0000000000
84,10,3,0,0.0000000000
84,11,1,0,0.0000000000
84,11,2,0,0.0000000000
84,11,3,0,0.0000000000
84,12,1,0,0.0000000000
84,12,2,0,0.0000000000
84,12,3,0,0.0000000000
84,13,1,0,0.0000000000
84,13,2,0,0.0000000000
84,13,3,0,0.0000000000
84,14,1,0,0.0000000000
84,14,2,0,0.0000000000
84,14,3,0,0.0000000000
84,15,1,0,0.0000000000
84,15,2,0,0.0000000000
84,15,3,0,0.0000000000
84,16,1,0,0.0000000000
84,16,2,0,0.0000000000
84,16,3,0,0.0000000000
84,17,1,0,0.0000000000
84,17,2,0,0.0000000000
84,17,3,0,0.0000000000
84,18,1,0,0.0000000000
84,18,2,0,0.0000000000
84,18,3,0,0.0000000000
84,19,1,0,0.0000000000
84,19,2,0,0.0000000000
84,19,3,0,0.0000000000
84,20,1,0,0.0000000000
84,20,2,0,0.0000000000
84,20,3,0,0.0000000000
84,21,1,0,0.0000000000
84,21,2,0,0.0000000000
84,21,3,0,0.0000000000
84,22,1,0,0.0000000000
84,22,2,0,0.0000000000
84,22,3,0,0.0000000000
84,23,1,0,0.0000000000
84,23,2,0,0.0000000000
84,23,3,0,0.0000000000
84,24,1,0,0.0000000000
84,24,2,0,0.0000000000
84,24,3,0,0.0000000000
84,25,1,0,0.0000000000
84,25,2,0,0.0000000000
84,25,3,0,0.0000000000
84,26,1,0,0.0000000000
84,26,2,0,0.0000000000
84,26,3,0,0.0000000000
84,27,1,0,0.0000000000
84,27,2,0,0.0000000000
84,27,3,0,0.0000000000
84,28,1,0,0.0000000000
84,28,2,0,0.0000000000
84,28,3,0,0.0000000000
84,29,1,0,0.0000000000
84,29,2,0,0.0000000000
84,29,3,0,0.0000000000
84,30,1,0,0.0000000000
84,30,2,0,0.0000000000
84,30,3,0,0.0000000000
84,31,1,0,0.0000000000
84,31,2,0,0.0000000000
84,31,3,0,0.0000000000
84,32,1,0,0.0000000000
84,32,2,0,0.0000000000
84,32,3,0,0.0000000000
84,33,1,0,0.0000000000
84,33,2,0,0.0000000000
84,33,3,0,0.0000000000
84,34,1,0,0.0000000000
84,34,2,0,0.0000000000
84,34,3,0,0.0000000000
84,35,1,0,0.0000000000
84,35,2,0,0.0000000000
84,35,3,0,0.0000000000
84,36,1,0,0.0000000000
84,36,2,0,0.0000000000
84,36,3,0,0.0000000000
84,37,1,0,0.0000000000
84,37,2,0,0.0000000000
84,37,3,0,0.0000000000
84,38,1,0,0.0000000000
84,38,2,0,0.0000000000
84,38,3,0,0.0000000000
84,39,1,0,0.0000000000
84,39,2,0,0.0000000000
84,39,3,0,0.0000000000
84,40,1,0,0.0000000000
84,40,2,0,0.0000000000
84,40,3,0,0.0000000000
84,41,1,0,0.0000000000
84,41,2,0,0.0000000000
84,41,3,0,0.0000000000
84,42,1,0,0.0000000000
84,42,2,0,0.0000000000
84,42,3,0,0.0000000000
84,43,1,0,0.0000000000
84,43,2,0,0.0000000000
84,43,3,0,0.0000000000
84,44,1,0,0.0000000000
84,44,2,0,0.0000000000
84,44,3,0,0.0000000000
84,45,1,0,0.0000000000
84,45,2,0,0.0000000000
84,45,3,0,0.0000000000
84,46,1,0,0.0000000000
84,46,2,0,0.0000000000
84,46,3,0,0.0000000000
84,47,1,0,0.0000000000
84,47,2,0,0.0000000000
84,47,3,0,0.0000000000
84,48,1,0,0.0000000000
84,48,2,0,0.0000000000
84,48,3,0,0.0000000000
84,49,1,0,0.0000000000
84,49,2,0,0.0000000000
84,49,3,0,0.0000000000
84,50,1,0,0.0000000000
84,50,2,0,0.0000000000
84,50,3,0,0.0000000000
84,51,1,0,0.0000000000
84,51,2,0,0.0000000000
84,51,3,0,0.0000000000
84,52,1,0,0.0000000000
84,52,2,0,0.0000000000
84,52,3,0,0.0000000000
84,53,1,0,0.0000000000
84,53,2,0,0.0000000000
84,53,3,0,0.0000000000
84,54,1,0,0.0000000000
84,54,2,0,0.0000000000
84,54,3,0,0.0000000000
84,55,1,0,0.0000000000
84,55,2,0,0.0000000000
84,55,3,0,0.0000000000
84,56,1,0,0.0000000000
84,56,2,0,0.0000000000
84,56,3,0,0.0000000000
84,57,1,0,0.0000000000
84,57,2,0,0.0000000000
84,57,3,0,0.0000000000
84,58,1,0,0.0000000000
84,58,2,0,0.0000000000
84,58,3,0,0.0000000000
84,59,1,0,0.0000000000
84,59,2,0,0.0000000000
84,59,3,0,0.0000000000
84,60,1,0,0.0000000000
84,60,2,0,0.0000000000
84,60,3,0,0.0000000000
84,61,1,0,0.0000000000
84,61,2,0,0.0000000000
84,61,3,0,0.0000000000
84,62,1,0,0.0000000000
84,62,2,0,0.0000000000
84,62,3,0,0.0000000000
84,63,1,0,0.0000000000
84,63,2,0,0.0000000000
84,63,3,0,0.0000000000
84,64,1,0,0.0000000000
84,64,2,0,0.0000000000
84,64,3,0,0.0000000000
84,65,1,0,0.0000000000
84,65,2,0,0.0000000000
84,65,3,0,0.0000000000
84,66,1,0,0.0000000000
84,66,2,0,0.0000000000
84,66,3,0,0.0000000000
84,67,1,0,0.0000000000
84,67,2,0,0.0000000000
84,67,3,0,0.0000000000
84,68,1,0,0.0000000000
84,68,2,0,0.0000000000
84,68,3,0,0.0000000000
84,69,1,0,0.0000000000
84,69,2,0,0.0000000000
84,69,3,0,0.0000000000
84,70,1,0,0.0000000000
84,70,2,0,0.0000000000
84,70,3,0,0.0000000000
84,71,1,0,0.0000000000
84,71,2,0,0.0000000000
84,71,3,0,0.0000000000
84,72,1,0,0.0000000000
84,72,2,0,0.0000000000
84,72,3,0,0.0000000000
84,73,1,0,0.0000000000
84,73,2,0,0.0000000000
84,73,3,0,0.0000000000
84,74,1,0,0.0000000000
84,74,2,0,0.0000000000
84,74,3,0,0.0000000000
84,75,1,0,0.0000000000
84,75,2,0,0.0000000000
84,75,3,0,0.0000000000
84,76,1,0,0.0000000000
84,76,2,0,0.0000000000
84,76,3,0,0.0000000000
84,77,1,0,0.0000000000
84,77,2,0,0.0000000000
84,77,3,0,0.0000000000
84,78,1,0,0.0000000000
84,78,2,0,0.0000000000
84,78,3,0,0.0000000000
84,79,1,0,0.0000000000
84,79,2,0,0.0000000000
84,79,3,0,0.0000000000
84,80,1,0,0.0000000000
84,80,2,0,0.0000000000
84,80,3,0,0.0000000000
84,81,1,0,0.0000000000
84,81,2,0,0.0000000000
84,81,3,0,0.0000000000
84,82,1,0,0.0000000000
84,82,2,0,0.0000000000
84,82,3,0,0.0000000000
84,83,1,0,0.0000000000
84,83,2,0,0.0000000000
84,83,3,0,0.0000000000
84,84,1,0,0.0000000000
84,84,2,0,0.0000000000
84,84,3,0,0.0000000000
84,85,1,0,0.0000000000
84,85,2,0,0.0000000000
84,85,3,0,0.0000000000
84,86,1,0,0.0000000000
84,86,2,0,0.0000000000
84,86,3,0,0.0000000000
84,87,1,0,0.0000000000
84,87,2,0,0.0000000000
84,87,3,0,0.0000000000
84,88,1,0,0.0000000000
84,88,2,0,0.0000000000
84,88,3,0,0.0000000000
84,89,1,0,0.0000000000
84,89,2,0,0.0000000000
84,89,3,0,0.0000000000
84,90,1,0,0.0000000000
84,90,2,0,0.0000000000
84,90,3,0,0.0000000000
84,91,1,0,0.0000000000
84,91,2,0,0.0000000000
84,91,3,0,0.0000000000
84,92,1,0,0.0000000000
84,92,2,0,0.0000000000
84,92,3,0,0.0000000000
84,93,1,0,0.0000000000
84,93,2,0,0.0000000000
84,93,3,0,0.0000000000
84,94,1,0,0.0000000000
84,94,2,0,0.0000000000
84,94,3,0,0.0000000000
84,95,1,0,0.0000000000
84,95,2,0,0.0000000000
84,95,3,0,0.0000000000
84,96,1,0,0.0000000000
84,96,2,0,0.0000000000
84,96,3,0,0.0000000000
84,97,1,0,0.0000000000
84,97,2,0,0.0000000000
84,97,3,0,0.0000000000
84,98,1,0,0.0000000000
84,98,2,0,0.0000000000
84,98,3,0,0.0000000000
84,99,1,0,0.0000000000
84,99,2,0,0.0000000000
84,99,3,0,0.0000000000
84,100,1,0,0.0000000000
84,100,2,0,0.0000000000
84,100,3,0,0.0000000000
84,101,1,0,0.0000000000
84,101,2,0,0.0000000000
84,101,3,0,0.0000000000
84,102,1,0,0.0000000000
84,102,2,0,0.0000000000
84,102,3,0,0.0000000000
84,103,1,0,0.0000000000
84,103,2,0,0.0000000000
84,103,3,0,0.0000000000
84,104,1,0,0.0000000000
84,104,2,0,0.0000000000
84,104,3,0,0.0000000000
84,105,1,0,0.0000000000
84,105,2,0,0.0000000000
84,105,3,0,0.0000000000
84,106,1,0,0.0000000000
84,106,2,0,0.0000000000
84,106,3,0,0.0000000000
84,107,1,0,0.0000000000
84,107,2,0,0.0000000000
84,107,3,0,0.0000000000
84,108,1,0,0.0000000000
84,108,2,0,0.0000000000
84,108,3,0,0.0000000000
84,109,1,0,0.0000000000
84,109,2,0,0.0000000000
84,109,3,0,0.0000000000
84,110,1,0,0.0000000000
84,110,2,0,0.0000000000
84,110,3,0,0.0000000000
84,111,1,0,0.0000000000
84,111,2,0,0.0000000000
84,111,3,0,0.0000000000
84,112,1,0,0.0000000000
84,112,2,0,0.0000000000
84,112,3,0,0.0000000000
84,113,1,0,0.0000000000
84,113,2,0,0.0000000000
84,113,3,0,0.0000000000
84,114,1,0,0.0000000000
84,114,2,0,0.0000000000
84,114,3,0,0.0000000000
84,115,1,0,0.0000000000
84,115,2,0,0.0000000000
84,115,3,0,0.0000000000
84,116,1,0,0.0000000000
84,116,2,0,0.0000000000
84,116,3,0,0.0000000000
84,117,1,0,0.0000000000
84,117,2,0,0.0000000000
84,117,3,0,0.0000000000
84,118,1,0,0.0000000000
84,118,2,0,0.0000000000
84,118,3,0,0.0000000000
84,119,1,0,0.0000000000
84,119,2,0,0.0000000000
84,119,3,0,0.0000000000
84,120,1,0,0.0000000000
84,120,2,0,0.0000000000
84,120,3,0,0.0000000000
84,121,1,0,0.0000000000
84,121,2,0,0.0000000000
84,121,3,0,0.0000000000
84,122,1,0,0.0000000000
84,122,2,0,0.0000000000
84,122,3,0,0.0000000000
84,123,1,0,0.0000000000
84,123,2,0,0.0000000000
84,123,3,0,0.0000000000
84,124,1,0,0.0000000000
84,124,2,0,0.0000000000
84,124,3,0,0.0000000000
84,125,1,0,0.0000000000
84,125,2,0,0.0000000000
84,125,3,0,0.0000000000
84,126,1,0,0.0000000000
84,126,2,0,0.0000000000
84,126,3,0,0.0000000000
84,127,1,0,0.0000000000
84,127,2,0,0.0000000000
84,127,3,0,0.0000000000
84,128,1,0,0.0000000000
84,128,2,0,0.0000000000
84,128,3,0,0.0000000000
84,129,1,0,0.0000000000
84,129,2,0,0.0000000000
84,129,3,0,0.0000000000
84,130,1,0,0.0000000000
84,130,2,0,0.0000000000
84,130,3,0,0.0000000000
84,131,1,0,0.0000000000
84,131,2,0,0.0000000000
84,131,3,0,0.0000000000
84,132,1,0,0.0000000000
84,132,2,0,0.0000000000
84,132,3,0,0.0000000000
84,133,1,0,0.0000000000
84,133,2,0,0.0000000000
84,133,3,0,0.0000000000
84,134,1,0,0.0000000000
84,134,2,0,0.0000000000
84,134,3,0,0.0000000000
84,135,1,0,0.0000000000
84,135,2,0,0.0000000000
84,135,3,0,0.0000000000
84,136,1,0,0.0000000000
84,136,2,0,0.0000000000
84,136,3,0,0.0000000000
84,137,1,0,0.0000000000
84,137,2,0,0.0000000000
84,137,3,0,0.0000000000
84,138,1,0,0.0000000000
84,138,2,0,0.0000000000
84,138,3,0,0.0000000000
84,139,1,0,0.0000000000
84,139,2,0,0.0000000000
84,139,3,0,0.0000000000
84,140,1,0,0.0000000000
84,140,2,0,0.0000000000
84,140,3,0,0.0000000000
84,141,1,0,0.0000000000
84,141,2,0,0.0000000000
84,141,3,0,0.0000000000
84,142,1,0,0.0000000000
84,142,2,0,0.0000000000
84,142,3,0,0.0000000000
84,143,1,0,0.0000000000
84,143,2,0,0.0000000000
84,143,3,0,0.0000000000
84,144,1,0,0.0000000000
84,144,2,0,0.0000000000
84,144,3,0,0.0000000000
84,145,1,0,0.0000000000
84,145,2,0,0.0000000000
84,145,3,0,0.0000000000
84,146,1,0,0.0000000000
84,146,2,0,0.0000000000
84,146,3,0,0.0000000000
84,147,1,0,0.0000000000
84,147,2,0,0.0000000000
84,147,3,0,0.0000000000
84,148,1,0,0.0000000000
84,148,2,0,0.0000000000
84,148,3,0,0.0000000000
84,149,1,0,0.0000000000
84,149,2,0,0.0000000000
84,149,3,0,0.0000000000
84,150,1,0,0.0000000000
84,150,2,0,0.0000000000
84,150,3,0,0.0000000000
84,151,1,0,0.0000000000
84,151,2,0,0.0000000000
84,151,3,0,0.0000000000
84,152,1,0,0.0000000000
84,152,2,0,0.0000000000
84,152,3,0,0.0000000000
84,153,1,0,0.0000000000
84,153,2,0,0.0000000000
84,153,3,0,0.0000000000
84,154,1,0,0.0000000000
84,154,2,0,0.0000000000
84,154,3,0,0.0000000000
84,155,1,0,0.0000000000
84,155,2,0,0.0000000000
84,155,3,0,0.0000000000
84,156,1,0,0.0000000000
84,156,2,0,0.0000000000
84,156,3,0,0.0000000000
84,157,1,0,0.0000000000
84,157,2,0,0.0000000000
84,157,3,0,0.0000000000
84,158,1,0,0.0000000000
84,158,2,0,0.0000000000
84,158,3,0,0.0000000000
84,159,1,0,0.0000000000
84,159,2,0,0.0000000000
84,159,3,0,0.0000000000
84,160,1,0,0.0000000000
84,160,2,0,0.0000000000
84,160,3,0,0.0000000000
84,161,1,0,0.0000000000
84,161,2,0,0.0000000000
84,161,3,0,0.0000000000
84,162,1,0,0.0000000000
84,162,2,0,0.0000000000
84,162,3,0,0.0000000000
84,163,1,0,0.0000000000
84,163,2,0,0.0000000000
84,163,3,0,0.0000000000
84,164,1,0,0.0000000000
84,164,2,0,0.0000000000
84,164,3,0,0.0000000000
84,165,1,0,0.0000000000
84,165,2,0,0.0000000000
84,165,3,0,0.0000000000
84,166,1,0,0.0000000000
84,166,2,0,0.0000000000
84,166,3,0,0.0000000000
84,167,1,0,0.0000000000
84,167,2,0,0.0000000000
84,167,3,0,0.0000000000
84,168,1,0,0.0000000000
84,168,2,0,0.0000000000
84,168,3,0,0.0000000000
86,1,1,0,0.0000000000
86,1,2,0,0.0000000000
86,1,3,0,0.0000000000
86,2,1,0,0.0000000000
86,2,2,0,0.0000000000
86,2,3,0,0.0000000000
86,3,1,0,0.0000000000
86,3,2,0,0.0000000000
86,3,3,0,0.0000000000
86,4,1,0,0.0000000000
86,4,2,0,0.0000000000
86,4,3,0,0.0000000000
86,5,1,0,0.0000000000
86,5,2,0,0.0000000000
86,5,3,0,0.0000000000
86,6,1,0,0.0000000000
86,6,2,0,0.0000000000
86,6,3,0,0.0000000000
86,7,1,0,0.0000000000
86,7,2,0,0.0000000000
86,7,3,0,0.0000000000
86,8,1,0,0.0000000000
86,8,2,0,0.0000000000
86,8,3,0,0.0000000000
86,9,1,0,0.0000000000
86,9,2,0,0.0000000000
86,9,3,0,0.0000000000
86,10,1,0,0.0000000000
86,10,2,0,0.0000000000
86,10,3,0,0.0000000000
86,11,1,0,0.0000000000
86,11,2,0,0.0000000000
86,11,3,0,0.0000000000
86,12,1,0,0.0000000000
86,12,2,0,0.0000000000
86,12,3,0,0.0000000000
86,13,1,0,0.0000000000
86,13,2,0,0.0000000000
86,13,3,0,0.0000000000
86,14,1,0,0.0000000000
86,14,2,0,0.0000000000
86,14,3,0,0.0000000000
86,15,1,0,0.0000000000
86,15,2,0,0.0000000000
86,15,3,0,0.0000000000
86,16,1,0,0.0000000000
86,16,2,0,0.0000000000
86,16,3,0,0.0000000000
86,17,1,0,0.0000000000
86,17,2,0,0.0000000000
86,17,3,0,0.0000000000
86,18,1,0,0.0000000000
86,18,2,0,0.0000000000
86,18,3,0,0.0000000000
86,19,1,0,0.0000000000
86,19,2,0,0.0000000000
86,19,3,0,0.0000000000
86,20,1,0,0.0000000000
86,20,2,0,0.0000000000
86,20,3,0,0.0000000000
86,21,1,0,0.0000000000
86,21,2,0,0.0000000000
86,21,3,0,0.0000000000
86,22,1,0,0.0000000000
86,22,2,0,0.0000000000
86,22,3,0,0.0000000000
86,23,1,0,0.0000000000
86,23,2,0,0.0000000000
86,23,3,0,0.0000000000
86,24,1,0,0.0000000000
86,24,2,0,0.0000000000
86,24,3,0,0.0000000000
86,25,1,0,0.0000000000
86,25,2,0,0.0000000000
86,25,3,0,0.0000000000
86,26,1,0,0.0000000000
86,26,2,0,0.0000000000
86,26,3,0,0.0000000000
86,27,1,0,0.0000000000
86,27,2,0,0.0000000000
86,27,3,0,0.0000000000
86,28,1,0,0.0000000000
86,28,2,0,0.0000000000
86,28,3,0,0.0000000000
86,29,1,0,0.0000000000
86,29,2,0,0.0000000000
86,29,3,0,0.0000000000
86,30,1,0,0.0000000000
86,30,2,0,0.0000000000
86,30,3,0,0.0000000000
86,31,1,0,0.0000000000
86,31,2,0,0.0000000000
86,31,3,0,0.0000000000
86,32,1,0,0.0000000000
86,32,2,0,0.0000000000
86,32,3,0,0.0000000000
86,33,1,0,0.0000000000
86,33,2,0,0.0000000000
86,33,3,0,0.0000000000
86,34,1,0,0.0000000000
86,34,2,0,0.0000000000
86,34,3,0,0.0000000000
86,35,1,0,0.0000000000
86,35,2,0,0.0000000000
86,35,3,0,0.0000000000
86,36,1,0,0.0000000000
86,36,2,0,0.0000000000
86,36,3,0,0.0000000000
86,37,1,0,0.0000000000
86,37,2,0,0.0000000000
86,37,3,0,0.0000000000
86,38,1,0,0.0000000000
86,38,2,0,0.0000000000
86,38,3,0,0.0000000000
86,39,1,0,0.0000000000
86,39,2,0,0.0000000000
86,39,3,0,0.0000000000
86,40,1,0,0.0000000000
86,40,2,0,0.0000000000
86,40,3,0,0.0000000000
86,41,1,0,0.0000000000
86,41,2,0,0.0000000000
86,41,3,0,0.0000000000
86,42,1,0,0.0000000000
86,42,2,0,0.0000000000
86,42,3,0,0.0000000000
86,43,1,0,0.0000000000
86,43,2,0,0.0000000000
86,43,3,0,0.0000000000
86,44,1,0,0.0000000000
86,44,2,0,0.0000000000
86,44,3,0,0.0000000000
86,45,1,0,0.0000000000
86,45,2,0,0.0000000000
86,45,3,0,0.0000000000
86,46,1,0,0.0000000000
86,46,2,0,0.0000000000
86,46,3,0,0.0000000000
86,47,1,0,0.0000000000
86,47,2,0,0.0000000000
86,47,3,0,0.0000000000
86,48,1,0,0.0000000000
86,48,2,0,0.0000000000
86,48,3,0,0.0000000000
86,49,1,0,0.0000000000
86,49,2,0,0.0000000000
86,49,3,0,0.0000000000
86,50,1,0,0.0000000000
86,50,2,0,0.0000000000
86,50,3,0,0.0000000000
86,51,1,0,0.0000000000
86,51,2,0,0.0000000000
86,51,3,0,0.0000000000
86,52,1,0,0.0000000000
86,52,2,0,0.0000000000
86,52,3,0,0.0000000000
86,53,1,0,0.0000000000
86,53,2,0,0.0000000000
86,53,3,0,0.0000000000
86,54,1,0,0.0000000000
86,54,2,0,0.0000000000
86,54,3,0,0.0000000000
86,55,1,0,0.0000000000
86,55,2,0,0.0000000000
86,55,3,0,0.0000000000
86,56,1,0,0.0000000000
86,56,2,0,0.0000000000
86,56,3,0,0.0000000000
86,57,1,0,0.0000000000
86,57,2,0,0.0000000000
86,57,3,0,0.0000000000
86,58,1,0,0.0000000000
86,58,2,0,0.0000000000
86,58,3,0,0.0000000000
86,59,1,0,0.0000000000
86,59,2,0,0.0000000000
86,59,3,0,0.0000000000
86,60,1,0,0.0000000000
86,60,2,0,0.0000000000
86,60,3,0,0.0000000000
86,61,1,0,0.0000000000
86,61,2,0,0.0000000000
86,61,3,0,0.0000000000
86,62,1,0,0.0000000000
86,62,2,0,0.0000000000
86,62,3,0,0.0000000000
86,63,1,0,0.0000000000
86,63,2,0,0.0000000000
86,63,3,0,0.0000000000
86,64,1,0,0.0000000000
86,64,2,0,0.0000000000
86,64,3,0,0.0000000000
86,65,1,0,0.0000000000
86,65,2,0,0.0000000000
86,65,3,0,0.0000000000
86,66,1,0,0.0000000000
86,66,2,0,0.0000000000
86,66,3,0,0.0000000000
86,67,1,0,0.0000000000
86,67,2,0,0.0000000000
86,67,3,0,0.0000000000
86,68,1,0,0.0000000000
86,68,2,0,0.0000000000
86,68,3,0,0.0000000000
86,69,1,0,0.0000000000
86,69,2,0,0.0000000000
86,69,3,0,0.0000000000
86,70,1,0,0.0000000000
86,70,2,0,0.0000000000
86,70,3,0,0.0000000000
86,71,1,0,0.0000000000
86,71,2,0,0.0000000000
86,71,3,0,0.0000000000
86,72,1,0,0.0000000000
86,72,2,0,0.0000000000
86,72,3,0,0.0000000000
86,73,1,0,0.0000000000
86,73,2,0,0.0000000000
86,73,3,0,0.0000000000
86,74,1,0,0.0000000000
86,74,2,0,0.0000000000
86,74,3,0,0.0000000000
86,75,1,0,0.0000000000
86,75,2,0,0.0000000000
86,75,3,0,0.0000000000
86,76,1,0,0.0000000000
86,76,2,0,0.0000000000
86,76,3,0,0.0000000000
86,77,1,0,0.0000000000
86,77,2,0,0.0000000000
86,77,3,0,0.0000000000
86,78,1,0,0.0000000000
86,78,2,0,0.0000000000
86,78,3,0,0.0000000000
86,79,1,0,0.0000000000
86,79,2,0,0.0000000000
86,79,3,0,0.0000000000
86,80,1,0,0.0000000000
86,80,2,0,0.0000000000
86,80,3,0,0.0000000000
86,81,1,0,0.0000000000
86,81,2,0,0.0000000000
86,81,3,0,0.0000000000
86,82,1,0,0.0000000000
86,82,2,0,0.0000000000
86,82,3,0,0.0000000000
86,83,1,0,0.0000000000
86,83,2,0,0.0000000000
86,83,3,0,0.0000000000
86,84,1,0,0.0000000000
86,84,2,0,0.0000000000
86,84,3,0,0.0000000000
86,85,1,0,0.0000000000
86,85,2,0,0.0000000000
86,85,3,0,0.0000000000
86,86,1,0,0.0000000000
86,86,2,0,0.0000000000
86,86,3,0,0.0000000000
86,87,1,0,0.0000000000
86,87,2,0,0.0000000000
86,87,3,0,0.0000000000
86,88,1,0,0.0000000000
86,88,2,0,0.0000000000
86,88,3,0,0.0000000000
86,89,1,0,0.0000000000
86,89,2,0,0.0000000000
86,89,3,0,0.0000000000
86,90,1,0,0.0000000000
86,90,2,0,0.0000000000
86,90,3,0,0.0000000000
86,91,1,0,0.0000000000
86,91,2,0,0.0000000000
86,91,3,0,0.0000000000
86,92,1,0,0.0000000000
86,92,2,0,0.0000000000
86,92,3,0,0.0000000000
86,93,1,0,0.0000000000
86,93,2,0,0.0000000000
86,93,3,0,0.0000000000
86,94,1,0,0.0000000000
86,94,2,0,0.0000000000
86,94,3,0,0.0000000000
86,95,1,0,0.0000000000
86,95,2,0,0.0000000000
86,95,3,0,0.0000000000
86,96,1,0,0.0000000000
86,96,2,0,0.0000000000
86,96,3,0,0.0000000000
86,97,1,0,0.0000000000
86,97,2,0,0.0000000000
86,97,3,0,0.0000000000
86,98,1,0,0.0000000000
86,98,2,0,0.0000000000
86,98,3,0,0.0000000000
86,99,1,0,0.0000000000
86,99,2,0,0.0000000000
86,99,3,0,0.0000000000
86,100,1,0,0.0000000000
86,100,2,0,0.0000000000
86,100,3,0,0.0000000000
86,101,1,0,0.0000000000
86,101,2,0,0.0000000000
86,101,3,0,0.0000000000
86,102,1,0,0.0000000000
86,102,2,0,0.0000000000
86,102,3,0,0.0000000000
86,103,1,0,0.0000000000
86,103,2,0,0.0000000000
86,103,3,0,0.0000000000
86,104,1,0,0.0000000000
86,104,2,0,0.0000000000
86,104,3,0,0.0000000000
86,105,1,0,0.0000000000
86,105,2,0,0.0000000000
86,105,3,0,0.0000000000
86,106,1,0,0.0000000000
86,106,2,0,0.0000000000
86,106,3,0,0.0000000000
86,107,1,0,0.0000000000
86,107,2,0,0.0000000000
86,107,3,0,0.0000000000
86,108,1,0,0.0000000000
86,108,2,0,0.0000000000
86,108,3,0,0.0000000000
86,109,1,0,0.0000000000
86,109,2,0,0.0000000000
86,109,3,0,0.0000000000
86,110,1,0,0.0000000000
86,110,2,0,0.0000000000
86,110,3,0,0.0000000000
86,111,1,0,0.0000000000
86,111,2,0,0.0000000000
86,111,3,0,0.0000000000
86,112,1,0,0.0000000000
86,112,2,0,0.0000000000
86,112,3,0,0.0000000000
86,113,1,0,0.0000000000
86,113,2,0,0.0000000000
86,113,3,0,0.0000000000
86,114,1,0,0.0000000000
86,114,2,0,0.0000000000
86,114,3,0,0.0000000000
86,115,1,0,0.0000000000
86,115,2,0,0.0000000000
86,115,3,0,0.0000000000
86,116,1,0,0.0000000000
86,116,2,0,0.0000000000
86,116,3,0,0.0000000000
86,117,1,0,0.0000000000
86,117,2,0,0.0000000000
86,117,3,0,0.0000000000
86,118,1,0,0.0000000000
86,118,2,0,0.0000000000
86,118,3,0,0.0000000000
86,119,1,0,0.0000000000
86,119,2,0,0.0000000000
86,119,3,0,0.0000000000
86,120,1,0,0.0000000000
86,120,2,0,0.0000000000
86,120,3,0,0.0000000000
86,121,1,0,0.0000000000
86,121,2,0,0.0000000000
86,121,3,0,0.0000000000
86,122,1,0,0.0000000000
86,122,2,0,0.0000000000
86,122,3,0,0.0000000000
86,123,1,0,0.0000000000
86,123,2,0,0.0000000000
86,123,3,0,0.0000000000
86,124,1,0,0.0000000000
86,124,2,0,0.0000000000
86,124,3,0,0.0000000000
86,125,1,0,0.0000000000
86,125,2,0,0.0000000000
86,125,3,0,0.0000000000
86,126,1,0,0.0000000000
86,126,2,0,0.0000000000
86,126,3,0,0.0000000000
86,127,1,0,0.0000000000
86,127,2,0,0.0000000000
86,127,3,0,0.0000000000
86,128,1,0,0.0000000000
86,128,2,0,0.0000000000
86,128,3,0,0.0000000000
86,129,1,0,0.0000000000
86,129,2,0,0.0000000000
86,129,3,0,0.0000000000
86,130,1,0,0.0000000000
86,130,2,0,0.0000000000
86,130,3,0,0.0000000000
86,131,1,0,0.0000000000
86,131,2,0,0.0000000000
86,131,3,0,0.0000000000
86,132,1,0,0.0000000000
86,132,2,0,0.0000000000
86,132,3,0,0.0000000000
86,133,1,0,0.0000000000
86,133,2,0,0.0000000000
86,133,3,0,0.0000000000
86,134,1,0,0.0000000000
86,134,2,0,0.0000000000
86,134,3,0,0.0000000000
86,135,1,0,0.0000000000
86,135,2,0,0.0000000000
86,135,3,0,0.0000000000
86,136,1,0,0.0000000000
86,136,2,0,0.0000000000
86,136,3,0,0.0000000000
86,137,1,0,0.0000000000
86,137,2,0,0.0000000000
86,137,3,0,0.0000000000
86,138,1,0,0.0000000000
86,138,2,0,0.0000000000
86,138,3,0,0.0000000000
86,139,1,0,0.0000000000
86,139,2,0,0.0000000000
86,139,3,0,0.0000000000
86,140,1,0,0.0000000000
86,140,2,0,0.0000000000
86,140,3,0,0.0000000000
86,141,1,0,0.0000000000
86,141,2,0,0.0000000000
86,141,3,0,0.0000000000
86,142,1,0,0.0000000000
86,142,2,0,0.0000000000
86,142,3,0,0.0000000000
86,143,1,0,0.0000000000
86,143,2,0,0.0000000000
86,143,3,0,0.0000000000
86,144,1,0,0.0000000000
86,144,2,0,0.0000000000
86,144,3,0,0.0000000000
86,145,1,0,0.0000000000
86,145,2,0,0.0000000000
86,145,3,0,0.0000000000
86,146,1,0,0.0000000000
86,146,2,0,0.0000000000
86,146,3,0,0.0000000000
86,147,1,0,0.0000000000
86,147,2,0,0.0000000000
86,147,3,0,0.0000000000
86,148,1,0,0.0000000000
86,148,2,0,0.0000000000
86,148,3,0,0.0000000000
86,149,1,0,0.0000000000
86,149,2,0,0.0000000000
86,149,3,0,0.0000000000
86,150,1,0,0.0000000000
86,150,2,0,0.0000000000
86,150,3,0,0.0000000000
86,151,1,0,0.0000000000
86,151,2,0,0.0000000000
86,151,3,0,0.0000000000
86,152,1,0,0.0000000000
86,152,2,0,0.0000000000
86,152,3,0,0.0000000000
86,153,1,0,0.0000000000
86,153,2,0,0.0000000000
86,153,3,0,0.0000000000
86,154,1,0,0.0000000000
86,154,2,0,0.0000000000
86,154,3,0,0.0000000000
86,155,1,0,0.0000000000
86,155,2,0,0.0000000000
86,155,3,0,0.0000000000
86,156,1,0,0.0000000000
86,156,2,0,0.0000000000
86,156,3,0,0.0000000000
86,157,1,0,0.0000000000
86,157,2,0,0.0000000000
86,157,3,0,0.0000000000
86,158,1,0,0.0000000000
86,158,2,0,0.0000000000
86,158,3,0,0.0000000000
86,159,1,0,0.0000000000
86,159,2,0,0.0000000000
86,159,3,0,0.0000000000
86,160,1,0,0.0000000000
86,160,2,0,0.0000000000
86,160,3,0,0.0000000000
86,161,1,0,0.0000000000
86,161,2,0,0.0000000000
86,161,3,0,0.0000000000
86,162,1,0,0.0000000000
86,162,2,0,0.0000000000
86,162,3,0,0.0000000000
86,163,1,0,0.0000000000
86,163,2,0,0.0000000000
86,163,3,0,0.0000000000
86,164,1,0,0.0000000000
86,164,2,0,0.0000000000
86,164,3,0,0.0000000000
86,165,1,0,0.0000000000
86,165,2,0,0.0000000000
86,165,3,0,0.0000000000
86,166,1,0,0.0000000000
86,166,2,0,0.0000000000
86,166,3,0,0.0000000000
86,167,1,0,0.0000000000
86,167,2,0,0.0000000000
86,167,3,0,0.0000000000
86,168,1,0,0.0000000000
86,168,2,0,0.0000000000
86,168,3,0,0.0000000000
88,1,1,0,0.0000000000
88,1,2,0,0.0000000000
88,1,3,0,0.0000000000
88,2,1,0,0.0000000000
88,2,2,0,0.0000000000
88,2,3,0,0.0000000000
88,3,1,0,0.0000000000
88,3,2,0,0.0000000000
88,3,3,0,0.0000000000
88,4,1,0,0.0000000000
88,4,2,0,0.0000000000
88,4,3,0,0.0000000000
88,5,1,0,0.0000000000
88,5,2,0,0.0000000000
88,5,3,0,0.0000000000
88,6,1,0,0.0000000000
88,6,2,0,0.0000000000
88,6,3,0,0.0000000000
88,7,1,0,0.0000000000
88,7,2,0,0.0000000000
88,7,3,0,0.0000000000
88,8,1,0,0.0000000000
88,8,2,0,0.0000000000
88,8,3,0,0.0000000000
88,9,1,0,0.0000000000
88,9,2,0,0.0000000000
88,9,3,0,0.0000000000
88,10,1,0,0.0000000000
88,10,2,0,0.0000000000
88,10,3,0,0.0000000000
88,11,1,0,0.0000000000
88,11,2,0,0.0000000000
88,11,3,0,0.0000000000
88,12,1,0,0.0000000000
88,12,2,0,0.0000000000
88,12,3,0,0.0000000000
88,13,1,0,0.0000000000
88,13,2,0,0.0000000000
88,13,3,0,0.0000000000
88,14,1,0,0.0000000000
88,14,2,0,0.0000000000
88,14,3,0,0.0000000000
88,15,1,0,0.0000000000
88,15,2,0,0.0000000000
88,15,3,0,0.0000000000
88,16,1,0,0.0000000000
88,16,2,0,0.0000000000
88,16,3,0,0.0000000000
88,17,1,0,0.0000000000
88,17,2,0,0.0000000000
88,17,3,0,0.0000000000
88,18,1,0,0.0000000000
88,18,2,0,0.0000000000
88,18,3,0,0.0000000000
88,19,1,0,0.0000000000
88,19,2,0,0.0000000000
88,19,3,0,0.0000000000
88,20,1,0,0.0000000000
88,20,2,0,0.0000000000
88,20,3,0,0.0000000000
88,21,1,0,0.0000000000
88,21,2,0,0.0000000000
88,21,3,0,0.0000000000
88,22,1,0,0.0000000000
88,22,2,0,0.0000000000
88,22,3,0,0.0000000000
88,23,1,0,0.0000000000
88,23,2,0,0.0000000000
88,23,3,0,0.0000000000
88,24,1,0,0.0000000000
88,24,2,0,0.0000000000
88,24,3,0,0.0000000000
88,25,1,0,0.0000000000
88,25,2,0,0.0000000000
88,25,3,0,0.0000000000
88,26,1,0,0.0000000000
88,26,2,0,0.0000000000
88,26,3,0,0.0000000000
88,27,1,0,0.0000000000
88,27,2,0,0.0000000000
88,27,3,0,0.0000000000
88,28,1,0,0.0000000000
88,28,2,0,0.0000000000
88,28,3,0,0.0000000000
88,29,1,0,0.0000000000
88,29,2,0,0.0000000000
88,29,3,0,0.0000000000
88,30,1,0,0.0000000000
88,30,2,0,0.0000000000
88,30,3,0,0.0000000000
88,31,1,0,0.0000000000
88,31,2,0,0.0000000000
88,31,3,0,0.0000000000
88,32,1,0,0.0000000000
88,32,2,0,0.0000000000
88,32,3,0,0.0000000000
88,33,1,0,0.0000000000
88,33,2,0,0.0000000000
88,33,3,0,0.0000000000
88,34,1,0,0.0000000000
88,34,2,0,0.0000000000
88,34,3,0,0.0000000000
88,35,1,0,0.0000000000
88,35,2,0,0.0000000000
88,35,3,0,0.0000000000
88,36,1,0,0.0000000000
88,36,2,0,0.0000000000
88,36,3,0,0.0000000000
88,37,1,0,0.0000000000
88,37,2,0,0.0000000000
88,37,3,0,0.0000000000
88,38,1,0,0.0000000000
88,38,2,0,0.0000000000
88,38,3,0,0.0000000000
88,39,1,0,0.0000000000
88,39,2,0,0.0000000000
88,39,3,0,0.0000000000
88,40,1,0,0.0000000000
88,40,2,0,0.0000000000
88,40,3,0,0.0000000000
88,41,1,0,0.0000000000
88,41,2,0,0.0000000000
88,41,3,0,0.0000000000
88,42,1,0,0.0000000000
88,42,2,0,0.0000000000
88,42,3,0,0.0000000000
88,43,1,0,0.0000000000
88,43,2,0,0.0000000000
88,43,3,0,0.0000000000
88,44,1,0,0.0000000000
88,44,2,0,0.0000000000
88,44,3,0,0.0000000000
88,45,1,0,0.0000000000
88,45,2,0,0.0000000000
88,45,3,0,0.0000000000
88,46,1,0,0.0000000000
88,46,2,0,0.0000000000
88,46,3,0,0.0000000000
88,47,1,0,0.0000000000
88,47,2,0,0.0000000000
88,47,3,0,0.0000000000
88,48,1,0,0.0000000000
88,48,2,0,0.0000000000
88,48,3,0,0.0000000000
88,49,1,0,0.0000000000
88,49,2,0,0.0000000000
88,49,3,0,0.0000000000
88,50,1,0,0.0000000000
88,50,2,0,0.0000000000
88,50,3,0,0.0000000000
88,51,1,0,0.0000000000
88,51,2,0,0.0000000000
88,51,3,0,0.0000000000
88,52,1,0,0.0000000000
88,52,2,0,0.0000000000
88,52,3,0,0.0000000000
88,53,1,0,0.0000000000
88,53,2,0,0.0000000000
88,53,3,0,0.0000000000
88,54,1,0,0.0000000000
88,54,2,0,0.0000000000
88,54,3,0,0.0000000000
88,55,1,0,0.0000000000
88,55,2,0,0.0000000000
88,55,3,0,0.0000000000
88,56,1,0,0.0000000000
88,56,2,0,0.0000000000
88,56,3,0,0.0000000000
88,57,1,0,0.0000000000
88,57,2,0,0.0000000000
88,57,3,0,0.0000000000
88,58,1,0,0.0000000000
88,58,2,0,0.0000000000
88,58,3,0,0.0000000000
88,59,1,0,0.0000000000
88,59,2,0,0.0000000000
88,59,3,0,0.0000000000
88,60,1,0,0.0000000000
88,60,2,0,0.0000000000
88,60,3,0,0.0000000000
88,61,1,0,0.0000000000
88,61,2,0,0.0000000000
88,61,3,0,0.0000000000
88,62,1,0,0.0000000000
88,62,2,0,0.0000000000
88,62,3,0,0.0000000000
88,63,1,0,0.0000000000
88,63,2,0,0.0000000000
88,63,3,0,0.0000000000
88,64,1,0,0.0000000000
88,64,2,0,0.0000000000
88,64,3,0,0.0000000000
88,65,1,0,0.0000000000
88,65,2,0,0.0000000000
88,65,3,0,0.0000000000
88,66,1,0,0.0000000000
88,66,2,0,0.0000000000
88,66,3,0,0.0000000000
88,67,1,0,0.0000000000
88,67,2,0,0.0000000000
88,67,3,0,0.0000000000
88,68,1,0,0.0000000000
88,68,2,0,0.0000000000
88,68,3,0,0.0000000000
88,69,1,0,0.0000000000
88,69,2,0,0.0000000000
88,69,3,0,0.0000000000
88,70,1,0,0.0000000000
88,70,2,0,0.0000000000
88,70,3,0,0.0000000000
88,71,1,0,0.0000000000
88,71,2,0,0.0000000000
88,71,3,0,0.0000000000
88,72,1,0,0.0000000000
88,72,2,0,0.0000000000
88,72,3,0,0.0000000000
88,73,1,0,0.0000000000
88,73,2,0,0.0000000000
88,73,3,0,0.0000000000
88,74,1,0,0.0000000000
88,74,2,0,0.0000000000
88,74,3,0,0.0000000000
88,75,1,0,0.0000000000
88,75,2,0,0.0000000000
88,75,3,0,0.0000000000
88,76,1,0,0.0000000000
88,76,2,0,0.0000000000
88,76,3,0,0.0000000000
88,77,1,0,0.0000000000
88,77,2,0,0.0000000000
88,77,3,0,0.0000000000
88,78,1,0,0.0000000000
88,78,2,0,0.0000000000
88,78,3,0,0.0000000000
88,79,1,0,0.0000000000
88,79,2,0,0.0000000000
88,79,3,0,0.0000000000
88,80,1,0,0.0000000000
88,80,2,0,0.0000000000
88,80,3,0,0.0000000000
88,81,1,0,0.0000000000
88,81,2,0,0.0000000000
88,81,3,0,0.0000000000
88,82,1,0,0.0000000000
88,82,2,0,0.0000000000
88,82,3,0,0.0000000000
88,83,1,0,0.0000000000
88,83,2,0,0.0000000000
88,83,3,0,0.0000000000
88,84,1,0,0.0000000000
88,84,2,0,0.0000000000
88,84,3,0,0.0000000000
88,85,1,0,0.0000000000
88,85,2,0,0.0000000000
88,85,3,0,0.0000000000
88,86,1,0,0.0000000000
88,86,2,0,0.0000000000
88,86,3,0,0.0000000000
88,87,1,0,0.0000000000
88,87,2,0,0.0000000000
88,87,3,0,0.0000000000
88,88,1,0,0.0000000000
88,88,2,0,0.0000000000
88,88,3,0,0.0000000000
88,89,1,0,0.0000000000
88,89,2,0,0.0000000000
88,89,3,0,0.0000000000
88,90,1,0,0.0000000000
88,90,2,0,0.0000000000
88,90,3,0,0.0000000000
88,91,1,0,0.0000000000
88,91,2,0,0.0000000000
88,91,3,0,0.0000000000
88,92,1,0,0.0000000000
88,92,2,0,0.0000000000
88,92,3,0,0.0000000000
88,93,1,0,0.0000000000
88,93,2,0,0.0000000000
88,93,3,0,0.0000000000
88,94,1,0,0.0000000000
88,94,2,0,0.0000000000
88,94,3,0,0.0000000000
88,95,1,0,0.0000000000
88,95,2,0,0.0000000000
88,95,3,0,0.0000000000
88,96,1,0,0.0000000000
88,96,2,0,0.0000000000
88,96,3,0,0.0000000000
88,97,1,0,0.0000000000
88,97,2,0,0.0000000000
88,97,3,0,0.0000000000
88,98,1,0,0.0000000000
88,98,2,0,0.0000000000
88,98,3,0,0.0000000000
88,99,1,0,0.0000000000
88,99,2,0,0.0000000000
88,99,3,0,0.0000000000
88,100,1,0,0.0000000000
88,100,2,0,0.0000000000
88,100,3,0,0.0000000000
88,101,1,0,0.0000000000
88,101,2,0,0.0000000000
88,101,3,0,0.0000000000
88,102,1,0,0.0000000000
88,102,2,0,0.0000000000
88,102,3,0,0.0000000000
88,103,1,0,0.0000000000
88,103,2,0,0.0000000000
88,103,3,0,0.0000000000
88,104,1,0,0.0000000000
88,104,2,0,0.0000000000
88,104,3,0,0.0000000000
88,105,1,0,0.0000000000
88,105,2,0,0.0000000000
88,105,3,0,0.0000000000
88,106,1,0,0.0000000000
88,106,2,0,0.0000000000
88,106,3,0,0.0000000000
88,107,1,0,0.0000000000
88,107,2,0,0.0000000000
88,107,3,0,0.0000000000
88,108,1,0,0.0000000000
88,108,2,0,0.0000000000
88,108,3,0,0.0000000000
88,109,1,0,0.0000000000
88,109,2,0,0.0000000000
88,109,3,0,0.0000000000
88,110,1,0,0.0000000000
88,110,2,0,0.0000000000
88,110,3,0,0.0000000000
88,111,1,0,0.0000000000
88,111,2,0,0.0000000000
88,111,3,0,0.0000000000
88,112,1,0,0.0000000000
88,112,2,0,0.0000000000
88,112,3,0,0.0000000000
88,113,1,0,0.0000000000
88,113,2,0,0.0000000000
88,113,3,0,0.0000000000
88,114,1,0,0.0000000000
88,114,2,0,0.0000000000
88,114,3,0,0.0000000000
88,115,1,0,0.0000000000
88,115,2,0,0.0000000000
88,115,3,0,0.0000000000
88,116,1,0,0.0000000000
88,116,2,0,0.0000000000
88,116,3,0,0.0000000000
88,117,1,0,0.0000000000
88,117,2,0,0.0000000000
88,117,3,0,0.0000000000
88,118,1,0,0.0000000000
88,118,2,0,0.0000000000
88,118,3,0,0.0000000000
88,119,1,0,0.0000000000
88,119,2,0,0.0000000000
88,119,3,0,0.0000000000
88,120,1,0,0.0000000000
88,120,2,0,0.0000000000
88,120,3,0,0.0000000000
88,121,1,0,0.0000000000
88,121,2,0,0.0000000000
88,121,3,0,0.0000000000
88,122,1,0,0.0000000000
88,122,2,0,0.0000000000
88,122,3,0,0.0000000000
88,123,1,0,0.0000000000
88,123,2,0,0.0000000000
88,123,3,0,0.0000000000
88,124,1,0,0.0000000000
88,124,2,0,0.0000000000
88,124,3,0,0.0000000000
88,125,1,0,0.0000000000
88,125,2,0,0.0000000000
88,125,3,0,0.0000000000
88,126,1,0,0.0000000000
88,126,2,0,0.0000000000
88,126,3,0,0.0000000000
88,127,1,0,0.0000000000
88,127,2,0,0.0000000000
88,127,3,0,0.0000000000
88,128,1,0,0.0000000000
88,128,2,0,0.0000000000
88,128,3,0,0.0000000000
88,129,1,0,0.0000000000
88,129,2,0,0.0000000000
88,129,3,0,0.0000000000
88,130,1,0,0.0000000000
88,130,2,0,0.0000000000
88,130,3,0,0.0000000000
88,131,1,0,0.0000000000
88,131,2,0,0.0000000000
88,131,3,0,0.0000000000
88,132,1,0,0.0000000000
88,132,2,0,0.0000000000
88,132,3,0,0.0000000000
88,133,1,0,0.0000000000
88,133,2,0,0.0000000000
88,133,3,0,0.0000000000
88,134,1,0,0.0000000000
88,134,2,0,0.0000000000
88,134,3,0,0.0000000000
88,135,1,0,0.0000000000
88,135,2,0,0.0000000000
88,135,3,0,0.0000000000
88,136,1,0,0.0000000000
88,136,2,0,0.0000000000
88,136,3,0,0.0000000000
88,137,1,0,0.0000000000
88,137,2,0,0.0000000000
88,137,3,0,0.0000000000
88,138,1,0,0.0000000000
88,138,2,0,0.0000000000
88,138,3,0,0.0000000000
88,139,1,0,0.0000000000
88,139,2,0,0.0000000000
88,139,3,0,0.0000000000
88,140,1,0,0.0000000000
88,140,2,0,0.0000000000
88,140,3,0,0.0000000000
88,141,1,0,0.0000000000
88,141,2,0,0.0000000000
88,141,3,0,0.0000000000
88,142,1,0,0.0000000000
88,142,2,0,0.0000000000
88,142,3,0,0.0000000000
88,143,1,0,0.0000000000
88,143,2,0,0.0000000000
88,143,3,0,0.0000000000
88,144,1,0,0.0000000000
88,144,2,0,0.0000000000
88,144,3,0,0.0000000000
88,145,1,0,0.0000000000
88,145,2,0,0.0000000000
88,145,3,0,0.0000000000
88,146,1,0,0.0000000000
88,146,2,0,0.0000000000
88,146,3,0,0.0000000000
88,147,1,0,0.0000000000
88,147,2,0,0.0000000000
88,147,3,0,0.0000000000
88,148,1,0,0.0000000000
88,148,2,0,0.0000000000
88,148,3,0,0.0000000000
88,149,1,0,0.0000000000
88,149,2,0,0.0000000000
88,149,3,0,0.0000000000
88,150,1,0,0.0000000000
88,150,2,0,0.0000000000
88,150,3,0,0.0000000000
88,151,1,0,0.0000000000
88,151,2,0,0.0000000000
88,151,3,0,0.0000000000
88,152,1,0,0.0000000000
88,152,2,0,0.0000000000
88,152,3,0,0.0000000000
88,153,1,0,0.0000000000
88,153,2,0,0.0000000000
88,153,3,0,0.0000000000
88,154,1,0,0.0000000000
88,154,2,0,0.0000000000
88,154,3,0,0.0000000000
88,155,1,0,0.0000000000
88,155,2,0,0.0000000000
88,155,3,0,0.0000000000
88,156,1,0,0.0000000000
88,156,2,0,0.0000000000
88,156,3,0,0.0000000000
88,157,1,0,0.0000000000
88,157,2,0,0.0000000000
88,157,3,0,0.0000000000
88,158,1,0,0.0000000000
88,158,2,0,0.0000000000
88,158,3,0,0.0000000000
88,159,1,0,0.0000000000
88,159,2,0,0.0000000000
88,159,3,0,0.0000000000
88,160,1,0,0.0000000000
88,160,2,0,0.0000000000
88,160,3,0,0.0000000000
88,161,1,0,0.0000000000
88,161,2,0,0.0000000000
88,161,3,0,0.0000000000
88,162,1,0,0.0000000000
88,162,2,0,0.0000000000
88,162,3,0,0.0000000000
88,163,1,0,0.0000000000
88,163,2,0,0.0000000000
88,163,3,0,0.0000000000
88,164,1,0,0.0000000000
88,164,2,0,0.0000000000
88,164,3,0,0.0000000000
88,165,1,0,0.0000000000
88,165,2,0,0.0000000000
88,165,3,0,0.0000000000
88,166,1,0,0.0000000000
88,166,2,0,0.0000000000
88,166,3,0,0.0000000000
88,167,1,0,0.0000000000
88,167,2,0,0.0000000000
88,167,3,0,0.0000000000
88,168,1,0,0.0000000000
88,168,2,0,0.0000000000
88,168,3,0,0.0000000000
93,1,1,0,0.0000000000
93,1,2,0,0.0000000000
93,1,3,0,0.0000000000
93,2,1,0,0.0000000000
93,2,2,0,0.0000000000
93,2,3,0,0.0000000000
93,3,1,0,0.0000000000
93,3,2,0,0.0000000000
93,3,3,0,0.0000000000
93,4,1,0,0.0000000000
93,4,2,0,0.0000000000
93,4,3,0,0.0000000000
93,5,1,0,0.0000000000
93,5,2,0,0.0000000000
93,5,3,0,0.0000000000
93,6,1,0,0.0000000000
93,6,2,0,0.0000000000
93,6,3,0,0.0000000000
93,7,1,0,0.0000000000
93,7,2,0,0.0000000000
93,7,3,0,0.0000000000
93,8,1,0,0.0000000000
93,8,2,0,0.0000000000
93,8,3,0,0.0000000000
93,9,1,0,0.0000000000
93,9,2,0,0.0000000000
93,9,3,0,0.0000000000
93,10,1,0,0.0000000000
93,10,2,0,0.0000000000
93,10,3,0,0.0000000000
93,11,1,0,0.0000000000
93,11,2,0,0.0000000000
93,11,3,0,0.0000000000
93,12,1,0,0.0000000000
93,12,2,0,0.0000000000
93,12,3,0,0.0000000000
93,13,1,0,0.0000000000
93,13,2,0,0.0000000000
93,13,3,0,0.0000000000
93,14,1,0,0.0000000000
93,14,2,0,0.0000000000
93,14,3,0,0.0000000000
93,15,1,0,0.0000000000
93,15,2,0,0.0000000000
93,15,3,0,0.0000000000
93,16,1,0,0.0000000000
93,16,2,0,0.0000000000
93,16,3,0,0.0000000000
93,17,1,0,0.0000000000
93,17,2,0,0.0000000000
93,17,3,0,0.0000000000
93,18,1,0,0.0000000000
93,18,2,0,0.0000000000
93,18,3,0,0.0000000000
93,19,1,0,0.0000000000
93,19,2,0,0.0000000000
93,19,3,0,0.0000000000
93,20,1,0,0.0000000000
93,20,2,0,0.0000000000
93,20,3,0,0.0000000000
93,21,1,0,0.0000000000
93,21,2,0,0.0000000000
93,21,3,0,0.0000000000
93,22,1,0,0.0000000000
93,22,2,0,0.0000000000
93,22,3,0,0.0000000000
93,23,1,0,0.0000000000
93,23,2,0,0.0000000000
93,23,3,0,0.0000000000
93,24,1,0,0.0000000000
93,24,2,0,0.0000000000
93,24,3,0,0.0000000000
93,25,1,0,0.0000000000
93,25,2,0,0.0000000000
93,25,3,0,0.0000000000
93,26,1,0,0.0000000000
93,26,2,0,0.0000000000
93,26,3,0,0.0000000000
93,27,1,0,0.0000000000
93,27,2,0,0.0000000000
93,27,3,0,0.0000000000
93,28,1,0,0.0000000000
93,28,2,0,0.0000000000
93,28,3,0,0.0000000000
93,29,1,0,0.0000000000
93,29,2,0,0.0000000000
93,29,3,0,0.0000000000
93,30,1,0,0.0000000000
93,30,2,0,0.0000000000
93,30,3,0,0.0000000000
93,31,1,0,0.0000000000
93,31,2,0,0.0000000000
93,31,3,0,0.0000000000
93,32,1,0,0.0000000000
93,32,2,0,0.0000000000
93,32,3,0,0.0000000000
93,33,1,0,0.0000000000
93,33,2,0,0.0000000000
93,33,3,0,0.0000000000
93,34,1,0,0.0000000000
93,34,2,0,0.0000000000
93,34,3,0,0.0000000000
93,35,1,0,0.0000000000
93,35,2,0,0.0000000000
93,35,3,0,0.0000000000
93,36,1,0,0.0000000000
93,36,2,0,0.0000000000
93,36,3,0,0.0000000000
93,37,1,0,0.0000000000
93,37,2,0,0.0000000000
93,37,3,0,0.0000000000
93,38,1,0,0.0000000000
93,38,2,0,0.0000000000
93,38,3,0,0.0000000000
93,39,1,0,0.0000000000
93,39,2,0,0.0000000000
93,39,3,0,0.0000000000
93,40,1,0,0.0000000000
93,40,2,0,0.0000000000
93,40,3,0,0.0000000000
93,41,1,0,0.0000000000
93,41,2,0,0.0000000000
93,41,3,0,0.0000000000
93,42,1,0,0.0000000000
93,42,2,0,0.0000000000
93,42,3,0,0.0000000000
93,43,1,0,0.0000000000
93,43,2,0,0.0000000000
93,43,3,0,0.0000000000
93,44,1,0,0.0000000000
93,44,2,0,0.0000000000
93,44,3,0,0.0000000000
93,45,1,0,0.0000000000
93,45,2,0,0.0000000000
93,45,3,0,0.0000000000
93,46,1,0,0.0000000000
93,46,2,0,0.0000000000
93,46,3,0,0.0000000000
93,47,1,0,0.0000000000
93,47,2,0,0.0000000000
93,47,3,0,0.0000000000
93,48,1,0,0.0000000000
93,48,2,0,0.0000000000
93,48,3,0,0.0000000000
93,49,1,0,0.0000000000
93,49,2,0,0.0000000000
93,49,3,0,0.0000000000
93,50,1,0,0.0000000000
93,50,2,0,0.0000000000
93,50,3,0,0.0000000000
93,51,1,0,0.0000000000
93,51,2,0,0.0000000000
93,51,3,0,0.0000000000
93,52,1,0,0.0000000000
93,52,2,0,0.0000000000
93,52,3,0,0.0000000000
93,53,1,0,0.0000000000
93,53,2,0,0.0000000000
93,53,3,0,0.0000000000
93,54,1,0,0.0000000000
93,54,2,0,0.0000000000
93,54,3,0,0.0000000000
93,55,1,0,0.0000000000
93,55,2,0,0.0000000000
93,55,3,0,0.0000000000
93,56,1,0,0.0000000000
93,56,2,0,0.0000000000
93,56,3,0,0.0000000000
93,57,1,0,0.0000000000
93,57,2,0,0.0000000000
93,57,3,0,0.0000000000
93,58,1,0,0.0000000000
93,58,2,0,0.0000000000
93,58,3,0,0.0000000000
93,59,1,0,0.0000000000
93,59,2,0,0.0000000000
93,59,3,0,0.0000000000
93,60,1,0,0.0000000000
93,60,2,0,0.0000000000
93,60,3,0,0.0000000000
93,61,1,0,0.0000000000
93,61,2,0,0.0000000000
93,61,3,0,0.0000000000
93,62,1,0,0.0000000000
93,62,2,0,0.0000000000
93,62,3,0,0.0000000000
93,63,1,0,0.0000000000
93,63,2,0,0.0000000000
93,63,3,0,0.0000000000
93,64,1,0,0.0000000000
93,64,2,0,0.0000000000
93,64,3,0,0.0000000000
93,65,1,0,0.0000000000
93,65,2,0,0.0000000000
93,65,3,0,0.0000000000
93,66,1,0,0.0000000000
93,66,2,0,0.0000000000
93,66,3,0,0.0000000000
93,67,1,0,0.0000000000
93,67,2,0,0.0000000000
93,67,3,0,0.0000000000
93,68,1,0,0.0000000000
93,68,2,0,0.0000000000
93,68,3,0,0.0000000000
93,69,1,0,0.0000000000
93,69,2,0,0.0000000000
93,69,3,0,0.0000000000
93,70,1,0,0.0000000000
93,70,2,0,0.0000000000
93,70,3,0,0.0000000000
93,71,1,0,0.0000000000
93,71,2,0,0.0000000000
93,71,3,0,0.0000000000
93,72,1,0,0.0000000000
93,72,2,0,0.0000000000
93,72,3,0,0.0000000000
93,73,1,0,0.0000000000
93,73,2,0,0.0000000000
93,73,3,0,0.0000000000
93,74,1,0,0.0000000000
93,74,2,0,0.0000000000
93,74,3,0,0.0000000000
93,75,1,0,0.0000000000
93,75,2,0,0.0000000000
93,75,3,0,0.0000000000
93,76,1,0,0.0000000000
93,76,2,0,0.0000000000
93,76,3,0,0.0000000000
93,77,1,0,0.0000000000
93,77,2,0,0.0000000000
93,77,3,0,0.0000000000
93,78,1,0,0.0000000000
93,78,2,0,0.0000000000
93,78,3,0,0.0000000000
93,79,1,0,0.0000000000
93,79,2,0,0.0000000000
93,79,3,0,0.0000000000
93,80,1,0,0.0000000000
93,80,2,0,0.0000000000
93,80,3,0,0.0000000000
93,81,1,0,0.0000000000
93,81,2,0,0.0000000000
93,81,3,0,0.0000000000
93,82,1,0,0.0000000000
93,82,2,0,0.0000000000
93,82,3,0,0.0000000000
93,83,1,0,0.0000000000
93,83,2,0,0.0000000000
93,83,3,0,0.0000000000
93,84,1,0,0.0000000000
93,84,2,0,0.0000000000
93,84,3,0,0.0000000000
93,85,1,0,0.0000000000
93,85,2,0,0.0000000000
93,85,3,0,0.0000000000
93,86,1,0,0.0000000000
93,86,2,0,0.0000000000
93,86,3,0,0.0000000000
93,87,1,0,0.0000000000
93,87,2,0,0.0000000000
93,87,3,0,0.0000000000
93,88,1,0,0.0000000000
93,88,2,0,0.0000000000
93,88,3,0,0.0000000000
93,89,1,0,0.0000000000
93,89,2,0,0.0000000000
93,89,3,0,0.0000000000
93,90,1,0,0.0000000000
93,90,2,0,0.0000000000
93,90,3,0,0.0000000000
93,91,1,0,0.0000000000
93,91,2,0,0.0000000000
93,91,3,0,0.0000000000
93,92,1,0,0.0000000000
93,92,2,0,0.0000000000
93,92,3,0,0.0000000000
93,93,1,0,0.0000000000
93,93,2,0,0.0000000000
93,93,3,0,0.0000000000
93,94,1,0,0.0000000000
93,94,2,0,0.0000000000
93,94,3,0,0.0000000000
93,95,1,0,0.0000000000
93,95,2,0,0.0000000000
93,95,3,0,0.0000000000
93,96,1,0,0.0000000000
93,96,2,0,0.0000000000
93,96,3,0,0.0000000000
93,97,1,0,0.0000000000
93,97,2,0,0.0000000000
93,97,3,0,0.0000000000
93,98,1,0,0.0000000000
93,98,2,0,0.0000000000
93,98,3,0,0.0000000000
93,99,1,0,0.0000000000
93,99,2,0,0.0000000000
93,99,3,0,0.0000000000
93,100,1,0,0.0000000000
93,100,2,0,0.0000000000
93,100,3,0,0.0000000000
93,101,1,0,0.0000000000
93,101,2,0,0.0000000000
93,101,3,0,0.0000000000
93,102,1,0,0.0000000000
93,102,2,0,0.0000000000
93,102,3,0,0.0000000000
93,103,1,0,0.0000000000
93,103,2,0,0.0000000000
93,103,3,0,0.0000000000
93,104,1,0,0.0000000000
93,104,2,0,0.0000000000
93,104,3,0,0.0000000000
93,105,1,0,0.0000000000
93,105,2,0,0.0000000000
93,105,3,0,0.0000000000
93,106,1,0,0.0000000000
93,106,2,0,0.0000000000
93,106,3,0,0.0000000000
93,107,1,0,0.0000000000
93,107,2,0,0.0000000000
93,107,3,0,0.0000000000
93,108,1,0,0.0000000000
93,108,2,0,0.0000000000
93,108,3,0,0.0000000000
93,109,1,0,0.0000000000
93,109,2,0,0.0000000000
93,109,3,0,0.0000000000
93,110,1,0,0.0000000000
93,110,2,0,0.0000000000
93,110,3,0,0.0000000000
93,111,1,0,0.0000000000
93,111,2,0,0.0000000000
93,111,3,0,0.0000000000
93,112,1,0,0.0000000000
93,112,2,0,0.0000000000
93,112,3,0,0.0000000000
93,113,1,0,0.0000000000
93,113,2,0,0.0000000000
93,113,3,0,0.0000000000
93,114,1,0,0.0000000000
93,114,2,0,0.0000000000
93,114,3,0,0.0000000000
93,115,1,0,0.0000000000
93,115,2,0,0.0000000000
93,115,3,0,0.0000000000
93,116,1,0,0.0000000000
93,116,2,0,0.0000000000
93,116,3,0,0.0000000000
93,117,1,0,0.0000000000
93,117,2,0,0.0000000000
93,117,3,0,0.0000000000
93,118,1,0,0.0000000000
93,118,2,0,0.0000000000
93,118,3,0,0.0000000000
93,119,1,0,0.0000000000
93,119,2,0,0.0000000000
93,119,3,0,0.0000000000
93,120,1,0,0.0000000000
93,120,2,0,0.0000000000
93,120,3,0,0.0000000000
93,121,1,0,0.0000000000
93,121,2,0,0.0000000000
93,121,3,0,0.0000000000
93,122,1,0,0.0000000000
93,122,2,0,0.0000000000
93,122,3,0,0.0000000000
93,123,1,0,0.0000000000
93,123,2,0,0.0000000000
93,123,3,0,0.0000000000
93,124,1,0,0.0000000000
93,124,2,0,0.0000000000
93,124,3,0,0.0000000000
93,125,1,0,0.0000000000
93,125,2,0,0.0000000000
93,125,3,0,0.0000000000
93,126,1,0,0.0000000000
93,126,2,0,0.0000000000
93,126,3,0,0.0000000000
93,127,1,0,0.0000000000
93,127,2,0,0.0000000000
93,127,3,0,0.0000000000
93,128,1,0,0.0000000000
93,128,2,0,0.0000000000
93,128,3,0,0.0000000000
93,129,1,0,0.0000000000
93,129,2,0,0.0000000000
93,129,3,0,0.0000000000
93,130,1,0,0.0000000000
93,130,2,0,0.0000000000
93,130,3,0,0.0000000000
93,131,1,0,0.0000000000
93,131,2,0,0.0000000000
93,131,3,0,0.0000000000
93,132,1,0,0.0000000000
93,132,2,0,0.0000000000
93,132,3,0,0.0000000000
93,133,1,0,0.0000000000
93,133,2,0,0.0000000000
93,133,3,0,0.0000000000
93,134,1,0,0.0000000000
93,134,2,0,0.0000000000
93,134,3,0,0.0000000000
93,135,1,0,0.0000000000
93,135,2,0,0.0000000000
93,135,3,0,0.0000000000
93,136,1,0,0.0000000000
93,136,2,0,0.0000000000
93,136,3,0,0.0000000000
93,137,1,0,0.0000000000
93,137,2,0,0.0000000000
93,137,3,0,0.0000000000
93,138,1,0,0.0000000000
93,138,2,0,0.0000000000
93,138,3,0,0.0000000000
93,139,1,0,0.0000000000
93,139,2,0,0.0000000000
93,139,3,0,0.0000000000
93,140,1,0,0.0000000000
93,140,2,0,0.0000000000
93,140,3,0,0.0000000000
93,141,1,0,0.0000000000
93,141,2,0,0.0000000000
93,141,3,0,0.0000000000
93,142,1,0,0.0000000000
93,142,2,0,0.0000000000
93,142,3,0,0.0000000000
93,143,1,0,0.0000000000
93,143,2,0,0.0000000000
93,143,3,0,0.0000000000
93,144,1,0,0.0000000000
93,144,2,0,0.0000000000
93,144,3,0,0.0000000000
93,145,1,0,0.0000000000
93,145,2,0,0.0000000000
93,145,3,0,0.0000000000
93,146,1,0,0.0000000000
93,146,2,0,0.0000000000
93,146,3,0,0.0000000000
93,147,1,0,0.0000000000
93,147,2,0,0.0000000000
93,147,3,0,0.0000000000
93,148,1,0,0.0000000000
93,148,2,0,0.0000000000
93,148,3,0,0.0000000000
93,149,1,0,0.0000000000
93,149,2,0,0.0000000000
93,149,3,0,0.0000000000
93,150,1,0,0.0000000000
93,150,2,0,0.0000000000
93,150,3,0,0.0000000000
93,151,1,0,0.0000000000
93,151,2,0,0.0000000000
93,151,3,0,0.0000000000
93,152,1,0,0.0000000000
93,152,2,0,0.0000000000
93,152,3,0,0.0000000000
93,153,1,0,0.0000000000
93,153,2,0,0.0000000000
93,153,3,0,0.0000000000
93,154,1,0,0.0000000000
93,154,2,0,0.0000000000
93,154,3,0,0.0000000000
93,155,1,0,0.0000000000
93,155,2,0,0.0000000000
93,155,3,0,0.0000000000
93,156,1,0,0.0000000000
93,156,2,0,0.0000000000
93,156,3,0,0.0000000000
93,157,1,0,0.0000000000
93,157,2,0,0.0000000000
93,157,3,0,0.0000000000
93,158,1,0,0.0000000000
93,158,2,0,0.0000000000
93,158,3,0,0.0000000000
93,159,1,0,0.0000000000
93,159,2,0,0.0000000000
93,159,3,0,0.0000000000
93,160,1,0,0.0000000000
93,160,2,0,0.0000000000
93,160,3,0,0.0000000000
93,161,1,0,0.0000000000
93,161,2,0,0.0000000000
93,161,3,0,0.0000000000
93,162,1,0,0.0000000000
93,162,2,0,0.0000000000
93,162,3,0,0.0000000000
93,163,1,0,0.0000000000
93,163,2,0,0.0000000000
93,163,3,0,0.0000000000
93,164,1,0,0.0000000000
93,164,2,0,0.0000000000
93,164,3,0,0.0000000000
93,165,1,0,0.0000000000
93,165,2,0,0.0000000000
93,165,3,0,0.0000000000
93,166,1,0,0.0000000000
93,166,2,0,0.0000000000
93,166,3,0,0.0000000000
93,167,1,0,0.0000000000
93,167,2,0,0.0000000000
93,167,3,0,0.0000000000
93,168,1,0,0.0000000000
93,168,2,0,0.0000000000
93,168,3,0,0.0000000000
94,1,1,0,0.0000000000
94,1,2,0,0.0000000000
94,1,3,0,0.0000000000
94,2,1,0,0.0000000000
94,2,2,0,0.0000000000
94,2,3,0,0.0000000000
94,3,1,0,0.0000000000
94,3,2,0,0.0000000000
94,3,3,0,0.0000000000
94,4,1,0,0.0000000000
94,4,2,0,0.0000000000
94,4,3,0,0.0000000000
94,5,1,0,0.0000000000
94,5,2,0,0.0000000000
94,5,3,0,0.0000000000
94,6,1,0,0.0000000000
94,6,2,0,0.0000000000
94,6,3,0,0.0000000000
94,7,1,0,0.0000000000
94,7,2,0,0.0000000000
94,7,3,0,0.0000000000
94,8,1,0,0.0000000000
94,8,2,0,0.0000000000
94,8,3,0,0.0000000000
94,9,1,0,0.0000000000
94,9,2,0,0.0000000000
94,9,3,0,0.0000000000
94,10,1,0,0.0000000000
94,10,2,0,0.0000000000
94,10,3,0,0.0000000000
94,11,1,0,0.0000000000
94,11,2,0,0.0000000000
94,11,3,0,0.0000000000
94,12,1,0,0.0000000000
94,12,2,0,0.0000000000
94,12,3,0,0.0000000000
94,13,1,0,0.0000000000
94,13,2,0,0.0000000000
94,13,3,0,0.0000000000
94,14,1,0,0.0000000000
94,14,2,0,0.0000000000
94,14,3,0,0.0000000000
94,15,1,0,0.0000000000
94,15,2,0,0.0000000000
94,15,3,0,0.0000000000
94,16,1,0,0.0000000000
94,16,2,0,0.0000000000
94,16,3,0,0.0000000000
94,17,1,0,0.0000000000
94,17,2,0,0.0000000000
94,17,3,0,0.0000000000
94,18,1,0,0.0000000000
94,18,2,0,0.0000000000
94,18,3,0,0.0000000000
94,19,1,0,0.0000000000
94,19,2,0,0.0000000000
94,19,3,0,0.0000000000
94,20,1,0,0.0000000000
94,20,2,0,0.0000000000
94,20,3,0,0.0000000000
94,21,1,0,0.0000000000
94,21,2,0,0.0000000000
94,21,3,0,0.0000000000
94,22,1,0,0.0000000000
94,22,2,0,0.0000000000
94,22,3,0,0.0000000000
94,23,1,0,0.0000000000
94,23,2,0,0.0000000000
94,23,3,0,0.0000000000
94,24,1,0,0.0000000000
94,24,2,0,0.0000000000
94,24,3,0,0.0000000000
94,25,1,0,0.0000000000
94,25,2,0,0.0000000000
94,25,3,0,0.0000000000
94,26,1,0,0.0000000000
94,26,2,0,0.0000000000
94,26,3,0,0.0000000000
94,27,1,0,0.0000000000
94,27,2,0,0.0000000000
94,27,3,0,0.0000000000
94,28,1,0,0.0000000000
94,28,2,0,0.0000000000
94,28,3,0,0.0000000000
94,29,1,0,0.0000000000
94,29,2,0,0.0000000000
94,29,3,0,0.0000000000
94,30,1,0,0.0000000000
94,30,2,0,0.0000000000
94,30,3,0,0.0000000000
94,31,1,0,0.0000000000
94,31,2,0,0.0000000000
94,31,3,0,0.0000000000
94,32,1,0,0.0000000000
94,32,2,0,0.0000000000
94,32,3,0,0.0000000000
94,33,1,0,0.0000000000
94,33,2,0,0.0000000000
94,33,3,0,0.0000000000
94,34,1,0,0.0000000000
94,34,2,0,0.0000000000
94,34,3,0,0.0000000000
94,35,1,0,0.0000000000
94,35,2,0,0.0000000000
94,35,3,0,0.0000000000
94,36,1,0,0.0000000000
94,36,2,0,0.0000000000
94,36,3,0,0.0000000000
94,37,1,0,0.0000000000
94,37,2,0,0.0000000000
94,37,3,0,0.0000000000
94,38,1,0,0.0000000000
94,38,2,0,0.0000000000
94,38,3,0,0.0000000000
94,39,1,0,0.0000000000
94,39,2,0,0.0000000000
94,39,3,0,0.0000000000
94,40,1,0,0.0000000000
94,40,2,0,0.0000000000
94,40,3,0,0.0000000000
94,41,1,0,0.0000000000
94,41,2,0,0.0000000000
94,41,3,0,0.0000000000
94,42,1,0,0.0000000000
94,42,2,0,0.0000000000
94,42,3,0,0.0000000000
94,43,1,0,0.0000000000
94,43,2,0,0.0000000000
94,43,3,0,0.0000000000
94,44,1,0,0.0000000000
94,44,2,0,0.0000000000
94,44,3,0,0.0000000000
94,45,1,0,0.0000000000
94,45,2,0,0.0000000000
94,45,3,0,0.0000000000
94,46,1,0,0.0000000000
94,46,2,0,0.0000000000
94,46,3,0,0.0000000000
94,47,1,0,0.0000000000
94,47,2,0,0.0000000000
94,47,3,0,0.0000000000
94,48,1,0,0.0000000000
94,48,2,0,0.0000000000
94,48,3,0,0.0000000000
94,49,1,0,0.0000000000
94,49,2,0,0.0000000000
94,49,3,0,0.0000000000
94,50,1,0,0.0000000000
94,50,2,0,0.0000000000
94,50,3,0,0.0000000000
94,51,1,0,0.0000000000
94,51,2,0,0.0000000000
94,51,3,0,0.0000000000
94,52,1,0,0.0000000000
94,52,2,0,0.0000000000
94,52,3,0,0.0000000000
94,53,1,0,0.0000000000
94,53,2,0,0.0000000000
94,53,3,0,0.0000000000
94,54,1,0,0.0000000000
94,54,2,0,0.0000000000
94,54,3,0,0.0000000000
94,55,1,0,0.0000000000
94,55,2,0,0.0000000000
94,55,3,0,0.0000000000
94,56,1,0,0.0000000000
94,56,2,0,0.0000000000
94,56,3,0,0.0000000000
94,57,1,0,0.0000000000
94,57,2,0,0.0000000000
94,57,3,0,0.0000000000
94,58,1,0,0.0000000000
94,58,2,0,0.0000000000
94,58,3,0,0.0000000000
94,59,1,0,0.0000000000
94,59,2,0,0.0000000000
94,59,3,0,0.0000000000
94,60,1,0,0.0000000000
94,60,2,0,0.0000000000
94,60,3,0,0.0000000000
94,61,1,0,0.0000000000
94,61,2,0,0.0000000000
94,61,3,0,0.0000000000
94,62,1,0,0.0000000000
94,62,2,0,0.0000000000
94,62,3,0,0.0000000000
94,63,1,0,0.0000000000
94,63,2,0,0.0000000000
94,63,3,0,0.0000000000
94,64,1,0,0.0000000000
94,64,2,0,0.0000000000
94,64,3,0,0.0000000000
94,65,1,0,0.0000000000
94,65,2,0,0.0000000000
94,65,3,0,0.0000000000
94,66,1,0,0.0000000000
94,66,2,0,0.0000000000
94,66,3,0,0.0000000000
94,67,1,0,0.0000000000
94,67,2,0,0.0000000000
94,67,3,0,0.0000000000
94,68,1,0,0.0000000000
94,68,2,0,0.0000000000
94,68,3,0,0.0000000000
94,69,1,0,0.0000000000
94,69,2,0,0.0000000000
94,69,3,0,0.0000000000
94,70,1,0,0.0000000000
94,70,2,0,0.0000000000
94,70,3,0,0.0000000000
94,71,1,0,0.0000000000
94,71,2,0,0.0000000000
94,71,3,0,0.0000000000
94,72,1,0,0.0000000000
94,72,2,0,0.0000000000
94,72,3,0,0.0000000000
94,73,1,0,0.0000000000
94,73,2,0,0.0000000000
94,73,3,0,0.0000000000
94,74,1,0,0.0000000000
94,74,2,0,0.0000000000
94,74,3,0,0.0000000000
94,75,1,0,0.0000000000
94,75,2,0,0.0000000000
94,75,3,0,0.0000000000
94,76,1,0,0.0000000000
94,76,2,0,0.0000000000
94,76,3,0,0.0000000000
94,77,1,0,0.0000000000
94,77,2,0,0.0000000000
94,77,3,0,0.0000000000
94,78,1,0,0.0000000000
94,78,2,0,0.0000000000
94,78,3,0,0.0000000000
94,79,1,0,0.0000000000
94,79,2,0,0.0000000000
94,79,3,0,0.0000000000
94,80,1,0,0.0000000000
94,80,2,0,0.0000000000
94,80,3,0,0.0000000000
94,81,1,0,0.0000000000
94,81,2,0,0.0000000000
94,81,3,0,0.0000000000
94,82,1,0,0.0000000000
94,82,2,0,0.0000000000
94,82,3,0,0.0000000000
94,83,1,0,0.0000000000
94,83,2,0,0.0000000000
94,83,3,0,0.0000000000
94,84,1,0,0.0000000000
94,84,2,0,0.0000000000
94,84,3,0,0.0000000000
94,85,1,0,0.0000000000
94,85,2,0,0.0000000000
94,85,3,0,0.0000000000
94,86,1,0,0.0000000000
94,86,2,0,0.0000000000
94,86,3,0,0.0000000000
94,87,1,0,0.0000000000
94,87,2,0,0.0000000000
94,87,3,0,0.0000000000
94,88,1,0,0.0000000000
94,88,2,0,0.0000000000
94,88,3,0,0.0000000000
94,89,1,0,0.0000000000
94,89,2,0,0.0000000000
94,89,3,0,0.0000000000
94,90,1,0,0.0000000000
94,90,2,0,0.0000000000
94,90,3,0,0.0000000000
94,91,1,0,0.0000000000
94,91,2,0,0.0000000000
94,91,3,0,0.0000000000
94,92,1,0,0.0000000000
94,92,2,0,0.0000000000
94,92,3,0,0.0000000000
94,93,1,0,0.0000000000
94,93,2,0,0.0000000000
94,93,3,0,0.0000000000
94,94,1,0,0.0000000000
94,94,2,0,0.0000000000
94,94,3,0,0.0000000000
94,95,1,0,0.0000000000
94,95,2,0,0.0000000000
94,95,3,0,0.0000000000
94,96,1,0,0.0000000000
94,96,2,0,0.0000000000
94,96,3,0,0.0000000000
94,97,1,0,0.0000000000
94,97,2,0,0.0000000000
94,97,3,0,0.0000000000
94,98,1,0,0.0000000000
94,98,2,0,0.0000000000
94,98,3,0,0.0000000000
94,99,1,0,0.0000000000
94,99,2,0,0.0000000000
94,99,3,0,0.0000000000
94,100,1,0,0.0000000000
94,100,2,0,0.0000000000
94,100,3,0,0.0000000000
94,101,1,0,0.0000000000
94,101,2,0,0.0000000000
94,101,3,0,0.0000000000
94,102,1,0,0.0000000000
94,102,2,0,0.0000000000
94,102,3,0,0.0000000000
94,103,1,0,0.0000000000
94,103,2,0,0.0000000000
94,103,3,0,0.0000000000
94,104,1,0,0.0000000000
94,104,2,0,0.0000000000
94,104,3,0,0.0000000000
94,105,1,0,0.0000000000
94,105,2,0,0.0000000000
94,105,3,0,0.0000000000
94,106,1,0,0.0000000000
94,106,2,0,0.0000000000
94,106,3,0,0.0000000000
94,107,1,0,0.0000000000
94,107,2,0,0.0000000000
94,107,3,0,0.0000000000
94,108,1,0,0.0000000000
94,108,2,0,0.0000000000
94,108,3,0,0.0000000000
94,109,1,0,0.0000000000
94,109,2,0,0.0000000000
94,109,3,0,0.0000000000
94,110,1,0,0.0000000000
94,110,2,0,0.0000000000
94,110,3,0,0.0000000000
94,111,1,0,0.0000000000
94,111,2,0,0.0000000000
94,111,3,0,0.0000000000
94,112,1,0,0.0000000000
94,112,2,0,0.0000000000
94,112,3,0,0.0000000000
94,113,1,0,0.0000000000
94,113,2,0,0.0000000000
94,113,3,0,0.0000000000
94,114,1,0,0.0000000000
94,114,2,0,0.0000000000
94,114,3,0,0.0000000000
94,115,1,0,0.0000000000
94,115,2,0,0.0000000000
94,115,3,0,0.0000000000
94,116,1,0,0.0000000000
94,116,2,0,0.0000000000
94,116,3,0,0.0000000000
94,117,1,0,0.0000000000
94,117,2,0,0.0000000000
94,117,3,0,0.0000000000
94,118,1,0,0.0000000000
94,118,2,0,0.0000000000
94,118,3,0,0.0000000000
94,119,1,0,0.0000000000
94,119,2,0,0.0000000000
94,119,3,0,0.0000000000
94,120,1,0,0.0000000000
94,120,2,0,0.0000000000
94,120,3,0,0.0000000000
94,121,1,0,0.0000000000
94,121,2,0,0.0000000000
94,121,3,0,0.0000000000
94,122,1,0,0.0000000000
94,122,2,0,0.0000000000
94,122,3,0,0.0000000000
94,123,1,0,0.0000000000
94,123,2,0,0.0000000000
94,123,3,0,0.0000000000
94,124,1,0,0.0000000000
94,124,2,0,0.0000000000
94,124,3,0,0.0000000000
94,125,1,0,0.0000000000
94,125,2,0,0.0000000000
94,125,3,0,0.0000000000
94,126,1,0,0.0000000000
94,126,2,0,0.0000000000
94,126,3,0,0.0000000000
94,127,1,0,0.0000000000
94,127,2,0,0.0000000000
94,127,3,0,0.0000000000
94,128,1,0,0.0000000000
94,128,2,0,0.0000000000
94,128,3,0,0.0000000000
94,129,1,0,0.0000000000
94,129,2,0,0.0000000000
94,129,3,0,0.0000000000
94,130,1,0,0.0000000000
94,130,2,0,0.0000000000
94,130,3,0,0.0000000000
94,131,1,0,0.0000000000
94,131,2,0,0.0000000000
94,131,3,0,0.0000000000
94,132,1,0,0.0000000000
94,132,2,0,0.0000000000
94,132,3,0,0.0000000000
94,133,1,0,0.0000000000
94,133,2,0,0.0000000000
94,133,3,0,0.0000000000
94,134,1,0,0.0000000000
94,134,2,0,0.0000000000
94,134,3,0,0.0000000000
94,135,1,0,0.0000000000
94,135,2,0,0.0000000000
94,135,3,0,0.0000000000
94,136,1,0,0.0000000000
94,136,2,0,0.0000000000
94,136,3,0,0.0000000000
94,137,1,0,0.0000000000
94,137,2,0,0.0000000000
94,137,3,0,0.0000000000
94,138,1,0,0.0000000000
94,138,2,0,0.0000000000
94,138,3,0,0.0000000000
94,139,1,0,0.0000000000
94,139,2,0,0.0000000000
94,139,3,0,0.0000000000
94,140,1,0,0.0000000000
94,140,2,0,0.0000000000
94,140,3,0,0.0000000000
94,141,1,0,0.0000000000
94,141,2,0,0.0000000000
94,141,3,0,0.0000000000
94,142,1,0,0.0000000000
94,142,2,0,0.0000000000
94,142,3,0,0.0000000000
94,143,1,0,0.0000000000
94,143,2,0,0.0000000000
94,143,3,0,0.0000000000
94,144,1,0,0.0000000000
94,144,2,0,0.0000000000
94,144,3,0,0.0000000000
94,145,1,0,0.0000000000
94,145,2,0,0.0000000000
94,145,3,0,0.0000000000
94,146,1,0,0.0000000000
94,146,2,0,0.0000000000
94,146,3,0,0.0000000000
94,147,1,0,0.0000000000
94,147,2,0,0.0000000000
94,147,3,0,0.0000000000
94,148,1,0,0.0000000000
94,148,2,0,0.0000000000
94,148,3,0,0.0000000000
94,149,1,0,0.0000000000
94,149,2,0,0.0000000000
94,149,3,0,0.0000000000
94,150,1,0,0.0000000000
94,150,2,0,0.0000000000
94,150,3,0,0.0000000000
94,151,1,0,0.0000000000
94,151,2,0,0.0000000000
94,151,3,0,0.0000000000
94,152,1,0,0.0000000000
94,152,2,0,0.0000000000
94,152,3,0,0.0000000000
94,153,1,0,0.0000000000
94,153,2,0,0.0000000000
94,153,3,0,0.0000000000
94,154,1,0,0.0000000000
94,154,2,0,0.0000000000
94,154,3,0,0.0000000000
94,155,1,0,0.0000000000
94,155,2,0,0.0000000000
94,155,3,0,0.0000000000
94,156,1,0,0.0000000000
94,156,2,0,0.0000000000
94,156,3,0,0.0000000000
94,157,1,0,0.0000000000
94,157,2,0,0.0000000000
94,157,3,0,0.0000000000
94,158,1,0,0.0000000000
94,158,2,0,0.0000000000
94,158,3,0,0.0000000000
94,159,1,0,0.0000000000
94,159,2,0,0.0000000000
94,159,3,0,0.0000000000
94,160,1,0,0.0000000000
94,160,2,0,0.0000000000
94,160,3,0,0.0000000000
94,161,1,0,0.0000000000
94,161,2,0,0.0000000000
94,161,3,0,0.0000000000
94,162,1,0,0.0000000000
94,162,2,0,0.0000000000
94,162,3,0,0.0000000000
94,163,1,0,0.0000000000
94,163,2,0,0.0000000000
94,163,3,0,0.0000000000
94,164,1,0,0.0000000000
94,164,2,0,0.0000000000
94,164,3,0,0.0000000000
94,165,1,0,0.0000000000
94,165,2,0,0.0000000000
94,165,3,0,0.0000000000
94,166,1,0,0.0000000000
94,166,2,0,0.0000000000
94,166,3,0,0.0000000000
94,167,1,0,0.0000000000
94,167,2,0,0.0000000000
94,167,3,0,0.0000000000
94,168,1,0,0.0000000000
94,168,2,0,0.0000000000
94,168,3,0,0.0000000000
95,1,1,0,0.0000000000
95,1,2,0,0.0000000000
95,1,3,0,0.0000000000
95,2,1,0,0.0000000000
95,2,2,0,0.0000000000
95,2,3,0,0.0000000000
95,3,1,0,0.0000000000
95,3,2,0,0.0000000000
95,3,3,0,0.0000000000
95,4,1,0,0.0000000000
95,4,2,0,0.0000000000
95,4,3,0,0.0000000000
95,5,1,0,0.0000000000
95,5,2,0,0.0000000000
95,5,3,0,0.0000000000
95,6,1,0,0.0000000000
95,6,2,0,0.0000000000
95,6,3,0,0.0000000000
95,7,1,0,0.0000000000
95,7,2,0,0.0000000000
95,7,3,0,0.0000000000
95,8,1,0,0.0000000000
95,8,2,0,0.0000000000
95,8,3,0,0.0000000000
95,9,1,0,0.0000000000
95,9,2,0,0.0000000000
95,9,3,0,0.0000000000
95,10,1,0,0.0000000000
95,10,2,0,0.0000000000
95,10,3,0,0.0000000000
95,11,1,0,0.0000000000
95,11,2,0,0.0000000000
95,11,3,0,0.0000000000
95,12,1,0,0.0000000000
95,12,2,0,0.0000000000
95,12,3,0,0.0000000000
95,13,1,0,0.0000000000
95,13,2,0,0.0000000000
95,13,3,0,0.0000000000
95,14,1,0,0.0000000000
95,14,2,0,0.0000000000
95,14,3,0,0.0000000000
95,15,1,0,0.0000000000
95,15,2,0,0.0000000000
95,15,3,0,0.0000000000
95,16,1,0,0.0000000000
95,16,2,0,0.0000000000
95,16,3,0,0.0000000000
95,17,1,0,0.0000000000
95,17,2,0,0.0000000000
95,17,3,0,0.0000000000
95,18,1,0,0.0000000000
95,18,2,0,0.0000000000
95,18,3,0,0.0000000000
95,19,1,0,0.0000000000
95,19,2,0,0.0000000000
95,19,3,0,0.0000000000
95,20,1,0,0.0000000000
95,20,2,0,0.0000000000
95,20,3,0,0.0000000000
95,21,1,0,0.0000000000
95,21,2,0,0.0000000000
95,21,3,0,0.0000000000
95,22,1,0,0.0000000000
95,22,2,0,0.0000000000
95,22,3,0,0.0000000000
95,23,1,0,0.0000000000
95,23,2,0,0.0000000000
95,23,3,0,0.0000000000
95,24,1,0,0.0000000000
95,24,2,0,0.0000000000
95,24,3,0,0.0000000000
95,25,1,0,0.0000000000
95,25,2,0,0.0000000000
95,25,3,0,0.0000000000
95,26,1,0,0.0000000000
95,26,2,0,0.0000000000
95,26,3,0,0.0000000000
95,27,1,0,0.0000000000
95,27,2,0,0.0000000000
95,27,3,0,0.0000000000
95,28,1,0,0.0000000000
95,28,2,0,0.0000000000
95,28,3,0,0.0000000000
95,29,1,0,0.0000000000
95,29,2,0,0.0000000000
95,29,3,0,0.0000000000
95,30,1,0,0.0000000000
95,30,2,0,0.0000000000
95,30,3,0,0.0000000000
95,31,1,0,0.0000000000
95,31,2,0,0.0000000000
95,31,3,0,0.0000000000
95,32,1,0,0.0000000000
95,32,2,0,0.0000000000
95,32,3,0,0.0000000000
95,33,1,0,0.0000000000
95,33,2,0,0.0000000000
95,33,3,0,0.0000000000
95,34,1,0,0.0000000000
95,34,2,0,0.0000000000
95,34,3,0,0.0000000000
95,35,1,0,0.0000000000
95,35,2,0,0.0000000000
95,35,3,0,0.0000000000
95,36,1,0,0.0000000000
95,36,2,0,0.0000000000
95,36,3,0,0.0000000000
95,37,1,0,0.0000000000
95,37,2,0,0.0000000000
95,37,3,0,0.0000000000
95,38,1,0,0.0000000000
95,38,2,0,0.0000000000
95,38,3,0,0.0000000000
95,39,1,0,0.0000000000
95,39,2,0,0.0000000000
95,39,3,0,0.0000000000
95,40,1,0,0.0000000000
95,40,2,0,0.0000000000
95,40,3,0,0.0000000000
95,41,1,0,0.0000000000
95,41,2,0,0.0000000000
95,41,3,0,0.0000000000
95,42,1,0,0.0000000000
95,42,2,0,0.0000000000
95,42,3,0,0.0000000000
95,43,1,0,0.0000000000
95,43,2,0,0.0000000000
95,43,3,0,0.0000000000
95,44,1,0,0.0000000000
95,44,2,0,0.0000000000
95,44,3,0,0.0000000000
95,45,1,0,0.0000000000
95,45,2,0,0.0000000000
95,45,3,0,0.0000000000
95,46,1,0,0.0000000000
95,46,2,0,0.0000000000
95,46,3,0,0.0000000000
95,47,1,0,0.0000000000
95,47,2,0,0.0000000000
95,47,3,0,0.0000000000
95,48,1,0,0.0000000000
95,48,2,0,0.0000000000
95,48,3,0,0.0000000000
95,49,1,0,0.0000000000
95,49,2,0,0.0000000000
95,49,3,0,0.0000000000
95,50,1,0,0.0000000000
95,50,2,0,0.0000000000
95,50,3,0,0.0000000000
95,51,1,0,0.0000000000
95,51,2,0,0.0000000000
95,51,3,0,0.0000000000
95,52,1,0,0.0000000000
95,52,2,0,0.0000000000
95,52,3,0,0.0000000000
95,53,1,0,0.0000000000
95,53,2,0,0.0000000000
95,53,3,0,0.0000000000
95,54,1,0,0.0000000000
95,54,2,0,0.0000000000
95,54,3,0,0.0000000000
95,55,1,0,0.0000000000
95,55,2,0,0.0000000000
95,55,3,0,0.0000000000
95,56,1,0,0.0000000000
95,56,2,0,0.0000000000
95,56,3,0,0.0000000000
95,57,1,0,0.0000000000
95,57,2,0,0.0000000000
95,57,3,0,0.0000000000
95,58,1,0,0.0000000000
95,58,2,0,0.0000000000
95,58,3,0,0.0000000000
95,59,1,0,0.0000000000
95,59,2,0,0.0000000000
95,59,3,0,0.0000000000
95,60,1,0,0.0000000000
95,60,2,0,0.0000000000
95,60,3,0,0.0000000000
95,61,1,0,0.0000000000
95,61,2,0,0.0000000000
95,61,3,0,0.0000000000
95,62,1,0,0.0000000000
95,62,2,0,0.0000000000
95,62,3,0,0.0000000000
95,63,1,0,0.0000000000
95,63,2,0,0.0000000000
95,63,3,0,0.0000000000
95,64,1,0,0.0000000000
95,64,2,0,0.0000000000
95,64,3,0,0.0000000000
95,65,1,0,0.0000000000
95,65,2,0,0.0000000000
95,65,3,0,0.0000000000
95,66,1,0,0.0000000000
95,66,2,0,0.0000000000
95,66,3,0,0.0000000000
95,67,1,0,0.0000000000
95,67,2,0,0.0000000000
95,67,3,0,0.0000000000
95,68,1,0,0.0000000000
95,68,2,0,0.0000000000
95,68,3,0,0.0000000000
95,69,1,0,0.0000000000
95,69,2,0,0.0000000000
95,69,3,0,0.0000000000
95,70,1,0,0.0000000000
95,70,2,0,0.0000000000
95,70,3,0,0.0000000000
95,71,1,0,0.0000000000
95,71,2,0,0.0000000000
95,71,3,0,0.0000000000
95,72,1,0,0.0000000000
95,72,2,0,0.0000000000
95,72,3,0,0.0000000000
95,73,1,0,0.0000000000
95,73,2,0,0.0000000000
95,73,3,0,0.0000000000
95,74,1,0,0.0000000000
95,74,2,0,0.0000000000
95,74,3,0,0.0000000000
95,75,1,0,0.0000000000
95,75,2,0,0.0000000000
95,75,3,0,0.0000000000
95,76,1,0,0.0000000000
95,76,2,0,0.0000000000
95,76,3,0,0.0000000000
95,77,1,0,0.0000000000
95,77,2,0,0.0000000000
95,77,3,0,0.0000000000
95,78,1,0,0.0000000000
95,78,2,0,0.0000000000
95,78,3,0,0.0000000000
95,79,1,0,0.0000000000
95,79,2,0,0.0000000000
95,79,3,0,0.0000000000
95,80,1,0,0.0000000000
95,80,2,0,0.0000000000
95,80,3,0,0.0000000000
95,81,1,0,0.0000000000
95,81,2,0,0.0000000000
95,81,3,0,0.0000000000
95,82,1,0,0.0000000000
95,82,2,0,0.0000000000
95,82,3,0,0.0000000000
95,83,1,0,0.0000000000
95,83,2,0,0.0000000000
95,83,3,0,0.0000000000
95,84,1,0,0.0000000000
95,84,2,0,0.0000000000
95,84,3,0,0.0000000000
95,85,1,0,0.0000000000
95,85,2,0,0.0000000000
95,85,3,0,0.0000000000
95,86,1,0,0.0000000000
95,86,2,0,0.0000000000
95,86,3,0,0.0000000000
95,87,1,0,0.0000000000
95,87,2,0,0.0000000000
95,87,3,0,0.0000000000
95,88,1,0,0.0000000000
95,88,2,0,0.0000000000
95,88,3,0,0.0000000000
95,89,1,0,0.0000000000
95,89,2,0,0.0000000000
95,89,3,0,0.0000000000
95,90,1,0,0.0000000000
95,90,2,0,0.0000000000
95,90,3,0,0.0000000000
95,91,1,0,0.0000000000
95,91,2,0,0.0000000000
95,91,3,0,0.0000000000
95,92,1,0,0.0000000000
95,92,2,0,0.0000000000
95,92,3,0,0.0000000000
95,93,1,0,0.0000000000
95,93,2,0,0.0000000000
95,93,3,0,0.0000000000
95,94,1,0,0.0000000000
95,94,2,0,0.0000000000
95,94,3,0,0.0000000000
95,95,1,0,0.0000000000
95,95,2,0,0.0000000000
95,95,3,0,0.0000000000
95,96,1,0,0.0000000000
95,96,2,0,0.0000000000
95,96,3,0,0.0000000000
95,97,1,0,0.0000000000
95,97,2,0,0.0000000000
95,97,3,0,0.0000000000
95,98,1,0,0.0000000000
95,98,2,0,0.0000000000
95,98,3,0,0.0000000000
95,99,1,0,0.0000000000
95,99,2,0,0.0000000000
95,99,3,0,0.0000000000
95,100,1,0,0.0000000000
95,100,2,0,0.0000000000
95,100,3,0,0.0000000000
95,101,1,0,0.0000000000
95,101,2,0,0.0000000000
95,101,3,0,0.0000000000
95,102,1,0,0.0000000000
95,102,2,0,0.0000000000
95,102,3,0,0.0000000000
95,103,1,0,0.0000000000
95,103,2,0,0.0000000000
95,103,3,0,0.0000000000
95,104,1,0,0.0000000000
95,104,2,0,0.0000000000
95,104,3,0,0.0000000000
95,105,1,0,0.0000000000
95,105,2,0,0.0000000000
95,105,3,0,0.0000000000
95,106,1,0,0.0000000000
95,106,2,0,0.0000000000
95,106,3,0,0.0000000000
95,107,1,0,0.0000000000
95,107,2,0,0.0000000000
95,107,3,0,0.0000000000
95,108,1,0,0.0000000000
95,108,2,0,0.0000000000
95,108,3,0,0.0000000000
95,109,1,0,0.0000000000
95,109,2,0,0.0000000000
95,109,3,0,0.0000000000
95,110,1,0,0.0000000000
95,110,2,0,0.0000000000
95,110,3,0,0.0000000000
95,111,1,0,0.0000000000
95,111,2,0,0.0000000000
95,111,3,0,0.0000000000
95,112,1,0,0.0000000000
95,112,2,0,0.0000000000
95,112,3,0,0.0000000000
95,113,1,0,0.0000000000
95,113,2,0,0.0000000000
95,113,3,0,0.0000000000
95,114,1,0,0.0000000000
95,114,2,0,0.0000000000
95,114,3,0,0.0000000000
95,115,1,0,0.0000000000
95,115,2,0,0.0000000000
95,115,3,0,0.0000000000
95,116,1,0,0.0000000000
95,116,2,0,0.0000000000
95,116,3,0,0.0000000000
95,117,1,0,0.0000000000
95,117,2,0,0.0000000000
95,117,3,0,0.0000000000
95,118,1,0,0.0000000000
95,118,2,0,0.0000000000
95,118,3,0,0.0000000000
95,119,1,0,0.0000000000
95,119,2,0,0.0000000000
95,119,3,0,0.0000000000
95,120,1,0,0.0000000000
95,120,2,0,0.0000000000
95,120,3,0,0.0000000000
95,121,1,0,0.0000000000
95,121,2,0,0.0000000000
95,121,3,0,0.0000000000
95,122,1,0,0.0000000000
95,122,2,0,0.0000000000
95,122,3,0,0.0000000000
95,123,1,0,0.0000000000
95,123,2,0,0.0000000000
95,123,3,0,0.0000000000
95,124,1,0,0.0000000000
95,124,2,0,0.0000000000
95,124,3,0,0.0000000000
95,125,1,0,0.0000000000
95,125,2,0,0.0000000000
95,125,3,0,0.0000000000
95,126,1,0,0.0000000000
95,126,2,0,0.0000000000
95,126,3,0,0.0000000000
95,127,1,0,0.0000000000
95,127,2,0,0.0000000000
95,127,3,0,0.0000000000
95,128,1,0,0.0000000000
95,128,2,0,0.0000000000
95,128,3,0,0.0000000000
95,129,1,0,0.0000000000
95,129,2,0,0.0000000000
95,129,3,0,0.0000000000
95,130,1,0,0.0000000000
95,130,2,0,0.0000000000
95,130,3,0,0.0000000000
95,131,1,0,0.0000000000
95,131,2,0,0.0000000000
95,131,3,0,0.0000000000
95,132,1,0,0.0000000000
95,132,2,0,0.0000000000
95,132,3,0,0.0000000000
95,133,1,0,0.0000000000
95,133,2,0,0.0000000000
95,133,3,0,0.0000000000
95,134,1,0,0.0000000000
95,134,2,0,0.0000000000
95,134,3,0,0.0000000000
95,135,1,0,0.0000000000
95,135,2,0,0.0000000000
95,135,3,0,0.0000000000
95,136,1,0,0.0000000000
95,136,2,0,0.0000000000
95,136,3,0,0.0000000000
95,137,1,0,0.0000000000
95,137,2,0,0.0000000000
95,137,3,0,0.0000000000
95,138,1,0,0.0000000000
95,138,2,0,0.0000000000
95,138,3,0,0.0000000000
95,139,1,0,0.0000000000
95,139,2,0,0.0000000000
95,139,3,0,0.0000000000
95,140,1,0,0.0000000000
95,140,2,0,0.0000000000
95,140,3,0,0.0000000000
95,141,1,0,0.0000000000
95,141,2,0,0.0000000000
95,141,3,0,0.0000000000
95,142,1,0,0.0000000000
95,142,2,0,0.0000000000
95,142,3,0,0.0000000000
95,143,1,0,0.0000000000
95,143,2,0,0.0000000000
95,143,3,0,0.0000000000
95,144,1,0,0.0000000000
95,144,2,0,0.0000000000
95,144,3,0,0.0000000000
95,145,1,0,0.0000000000
95,145,2,0,0.0000000000
95,145,3,0,0.0000000000
95,146,1,0,0.0000000000
95,146,2,0,0.0000000000
95,146,3,0,0.0000000000
95,147,1,0,0.0000000000
95,147,2,0,0.0000000000
95,147,3,0,0.0000000000
95,148,1,0,0.0000000000
95,148,2,0,0.0000000000
95,148,3,0,0.0000000000
95,149,1,0,0.0000000000
95,149,2,0,0.0000000000
95,149,3,0,0.0000000000
95,150,1,0,0.0000000000
95,150,2,0,0.0000000000
95,150,3,0,0.0000000000
95,151,1,0,0.0000000000
95,151,2,0,0.0000000000
95,151,3,0,0.0000000000
95,152,1,0,0.0000000000
95,152,2,0,0.0000000000
95,152,3,0,0.0000000000
95,153,1,0,0.0000000000
95,153,2,0,0.0000000000
95,153,3,0,0.0000000000
95,154,1,0,0.0000000000
95,154,2,0,0.0000000000
95,154,3,0,0.0000000000
95,155,1,0,0.0000000000
95,155,2,0,0.0000000000
95,155,3,0,0.0000000000
95,156,1,0,0.0000000000
95,156,2,0,0.0000000000
95,156,3,0,0.0000000000
95,157,1,0,0.0000000000
95,157,2,0,0.0000000000
95,157,3,0,0.0000000000
95,158,1,0,0.0000000000
95,158,2,0,0.0000000000
95,158,3,0,0.0000000000
95,159,1,0,0.0000000000
95,159,2,0,0.0000000000
95,159,3,0,0.0000000000
95,160,1,0,0.0000000000
95,160,2,0,0.0000000000
95,160,3,0,0.0000000000
95,161,1,0,0.0000000000
95,161,2,0,0.0000000000
95,161,3,0,0.0000000000
95,162,1,0,0.0000000000
95,162,2,0,0.0000000000
95,162,3,0,0.0000000000
95,163,1,0,0.0000000000
95,163,2,0,0.0000000000
95,163,3,0,0.0000000000
95,164,1,0,0.0000000000
95,164,2,0,0.0000000000
95,164,3,0,0.0000000000
95,165,1,0,0.0000000000
95,165,2,0,0.0000000000
95,165,3,0,0.0000000000
95,166,1,0,0.0000000000
95,166,2,0,0.0000000000
95,166,3,0,0.0000000000
95,167,1,0,0.0000000000
95,167,2,0,0.0000000000
95,167,3,0,0.0000000000
95,168,1,0,0.0000000000
95,168,2,0,0.0000000000
95,168,3,0,0.0000000000
96,1,1,0,0.0000000000
96,1,2,0,0.0000000000
96,1,3,0,0.0000000000
96,2,1,0,0.0000000000
96,2,2,0,0.0000000000
96,2,3,0,0.0000000000
96,3,1,0,0.0000000000
96,3,2,0,0.0000000000
96,3,3,0,0.0000000000
96,4,1,0,0.0000000000
96,4,2,0,0.0000000000
96,4,3,0,0.0000000000
96,5,1,0,0.0000000000
96,5,2,0,0.0000000000
96,5,3,0,0.0000000000
96,6,1,0,0.0000000000
96,6,2,0,0.0000000000
96,6,3,0,0.0000000000
96,7,1,0,0.0000000000
96,7,2,0,0.0000000000
96,7,3,0,0.0000000000
96,8,1,0,0.0000000000
96,8,2,0,0.0000000000
96,8,3,0,0.0000000000
96,9,1,0,0.0000000000
96,9,2,0,0.0000000000
96,9,3,0,0.0000000000
96,10,1,0,0.0000000000
96,10,2,0,0.0000000000
96,10,3,0,0.0000000000
96,11,1,0,0.0000000000
96,11,2,0,0.0000000000
96,11,3,0,0.0000000000
96,12,1,0,0.0000000000
96,12,2,0,0.0000000000
96,12,3,0,0.0000000000
96,13,1,0,0.0000000000
96,13,2,0,0.0000000000
96,13,3,0,0.0000000000
96,14,1,0,0.0000000000
96,14,2,0,0.0000000000
96,14,3,0,0.0000000000
96,15,1,0,0.0000000000
96,15,2,0,0.0000000000
96,15,3,0,0.0000000000
96,16,1,0,0.0000000000
96,16,2,0,0.0000000000
96,16,3,0,0.0000000000
96,17,1,0,0.0000000000
96,17,2,0,0.0000000000
96,17,3,0,0.0000000000
96,18,1,0,0.0000000000
96,18,2,0,0.0000000000
96,18,3,0,0.0000000000
96,19,1,0,0.0000000000
96,19,2,0,0.0000000000
96,19,3,0,0.0000000000
96,20,1,0,0.0000000000
96,20,2,0,0.0000000000
96,20,3,0,0.0000000000
96,21,1,0,0.0000000000
96,21,2,0,0.0000000000
96,21,3,0,0.0000000000
96,22,1,0,0.0000000000
96,22,2,0,0.0000000000
96,22,3,0,0.0000000000
96,23,1,0,0.0000000000
96,23,2,0,0.0000000000
96,23,3,0,0.0000000000
96,24,1,0,0.0000000000
96,24,2,0,0.0000000000
96,24,3,0,0.0000000000
96,25,1,0,0.0000000000
96,25,2,0,0.0000000000
96,25,3,0,0.0000000000
96,26,1,0,0.0000000000
96,26,2,0,0.0000000000
96,26,3,0,0.0000000000
96,27,1,0,0.0000000000
96,27,2,0,0.0000000000
96,27,3,0,0.0000000000
96,28,1,0,0.0000000000
96,28,2,0,0.0000000000
96,28,3,0,0.0000000000
96,29,1,0,0.0000000000
96,29,2,0,0.0000000000
96,29,3,0,0.0000000000
96,30,1,0,0.0000000000
96,30,2,0,0.0000000000
96,30,3,0,0.0000000000
96,31,1,0,0.0000000000
96,31,2,0,0.0000000000
96,31,3,0,0.0000000000
96,32,1,0,0.0000000000
96,32,2,0,0.0000000000
96,32,3,0,0.0000000000
96,33,1,0,0.0000000000
96,33,2,0,0.0000000000
96,33,3,0,0.0000000000
96,34,1,0,0.0000000000
96,34,2,0,0.0000000000
96,34,3,0,0.0000000000
96,35,1,0,0.0000000000
96,35,2,0,0.0000000000
96,35,3,0,0.0000000000
96,36,1,0,0.0000000000
96,36,2,0,0.0000000000
96,36,3,0,0.0000000000
96,37,1,0,0.0000000000
96,37,2,0,0.0000000000
96,37,3,0,0.0000000000
96,38,1,0,0.0000000000
96,38,2,0,0.0000000000
96,38,3,0,0.0000000000
96,39,1,0,0.0000000000
96,39,2,0,0.0000000000
96,39,3,0,0.0000000000
96,40,1,0,0.0000000000
96,40,2,0,0.0000000000
96,40,3,0,0.0000000000
96,41,1,0,0.0000000000
96,41,2,0,0.0000000000
96,41,3,0,0.0000000000
96,42,1,0,0.0000000000
96,42,2,0,0.0000000000
96,42,3,0,0.0000000000
96,43,1,0,0.0000000000
96,43,2,0,0.0000000000
96,43,3,0,0.0000000000
96,44,1,0,0.0000000000
96,44,2,0,0.0000000000
96,44,3,0,0.0000000000
96,45,1,0,0.0000000000
96,45,2,0,0.0000000000
96,45,3,0,0.0000000000
96,46,1,0,0.0000000000
96,46,2,0,0.0000000000
96,46,3,0,0.0000000000
96,47,1,0,0.0000000000
96,47,2,0,0.0000000000
96,47,3,0,0.0000000000
96,48,1,0,0.0000000000
96,48,2,0,0.0000000000
96,48,3,0,0.0000000000
96,49,1,0,0.0000000000
96,49,2,0,0.0000000000
96,49,3,0,0.0000000000
96,50,1,0,0.0000000000
96,50,2,0,0.0000000000
96,50,3,0,0.0000000000
96,51,1,0,0.0000000000
96,51,2,0,0.0000000000
96,51,3,0,0.0000000000
96,52,1,0,0.0000000000
96,52,2,0,0.0000000000
96,52,3,0,0.0000000000
96,53,1,0,0.0000000000
96,53,2,0,0.0000000000
96,53,3,0,0.0000000000
96,54,1,0,0.0000000000
96,54,2,0,0.0000000000
96,54,3,0,0.0000000000
96,55,1,0,0.0000000000
96,55,2,0,0.0000000000
96,55,3,0,0.0000000000
96,56,1,0,0.0000000000
96,56,2,0,0.0000000000
96,56,3,0,0.0000000000
96,57,1,0,0.0000000000
96,57,2,0,0.0000000000
96,57,3,0,0.0000000000
96,58,1,0,0.0000000000
96,58,2,0,0.0000000000
96,58,3,0,0.0000000000
96,59,1,0,0.0000000000
96,59,2,0,0.0000000000
96,59,3,0,0.0000000000
96,60,1,0,0.0000000000
96,60,2,0,0.0000000000
96,60,3,0,0.0000000000
96,61,1,0,0.0000000000
96,61,2,0,0.0000000000
96,61,3,0,0.0000000000
96,62,1,0,0.0000000000
96,62,2,0,0.0000000000
96,62,3,0,0.0000000000
96,63,1,0,0.0000000000
96,63,2,0,0.0000000000
96,63,3,0,0.0000000000
96,64,1,0,0.0000000000
96,64,2,0,0.0000000000
96,64,3,0,0.0000000000
96,65,1,0,0.0000000000
96,65,2,0,0.0000000000
96,65,3,0,0.0000000000
96,66,1,0,0.0000000000
96,66,2,0,0.0000000000
96,66,3,0,0.0000000000
96,67,1,0,0.0000000000
96,67,2,0,0.0000000000
96,67,3,0,0.0000000000
96,68,1,0,0.0000000000
96,68,2,0,0.0000000000
96,68,3,0,0.0000000000
96,69,1,0,0.0000000000
96,69,2,0,0.0000000000
96,69,3,0,0.0000000000
96,70,1,0,0.0000000000
96,70,2,0,0.0000000000
96,70,3,0,0.0000000000
96,71,1,0,0.0000000000
96,71,2,0,0.0000000000
96,71,3,0,0.0000000000
96,72,1,0,0.0000000000
96,72,2,0,0.0000000000
96,72,3,0,0.0000000000
96,73,1,0,0.0000000000
96,73,2,0,0.0000000000
96,73,3,0,0.0000000000
96,74,1,0,0.0000000000
96,74,2,0,0.0000000000
96,74,3,0,0.0000000000
96,75,1,0,0.0000000000
96,75,2,0,0.0000000000
96,75,3,0,0.0000000000
96,76,1,0,0.0000000000
96,76,2,0,0.0000000000
96,76,3,0,0.0000000000
96,77,1,0,0.0000000000
96,77,2,0,0.0000000000
96,77,3,0,0.0000000000
96,78,1,0,0.0000000000
96,78,2,0,0.0000000000
96,78,3,0,0.0000000000
96,79,1,0,0.0000000000
96,79,2,0,0.0000000000
96,79,3,0,0.0000000000
96,80,1,0,0.0000000000
96,80,2,0,0.0000000000
96,80,3,0,0.0000000000
96,81,1,0,0.0000000000
96,81,2,0,0.0000000000
96,81,3,0,0.0000000000
96,82,1,0,0.0000000000
96,82,2,0,0.0000000000
96,82,3,0,0.0000000000
96,83,1,0,0.0000000000
96,83,2,0,0.0000000000
96,83,3,0,0.0000000000
96,84,1,0,0.0000000000
96,84,2,0,0.0000000000
96,84,3,0,0.0000000000
96,85,1,0,0.0000000000
96,85,2,0,0.0000000000
96,85,3,0,0.0000000000
96,86,1,0,0.0000000000
96,86,2,0,0.0000000000
96,86,3,0,0.0000000000
96,87,1,0,0.0000000000
96,87,2,0,0.0000000000
96,87,3,0,0.0000000000
96,88,1,0,0.0000000000
96,88,2,0,0.0000000000
96,88,3,0,0.0000000000
96,89,1,0,0.0000000000
96,89,2,0,0.0000000000
96,89,3,0,0.0000000000
96,90,1,0,0.0000000000
96,90,2,0,0.0000000000
96,90,3,0,0.0000000000
96,91,1,0,0.0000000000
96,91,2,0,0.0000000000
96,91,3,0,0.0000000000
96,92,1,0,0.0000000000
96,92,2,0,0.0000000000
96,92,3,0,0.0000000000
96,93,1,0,0.0000000000
96,93,2,0,0.0000000000
96,93,3,0,0.0000000000
96,94,1,0,0.0000000000
96,94,2,0,0.0000000000
96,94,3,0,0.0000000000
96,95,1,0,0.0000000000
96,95,2,0,0.0000000000
96,95,3,0,0.0000000000
96,96,1,0,0.0000000000
96,96,2,0,0.0000000000
96,96,3,0,0.0000000000
96,97,1,0,0.0000000000
96,97,2,0,0.0000000000
96,97,3,0,0.0000000000
96,98,1,0,0.0000000000
96,98,2,0,0.0000000000
96,98,3,0,0.0000000000
96,99,1,0,0.0000000000
96,99,2,0,0.0000000000
96,99,3,0,0.0000000000
96,100,1,0,0.0000000000
96,100,2,0,0.0000000000
96,100,3,0,0.0000000000
96,101,1,0,0.0000000000
96,101,2,0,0.0000000000
96,101,3,0,0.0000000000
96,102,1,0,0.0000000000
96,102,2,0,0.0000000000
96,102,3,0,0.0000000000
96,103,1,0,0.0000000000
96,103,2,0,0.0000000000
96,103,3,0,0.0000000000
96,104,1,0,0.0000000000
96,104,2,0,0.0000000000
96,104,3,0,0.0000000000
96,105,1,0,0.0000000000
96,105,2,0,0.0000000000
96,105,3,0,0.0000000000
96,106,1,0,0.0000000000
96,106,2,0,0.0000000000
96,106,3,0,0.0000000000
96,107,1,0,0.0000000000
96,107,2,0,0.0000000000
96,107,3,0,0.0000000000
96,108,1,0,0.0000000000
96,108,2,0,0.0000000000
96,108,3,0,0.0000000000
96,109,1,0,0.0000000000
96,109,2,0,0.0000000000
96,109,3,0,0.0000000000
96,110,1,0,0.0000000000
96,110,2,0,0.0000000000
96,110,3,0,0.0000000000
96,111,1,0,0.0000000000
96,111,2,0,0.0000000000
96,111,3,0,0.0000000000
96,112,1,0,0.0000000000
96,112,2,0,0.0000000000
96,112,3,0,0.0000000000
96,113,1,0,0.0000000000
96,113,2,0,0.0000000000
96,113,3,0,0.0000000000
96,114,1,0,0.0000000000
96,114,2,0,0.0000000000
96,114,3,0,0.0000000000
96,115,1,0,0.0000000000
96,115,2,0,0.0000000000
96,115,3,0,0.0000000000
96,116,1,0,0.0000000000
96,116,2,0,0.0000000000
96,116,3,0,0.0000000000
96,117,1,0,0.0000000000
96,117,2,0,0.0000000000
96,117,3,0,0.0000000000
96,118,1,0,0.0000000000
96,118,2,0,0.0000000000
96,118,3,0,0.0000000000
96,119,1,0,0.0000000000
96,119,2,0,0.0000000000
96,119,3,0,0.0000000000
96,120,1,0,0.0000000000
96,120,2,0,0.0000000000
96,120,3,0,0.0000000000
96,121,1,0,0.0000000000
96,121,2,0,0.0000000000
96,121,3,0,0.0000000000
96,122,1,0,0.0000000000
96,122,2,0,0.0000000000
96,122,3,0,0.0000000000
96,123,1,0,0.0000000000
96,123,2,0,0.0000000000
96,123,3,0,0.0000000000
96,124,1,0,0.0000000000
96,124,2,0,0.0000000000
96,124,3,0,0.0000000000
96,125,1,0,0.0000000000
96,125,2,0,0.0000000000
96,125,3,0,0.0000000000
96,126,1,0,0.0000000000
96,126,2,0,0.0000000000
96,126,3,0,0.0000000000
96,127,1,0,0.0000000000
96,127,2,0,0.0000000000
96,127,3,0,0.0000000000
96,128,1,0,0.0000000000
96,128,2,0,0.0000000000
96,128,3,0,0.0000000000
96,129,1,0,0.0000000000
96,129,2,0,0.0000000000
96,129,3,0,0.0000000000
96,130,1,0,0.0000000000
96,130,2,0,0.0000000000
96,130,3,0,0.0000000000
96,131,1,0,0.0000000000
96,131,2,0,0.0000000000
96,131,3,0,0.0000000000
96,132,1,0,0.0000000000
96,132,2,0,0.0000000000
96,132,3,0,0.0000000000
96,133,1,0,0.0000000000
96,133,2,0,0.0000000000
96,133,3,0,0.0000000000
96,134,1,0,0.0000000000
96,134,2,0,0.0000000000
96,134,3,0,0.0000000000
96,135,1,0,0.0000000000
96,135,2,0,0.0000000000
96,135,3,0,0.0000000000
96,136,1,0,0.0000000000
96,136,2,0,0.0000000000
96,136,3,0,0.0000000000
96,137,1,0,0.0000000000
96,137,2,0,0.0000000000
96,137,3,0,0.0000000000
96,138,1,0,0.0000000000
96,138,2,0,0.0000000000
96,138,3,0,0.0000000000
96,139,1,0,0.0000000000
96,139,2,0,0.0000000000
96,139,3,0,0.0000000000
96,140,1,0,0.0000000000
96,140,2,0,0.0000000000
96,140,3,0,0.0000000000
96,141,1,0,0.0000000000
96,141,2,0,0.0000000000
96,141,3,0,0.0000000000
96,142,1,0,0.0000000000
96,142,2,0,0.0000000000
96,142,3,0,0.0000000000
96,143,1,0,0.0000000000
96,143,2,0,0.0000000000
96,143,3,0,0.0000000000
96,144,1,0,0.0000000000
96,144,2,0,0.0000000000
96,144,3,0,0.0000000000
96,145,1,0,0.0000000000
96,145,2,0,0.0000000000
96,145,3,0,0.0000000000
96,146,1,0,0.0000000000
96,146,2,0,0.0000000000
96,146,3,0,0.0000000000
96,147,1,0,0.0000000000
96,147,2,0,0.0000000000
96,147,3,0,0.0000000000
96,148,1,0,0.0000000000
96,148,2,0,0.0000000000
96,148,3,0,0.0000000000
96,149,1,0,0.0000000000
96,149,2,0,0.0000000000
96,149,3,0,0.0000000000
96,150,1,0,0.0000000000
96,150,2,0,0.0000000000
96,150,3,0,0.0000000000
96,151,1,0,0.0000000000
96,151,2,0,0.0000000000
96,151,3,0,0.0000000000
96,152,1,0,0.0000000000
96,152,2,0,0.0000000000
96,152,3,0,0.0000000000
96,153,1,0,0.0000000000
96,153,2,0,0.0000000000
96,153,3,0,0.0000000000
96,154,1,0,0.0000000000
96,154,2,0,0.0000000000
96,154,3,0,0.0000000000
96,155,1,0,0.0000000000
96,155,2,0,0.0000000000
96,155,3,0,0.0000000000
96,156,1,0,0.0000000000
96,156,2,0,0.0000000000
96,156,3,0,0.0000000000
96,157,1,0,0.0000000000
96,157,2,0,0.0000000000
96,157,3,0,0.0000000000
96,158,1,0,0.0000000000
96,158,2,0,0.0000000000
96,158,3,0,0.0000000000
96,159,1,0,0.0000000000
96,159,2,0,0.0000000000
96,159,3,0,0.0000000000
96,160,1,0,0.0000000000
96,160,2,0,0.0000000000
96,160,3,0,0.0000000000
96,161,1,0,0.0000000000
96,161,2,0,0.0000000000
96,161,3,0,0.0000000000
96,162,1,0,0.0000000000
96,162,2,0,0.0000000000
96,162,3,0,0.0000000000
96,163,1,0,0.0000000000
96,163,2,0,0.0000000000
96,163,3,0,0.0000000000
96,164,1,0,0.0000000000
96,164,2,0,0.0000000000
96,164,3,0,0.0000000000
96,165,1,0,0.0000000000
96,165,2,0,0.0000000000
96,165,3,0,0.0000000000
96,166,1,0,0.0000000000
96,166,2,0,0.0000000000
96,166,3,0,0.0000000000
96,167,1,0,0.0000000000
96,167,2,0,0.0000000000
96,167,3,0,0.0000000000
96,168,1,0,0.0000000000
96,168,2,0,0.0000000000
96,168,3,0,0.0000000000
97,1,1,1,643.3590682093
97,1,2,1,565.3174616235
97,1,3,1,0.0000000000
97,2,1,1,359.1268549269
97,2,2,1,0.0000000000
97,2,3,1,229.7920473865
97,3,1,1,372.8065513246
97,3,2,1,273.0210821469
97,3,3,1,103.4408806895
97,4,1,1,490.7807464405
97,4,2,1,660.4891156035
97,4,3,1,227.8319505270
97,5,1,1,0.0000000000
97,5,2,1,591.6584209602
97,5,3,1,330.5474418074
97,6,1,1,120.8329055171
97,6,2,1,515.8904766923
97,6,3,1,0.0000000000
97,7,1,1,489.8632433954
97,7,2,1,615.4064996897
97,7,3,1,0.0000000000
97,8,1,1,434.6478092087
97,8,2,1,517.6304579160
97,8,3,1,29.7384190190
97,9,1,1,436.7502882039
97,9,2,1,496.5476751643
97,9,3,1,667.2544233740
97,10,1,1,433.7334732587
97,10,2,1,571.9301588504
97,10,3,1,225.5467943526
97,11,1,1,443.7754656918
97,11,2,1,628.8496341239
97,11,3,1,516.1949733470
97,12,1,1,468.6064608578
97,12,2,1,624.9712456499
97,12,3,1,611.4114685519
97,13,1,1,497.4176657761
97,13,2,1,654.8027569290
97,13,3,1,134.8094950806
97,14,1,1,604.5295169294
97,14,2,1,360.2150377572
97,14,3,1,204.0211930493
97,15,1,1,466.4533754247
97,15,2,1,272.0123190539
97,15,3,1,171.9136335569
97,16,1,1,0.0000000000
97,16,2,1,0.0000000000
97,16,3,1,86.3229581372
97,17,1,1,0.0000000000
97,17,2,1,0.0000000000
97,17,3,1,236.8347030856
97,18,1,1,0.0000000000
97,18,2,1,0.0000000000
97,18,3,1,0.0000000000
97,19,1,1,0.0000000000
97,19,2,1,0.0000000000
97,19,3,1,0.0000000000
97,20,1,1,292.0786573640
97,20,2,1,0.0000000000
97,20,3,1,0.0000000000
97,21,1,1,197.1045474894
97,21,2,1,168.4005766527
97,21,3,1,0.0000000000
97,22,1,1,603.7713354560
97,22,2,1,616.7285968849
97,22,3,1,0.0000000000
97,23,1,1,662.2789869058
97,23,2,1,0.0000000000
97,23,3,1,0.0000000000
97,24,1,1,607.8246885198
97,24,2,1,171.6968544330
97,24,3,1,0.0000000000
97,25,1,1,622.5217378279
97,25,2,1,161.8533007625
97,25,3,1,0.0000000000
97,26,1,1,426.5444598677
97,26,2,1,501.7821205998
97,26,3,1,0.0000000000
97,27,1,1,238.3385594197
97,27,2,1,376.6695497761
97,27,3,1,0.0000000000
97,28,1,1,404.5157240511
97,28,2,1,0.0000000000
97,28,3,1,0.0000000000
97,29,1,1,0.0000000000
97,29,2,1,628.4925520871
97,29,3,1,0.0000000000
97,30,1,1,211.7522712717
97,30,2,1,579.6845047774
97,30,3,1,0.0000000000
97,31,1,1,597.9100121917
97,31,2,1,246.4535842595
97,31,3,1,0.0000000000
97,32,1,1,519.7329369112
97,32,2,1,0.0000000000
97,32,3,1,0.0000000000
97,33,1,1,559.1844541309
97,33,2,1,200.8159962378
97,33,3,1,242.8999815032
97,34,1,1,454.4577481549
97,34,2,1,435.0401777787
97,34,3,1,38.7285166876
97,35,1,1,442.6178945760
97,35,2,1,0.0000000000
97,35,3,1,411.8181307545
97,36,1,1,480.5688386027
97,36,2,1,0.0000000000
97,36,3,1,652.2325627496
97,37,1,1,568.8950043121
97,37,2,1,0.0000000000
97,37,3,1,276.7052791264
97,38,1,1,665.4215698928
97,38,2,1,484.1358021312
97,38,3,1,399.2383211174
97,39,1,1,578.9313000000
97,39,2,1,492.1107198357
97,39,3,1,177.8694285923
97,40,1,1,205.6180307704
97,40,2,1,444.3736562960
97,40,3,1,0.0000000000
97,41,1,1,51.8820424906
97,41,2,1,494.3838968287
97,41,3,1,0.0000000000
97,42,1,1,0.0000000000
97,42,2,1,492.1687197643
97,42,3,1,0.0000000000
97,43,1,1,0.0000000000
97,43,2,1,399.3352766348
97,43,3,1,0.0000000000
97,44,1,1,0.0000000000
97,44,2,1,209.3733083788
97,44,3,1,169.4914425771
97,45,1,1,0.0000000000
97,45,2,1,295.7732978073
97,45,3,1,407.9837163220
97,46,1,1,531.7717397371
97,46,2,1,638.7997895741
97,46,3,1,297.8372000000
97,47,1,1,628.1497745764
97,47,2,1,647.5708749387
97,47,3,1,404.3478438454
97,48,1,1,548.3881501340
97,48,2,1,645.5879401484
97,48,3,1,430.1058348837
97,49,1,1,670.8061197460
97,49,2,1,519.7329369112
97,49,3,1,0.0000000000
97,50,1,1,115.4808000000
97,50,2,1,0.0000000000
97,50,3,1,75.5389169801
97,51,1,1,26.2271923902
97,51,2,1,471.3179331625
97,51,3,1,131.1084124389
97,52,1,1,320.7064000000
97,52,2,1,0.0000000000
97,52,3,1,426.6405258793
97,53,1,1,0.0000000000
97,53,2,1,0.0000000000
97,53,3,1,409.4949030035
97,54,1,1,376.3184232992
97,54,2,1,488.7622177390
97,54,3,1,468.4179628721
97,55,1,1,0.0000000000
97,55,2,1,0.0000000000
97,55,3,1,437.3689485642
97,56,1,1,0.0000000000
97,56,2,1,380.1415145607
97,56,3,1,430.9745140620
97,57,1,1,357.9106051071
97,57,2,1,0.0000000000
97,57,3,1,430.9745140620
97,58,1,1,632.1467329879
97,58,2,1,0.0000000000
97,58,3,1,0.0000000000
97,59,1,1,557.6972527411
97,59,2,1,134.6090823255
97,59,3,1,435.3800526635
97,60,1,1,526.6348666301
97,60,2,1,409.5246151539
97,60,3,1,325.4141016716
97,61,1,1,569.8368989613
97,61,2,1,458.1780616114
97,61,3,1,0.0000000000
97,62,1,1,644.5381514213
97,62,2,1,0.0000000000
97,62,3,1,0.0000000000
97,63,1,1,608.1673206791
97,63,2,1,0.0000000000
97,63,3,1,0.0000000000
97,64,1,1,605.2585368458
97,64,2,1,439.2587619467
97,64,3,1,461.7599760649
97,65,1,1,619.5386000000
97,65,2,1,443.6183844331
97,65,3,1,452.2815744027
97,66,1,1,328.7247000000
97,66,2,1,450.8876430726
97,66,3,1,457.7371311795
97,67,1,1,0.0000000000
97,67,2,1,543.4185101250
97,67,3,1,510.4385321186
97,68,1,1,36.8767888879
97,68,2,1,47.8516391498
97,68,3,1,450.5831464178
97,69,1,1,267.7671673696
97,69,2,1,0.0000000000
97,69,3,1,438.6594356880
97,70,1,1,178.3974693110
97,70,2,1,0.0000000000
97,70,3,1,0.0000000000
97,71,1,1,483.3403073860
97,71,2,1,651.8575145183
97,71,3,1,0.0000000000
97,72,1,1,613.7734940790
97,72,2,1,26.2705627439
97,72,3,1,0.0000000000
97,73,1,1,550.0406902101
97,73,2,1,659.7309341300
97,73,3,1,467.9539681959
97,74,1,1,234.2622952390
97,74,2,1,355.5581721083
97,74,3,1,497.5771637975
97,75,1,1,0.0000000000
97,75,2,1,445.1843682473
97,75,3,1,488.2247602645
97,76,1,1,0.0000000000
97,76,2,1,25.7901470095
97,76,3,1,0.0000000000
97,77,1,1,0.0000000000
97,77,2,1,206.4726902658
97,77,3,1,445.1542810963
97,78,1,1,0.0000000000
97,78,2,1,0.0000000000
97,78,3,1,0.0000000000
97,79,1,1,0.0000000000
97,79,2,1,463.7671324363
97,79,3,1,490.2112394025
97,80,1,1,0.0000000000
97,80,2,1,492.5167157714
97,80,3,1,0.0000000000
97,81,1,1,175.8214989788
97,81,2,1,0.0000000000
97,81,3,1,441.1969093951
97,82,1,1,321.8770567000
97,82,2,1,495.1648722201
97,82,3,1,0.0000000000
97,83,1,1,339.0425990515
97,83,2,1,541.7462885589
97,83,3,1,437.6516955428
97,84,1,1,695.0557649046
97,84,2,1,494.9961907381
97,84,3,1,91.3042747644
97,85,1,1,633.5271689840
97,85,2,1,445.3776997584
97,85,3,1,163.8397810887
97,86,1,1,167.7863140594
97,86,2,1,454.6141046225
97,86,3,1,0.0000000000
97,87,1,1,56.0100141622
97,87,2,1,506.2719999423
97,87,3,1,34.7251844172
97,88,1,1,203.5443750733
97,88,2,1,539.5009056957
97,88,3,1,598.2599425595
97,89,1,1,0.0000000000
97,89,2,1,579.5784203011
97,89,3,1,212.0458251651
97,90,1,1,0.0000000000
97,90,2,1,655.1730990798
97,90,3,1,355.1962505109
97,91,1,1,0.0000000000
97,91,2,1,655.9108675821
97,91,3,1,398.1762151430
97,92,1,1,0.0000000000
97,92,2,1,180.8299220300
97,92,3,1,332.3924962633
97,93,1,1,529.6311614937
97,93,2,1,502.2692827971
97,93,3,1,400.6684286116
97,94,1,1,0.0000000000
97,94,2,1,593.0693172856
97,94,3,1,405.7896153264
97,95,1,1,283.2010328240
97,95,2,1,581.6222411147
97,95,3,1,411.1291275766
97,96,1,1,113.3695695446
97,96,2,1,650.2536704647
97,96,3,1,534.2170301592
97,97,1,1,0.0000000000
97,97,2,1,585.6333103366
97,97,3,1,457.0399843318
97,98,1,1,0.0000000000
97,98,2,1,0.0000000000
97,98,3,1,296.7310122549
97,99,1,1,0.0000000000
97,99,2,1,221.1854030158
97,99,3,1,92.7492027622
97,100,1,1,0.0000000000
97,100,2,1,244.0639485331
97,100,3,1,57.0333575383
97,101,1,1,0.0000000000
97,101,2,1,35.3206557510
97,101,3,1,0.0000000000
97,102,1,1,0.0000000000
97,102,2,1,400.8328017633
97,102,3,1,163.8335057565
97,103,1,1,0.0000000000
97,103,2,1,0.0000000000
97,103,3,1,0.0000000000
97,104,1,1,43.4007472765
97,104,2,1,107.3994568914
97,104,3,1,420.2134795635
97,105,1,1,0.0000000000
97,105,2,1,0.0000000000
97,105,3,1,551.6943746511
97,106,1,1,97.1455927845
97,106,2,1,0.0000000000
97,106,3,1,433.4763308105
97,107,1,1,508.4152983177
97,107,2,1,0.0000000000
97,107,3,1,265.2411698681
97,108,1,1,448.8068780762
97,108,2,1,142.5900154094
97,108,3,1,700.0311758756
97,109,1,1,419.6440967174
97,109,2,1,395.3883911360
97,109,3,1,551.5443210350
97,110,1,1,105.9654730610
97,110,2,1,350.7054859725
97,110,3,1,616.7770584157
97,111,1,1,0.0000000000
97,111,2,1,562.6837518681
97,111,3,1,669.7112218822
97,112,1,1,0.0000000000
97,112,2,1,274.6020513717
97,112,3,1,622.5192175320
97,113,1,1,0.0000000000
97,113,2,1,602.6340644340
97,113,3,1,435.3935410272
97,114,1,1,0.0000000000
97,114,2,1,0.0000000000
97,114,3,1,387.2984724311
97,115,1,1,0.0000000000
97,115,2,1,629.5951792790
97,115,3,1,361.8817208281
97,116,1,1,0.0000000000
97,116,2,1,0.0000000000
97,116,3,1,418.2665257925
97,117,1,1,0.0000000000
97,117,2,1,0.0000000000
97,117,3,1,84.5922171821
97,118,1,1,0.0000000000
97,118,2,1,575.7477955656
97,118,3,1,160.0739067630
97,119,1,1,0.0000000000
97,119,2,1,536.8764332839
97,119,3,1,45.8667117700
97,120,1,1,0.0000000000
97,120,2,1,476.7005199734
97,120,3,1,533.1788208956
97,121,1,1,330.4938018333
97,121,2,1,549.2989393599
97,121,3,1,534.9518192314
97,122,1,1,294.8210672399
97,122,2,1,666.2629553847
97,122,3,1,410.9900748003
97,123,1,1,414.1098423962
97,123,2,1,542.3003438855
97,123,3,1,150.1401700589
97,124,1,1,409.5206793661
97,124,2,1,476.5813797505
97,124,3,1,319.2987560925
97,125,1,1,0.0000000000
97,125,2,1,449.5396574331
97,125,3,1,450.1024232407
97,126,1,1,116.2931322338
97,126,2,1,560.6424951518
97,126,3,1,495.8812643552
97,127,1,1,242.7892691796
97,127,2,1,486.9949310330
97,127,3,1,0.0000000000
97,128,1,1,524.7788855492
97,128,2,1,0.0000000000
97,128,3,1,268.2728515885
97,129,1,1,403.9338020662
97,129,2,1,168.9614096186
97,129,3,1,597.0643496115
97,130,1,1,518.6164483851
97,130,2,1,323.6766101358
97,130,3,1,586.5256316457
97,131,1,1,451.1355905692
97,131,2,1,482.4828184241
97,131,3,1,616.0480373111
97,132,1,1,438.3670216586
97,132,2,1,456.4396361567
97,132,3,1,626.4292866708
97,133,1,1,466.0399871864
97,133,2,1,494.5611948381
97,133,3,1,550.1154415712
97,134,1,1,136.9715255815
97,134,2,1,527.7350734948
97,134,3,1,524.1698910516
97,135,1,1,232.8103849426
97,135,2,1,534.2514737174
97,135,3,1,609.9816171550
97,136,1,1,51.4975460171
97,136,2,1,524.6193863396
97,136,3,1,627.6248796188
97,137,1,1,0.0000000000
97,137,2,1,643.7508095790
97,137,3,1,555.3352272140
97,138,1,1,0.0000000000
97,138,2,1,0.0000000000
97,138,3,1,217.5863881381
97,139,1,1,0.0000000000
97,139,2,1,0.0000000000
97,139,3,1,0.0000000000
97,140,1,1,0.0000000000
97,140,2,1,25.7371833595
97,140,3,1,0.0000000000
97,141,1,1,0.0000000000
97,141,2,1,0.0000000000
97,141,3,1,0.0000000000
97,142,1,1,41.5546617845
97,142,2,1,591.8154024116
97,142,3,1,0.0000000000
97,143,1,1,414.0048644974
97,143,2,1,0.0000000000
97,143,3,1,0.0000000000
97,144,1,1,136.1576048365
97,144,2,1,0.0000000000
97,144,3,1,79.2060000000
97,145,1,1,533.3190000000
97,145,2,1,0.0000000000
97,145,3,1,86.7483013350
97,146,1,1,413.4626093878
97,146,2,1,0.0000000000
97,146,3,1,0.0000000000
97,147,1,1,586.7606835975
97,147,2,1,0.0000000000
97,147,3,1,0.0000000000
97,148,1,1,504.6095915735
97,148,2,1,0.0000000000
97,148,3,1,0.0000000000
97,149,1,1,0.0000000000
97,149,2,1,529.1706483657
97,149,3,1,67.5054435538
97,150,1,1,0.0000000000
97,150,2,1,511.4245225877
97,150,3,1,0.0000000000
97,151,1,1,0.0000000000
97,151,2,1,0.0000000000
97,151,3,1,0.0000000000
97,152,1,1,520.0064787719
97,152,2,1,236.7875826073
97,152,3,1,0.0000000000
97,153,1,1,329.7964822518
97,153,2,1,318.8986881579
97,153,3,1,605.9140317953
97,154,1,1,524.4797048219
97,154,2,1,517.2411781633
97,154,3,1,0.0000000000
97,155,1,1,637.7728424627
97,155,2,1,538.8302077053
97,155,3,1,513.4587409722
97,156,1,1,674.8876600384
97,156,2,1,526.7508652992
97,156,3,1,281.4118163682
97,157,1,1,652.6156959918
97,157,2,1,0.0000000000
97,157,3,1,354.1007503785
97,158,1,1,149.9720000000
97,158,2,1,637.3062694310
97,158,3,1,226.8215119896
97,159,1,1,247.0796000000
97,159,2,1,0.0000000000
97,159,3,1,0.0000000000
97,160,1,1,0.0000000000
97,160,2,1,0.0000000000
97,160,3,1,111.2142473792
97,161,1,1,0.0000000000
97,161,2,1,0.0000000000
97,161,3,1,295.2132905973
97,162,1,1,0.0000000000
97,162,2,1,248.2787885018
97,162,3,1,0.0000000000
97,163,1,1,0.0000000000
97,163,2,1,277.5388347292
97,163,3,1,0.0000000000
97,164,1,1,0.0000000000
97,164,2,1,0.0000000000
97,164,3,1,0.0000000000
97,165,1,1,0.0000000000
97,165,2,1,0.0000000000
97,165,3,1,0.0000000000
97,166,1,1,7.7364631759
97,166,2,1,418.5331209707
97,166,3,1,0.0000000000
97,167,1,1,339.7701812863
97,167,2,1,340.9949357914
97,167,3,1,0.0000000000
97,168,1,1,252.0252980999
97,168,2,1,333.5803125584
97,168,3,1,98.8765953488
98,1,1,0,0.0000000000
98,1,2,0,0.0000000000
98,1,3,0,0.0000000000
98,2,1,0,0.0000000000
98,2,2,0,0.0000000000
98,2,3,0,0.0000000000
98,3,1,0,0.0000000000
98,3,2,0,0.0000000000
98,3,3,0,0.0000000000
98,4,1,0,0.0000000000
98,4,2,0,0.0000000000
98,4,3,0,0.0000000000
98,5,1,0,0.0000000000
98,5,2,0,0.0000000000
98,5,3,0,0.0000000000
98,6,1,0,0.0000000000
98,6,2,0,0.0000000000
98,6,3,0,0.0000000000
98,7,1,0,0.0000000000
98,7,2,0,0.0000000000
98,7,3,0,0.0000000000
98,8,1,0,0.0000000000
98,8,2,0,0.0000000000
98,8,3,0,0.0000000000
98,9,1,0,0.0000000000
98,9,2,0,0.0000000000
98,9,3,0,0.0000000000
98,10,1,0,0.0000000000
98,10,2,0,0.0000000000
98,10,3,0,0.0000000000
98,11,1,0,0.0000000000
98,11,2,0,0.0000000000
98,11,3,0,0.0000000000
98,12,1,0,0.0000000000
98,12,2,0,0.0000000000
98,12,3,0,0.0000000000
98,13,1,0,0.0000000000
98,13,2,0,0.0000000000
98,13,3,0,0.0000000000
98,14,1,0,0.0000000000
98,14,2,0,0.0000000000
98,14,3,0,0.0000000000
98,15,1,0,0.0000000000
98,15,2,0,0.0000000000
98,15,3,0,0.0000000000
98,16,1,0,0.0000000000
98,16,2,0,0.0000000000
98,16,3,0,0.0000000000
98,17,1,0,0.0000000000
98,17,2,0,0.0000000000
98,17,3,0,0.0000000000
98,18,1,0,0.0000000000
98,18,2,0,0.0000000000
98,18,3,0,0.0000000000
98,19,1,0,0.0000000000
98,19,2,0,0.0000000000
98,19,3,0,0.0000000000
98,20,1,0,0.0000000000
98,20,2,0,0.0000000000
98,20,3,0,0.0000000000
98,21,1,0,0.0000000000
98,21,2,0,0.0000000000
98,21,3,0,0.0000000000
98,22,1,0,0.0000000000
98,22,2,0,0.0000000000
98,22,3,0,0.0000000000
98,23,1,0,0.0000000000
98,23,2,0,0.0000000000
98,23,3,0,0.0000000000
98,24,1,0,0.0000000000
98,24,2,0,0.0000000000
98,24,3,0,0.0000000000
98,25,1,0,0.0000000000
98,25,2,0,0.0000000000
98,25,3,0,0.0000000000
98,26,1,0,0.0000000000
98,26,2,0,0.0000000000
98,26,3,0,0.0000000000
98,27,1,0,0.0000000000
98,27,2,0,0.0000000000
98,27,3,0,0.0000000000
98,28,1,0,0.0000000000
98,28,2,0,0.0000000000
98,28,3,0,0.0000000000
98,29,1,0,0.0000000000
98,29,2,0,0.0000000000
98,29,3,0,0.0000000000
98,30,1,0,0.0000000000
98,30,2,0,0.0000000000
98,30,3,0,0.0000000000
98,31,1,0,0.0000000000
98,31,2,0,0.0000000000
98,31,3,0,0.0000000000
98,32,1,0,0.0000000000
98,32,2,0,0.0000000000
98,32,3,0,0.0000000000
98,33,1,0,0.0000000000
98,33,2,0,0.0000000000
98,33,3,0,0.0000000000
98,34,1,0,0.0000000000
98,34,2,0,0.0000000000
98,34,3,0,0.0000000000
98,35,1,0,0.0000000000
98,35,2,0,0.0000000000
98,35,3,0,0.0000000000
98,36,1,0,0.0000000000
98,36,2,0,0.0000000000
98,36,3,0,0.0000000000
98,37,1,0,0.0000000000
98,37,2,0,0.0000000000
98,37,3,0,0.0000000000
98,38,1,0,0.0000000000
98,38,2,0,0.0000000000
98,38,3,0,0.0000000000
98,39,1,0,0.0000000000
98,39,2,0,0.0000000000
98,39,3,0,0.0000000000
98,40,1,0,0.0000000000
98,40,2,0,0.0000000000
98,40,3,0,0.0000000000
98,41,1,0,0.0000000000
98,41,2,0,0.0000000000
98,41,3,0,0.0000000000
98,42,1,0,0.0000000000
98,42,2,0,0.0000000000
98,42,3,0,0.0000000000
98,43,1,0,0.0000000000
98,43,2,0,0.0000000000
98,43,3,0,0.0000000000
98,44,1,0,0.0000000000
98,44,2,0,0.0000000000
98,44,3,0,0.0000000000
98,45,1,0,0.0000000000
98,45,2,0,0.0000000000
98,45,3,0,0.0000000000
98,46,1,0,0.0000000000
98,46,2,0,0.0000000000
98,46,3,0,0.0000000000
98,47,1,0,0.0000000000
98,47,2,0,0.0000000000
98,47,3,0,0.0000000000
98,48,1,0,0.0000000000
98,48,2,0,0.0000000000
98,48,3,0,0.0000000000
98,49,1,0,0.0000000000
98,49,2,0,0.0000000000
98,49,3,0,0.0000000000
98,50,1,0,0.0000000000
98,50,2,0,0.0000000000
98,50,3,0,0.0000000000
98,51,1,0,0.0000000000
98,51,2,0,0.0000000000
98,51,3,0,0.0000000000
98,52,1,0,0.0000000000
98,52,2,0,0.0000000000
98,52,3,0,0.0000000000
98,53,1,0,0.0000000000
98,53,2,0,0.0000000000
98,53,3,0,0.0000000000
98,54,1,0,0.0000000000
98,54,2,0,0.0000000000
98,54,3,0,0.0000000000
98,55,1,0,0.0000000000
98,55,2,0,0.0000000000
98,55,3,0,0.0000000000
98,56,1,0,0.0000000000
98,56,2,0,0.0000000000
98,56,3,0,0.0000000000
98,57,1,0,0.0000000000
98,57,2,0,0.0000000000
98,57,3,0,0.0000000000
98,58,1,0,0.0000000000
98,58,2,0,0.0000000000
98,58,3,0,0.0000000000
98,59,1,0,0.0000000000
98,59,2,0,0.0000000000
98,59,3,0,0.0000000000
98,60,1,0,0.0000000000
98,60,2,0,0.0000000000
98,60,3,0,0.0000000000
98,61,1,0,0.0000000000
98,61,2,0,0.0000000000
98,61,3,0,0.0000000000
98,62,1,0,0.0000000000
98,62,2,0,0.0000000000
98,62,3,0,0.0000000000
98,63,1,0,0.0000000000
98,63,2,0,0.0000000000
98,63,3,0,0.0000000000
98,64,1,0,0.0000000000
98,64,2,0,0.0000000000
98,64,3,0,0.0000000000
98,65,1,0,0.0000000000
98,65,2,0,0.0000000000
98,65,3,0,0.0000000000
98,66,1,0,0.0000000000
98,66,2,0,0.0000000000
98,66,3,0,0.0000000000
98,67,1,0,0.0000000000
98,67,2,0,0.0000000000
98,67,3,0,0.0000000000
98,68,1,0,0.0000000000
98,68,2,0,0.0000000000
98,68,3,0,0.0000000000
98,69,1,0,0.0000000000
98,69,2,0,0.0000000000
98,69,3,0,0.0000000000
98,70,1,0,0.0000000000
98,70,2,0,0.0000000000
98,70,3,0,0.0000000000
98,71,1,0,0.0000000000
98,71,2,0,0.0000000000
98,71,3,0,0.0000000000
98,72,1,0,0.0000000000
98,72,2,0,0.0000000000
98,72,3,0,0.0000000000
98,73,1,0,0.0000000000
98,73,2,0,0.0000000000
98,73,3,0,0.0000000000
98,74,1,0,0.0000000000
98,74,2,0,0.0000000000
98,74,3,0,0.0000000000
98,75,1,0,0.0000000000
98,75,2,0,0.0000000000
98,75,3,0,0.0000000000
98,76,1,0,0.0000000000
98,76,2,0,0.0000000000
98,76,3,0,0.0000000000
98,77,1,0,0.0000000000
98,77,2,0,0.0000000000
98,77,3,0,0.0000000000
98,78,1,0,0.0000000000
98,78,2,0,0.0000000000
98,78,3,0,0.0000000000
98,79,1,0,0.0000000000
98,79,2,0,0.0000000000
98,79,3,0,0.0000000000
98,80,1,0,0.0000000000
98,80,2,0,0.0000000000
98,80,3,0,0.0000000000
98,81,1,0,0.0000000000
98,81,2,0,0.0000000000
98,81,3,0,0.0000000000
98,82,1,0,0.0000000000
98,82,2,0,0.0000000000
98,82,3,0,0.0000000000
98,83,1,0,0.0000000000
98,83,2,0,0.0000000000
98,83,3,0,0.0000000000
98,84,1,0,0.0000000000
98,84,2,0,0.0000000000
98,84,3,0,0.0000000000
98,85,1,0,0.0000000000
98,85,2,0,0.0000000000
98,85,3,0,0.0000000000
98,86,1,0,0.0000000000
98,86,2,0,0.0000000000
98,86,3,0,0.0000000000
98,87,1,0,0.0000000000
98,87,2,0,0.0000000000
98,87,3,0,0.0000000000
98,88,1,0,0.0000000000
98,88,2,0,0.0000000000
98,88,3,0,0.0000000000
98,89,1,0,0.0000000000
98,89,2,0,0.0000000000
98,89,3,0,0.0000000000
98,90,1,0,0.0000000000
98,90,2,0,0.0000000000
98,90,3,0,0.0000000000
98,91,1,0,0.0000000000
98,91,2,0,0.0000000000
98,91,3,0,0.0000000000
98,92,1,0,0.0000000000
98,92,2,0,0.0000000000
98,92,3,0,0.0000000000
98,93,1,0,0.0000000000
98,93,2,0,0.0000000000
98,93,3,0,0.0000000000
98,94,1,0,0.0000000000
98,94,2,0,0.0000000000
98,94,3,0,0.0000000000
98,95,1,0,0.0000000000
98,95,2,0,0.0000000000
98,95,3,0,0.0000000000
98,96,1,0,0.0000000000
98,96,2,0,0.0000000000
98,96,3,0,0.0000000000
98,97,1,0,0.0000000000
98,97,2,0,0.0000000000
98,97,3,0,0.0000000000
98,98,1,0,0.0000000000
98,98,2,0,0.0000000000
98,98,3,0,0.0000000000
98,99,1,0,0.0000000000
98,99,2,0,0.0000000000
98,99,3,0,0.0000000000
98,100,1,0,0.0000000000
98,100,2,0,0.0000000000
98,100,3,0,0.0000000000
98,101,1,0,0.0000000000
98,101,2,0,0.0000000000
98,101,3,0,0.0000000000
98,102,1,0,0.0000000000
98,102,2,0,0.0000000000
98,102,3,0,0.0000000000
98,103,1,0,0.0000000000
98,103,2,0,0.0000000000
98,103,3,0,0.0000000000
98,104,1,0,0.0000000000
98,104,2,0,0.0000000000
98,104,3,0,0.0000000000
98,105,1,0,0.0000000000
98,105,2,0,0.0000000000
98,105,3,0,0.0000000000
98,106,1,0,0.0000000000
98,106,2,0,0.0000000000
98,106,3,0,0.0000000000
98,107,1,0,0.0000000000
98,107,2,0,0.0000000000
98,107,3,0,0.0000000000
98,108,1,0,0.0000000000
98,108,2,0,0.0000000000
98,108,3,0,0.0000000000
98,109,1,0,0.0000000000
98,109,2,0,0.0000000000
98,109,3,0,0.0000000000
98,110,1,0,0.0000000000
98,110,2,0,0.0000000000
98,110,3,0,0.0000000000
98,111,1,0,0.0000000000
98,111,2,0,0.0000000000
98,111,3,0,0.0000000000
98,112,1,0,0.0000000000
98,112,2,0,0.0000000000
98,112,3,0,0.0000000000
98,113,1,0,0.0000000000
98,113,2,0,0.0000000000
98,113,3,0,0.0000000000
98,114,1,0,0.0000000000
98,114,2,0,0.0000000000
98,114,3,0,0.0000000000
98,115,1,0,0.0000000000
98,115,2,0,0.0000000000
98,115,3,0,0.0000000000
98,116,1,0,0.0000000000
98,116,2,0,0.0000000000
98,116,3,0,0.0000000000
98,117,1,0,0.0000000000
98,117,2,0,0.0000000000
98,117,3,0,0.0000000000
98,118,1,0,0.0000000000
98,118,2,0,0.0000000000
98,118,3,0,0.0000000000
98,119,1,0,0.0000000000
98,119,2,0,0.0000000000
98,119,3,0,0.0000000000
98,120,1,0,0.0000000000
98,120,2,0,0.0000000000
98,120,3,0,0.0000000000
98,121,1,0,0.0000000000
98,121,2,0,0.0000000000
98,121,3,0,0.0000000000
98,122,1,0,0.0000000000
98,122,2,0,0.0000000000
98,122,3,0,0.0000000000
98,123,1,0,0.0000000000
98,123,2,0,0.0000000000
98,123,3,0,0.0000000000
98,124,1,0,0.0000000000
98,124,2,0,0.0000000000
98,124,3,0,0.0000000000
98,125,1,0,0.0000000000
98,125,2,0,0.0000000000
98,125,3,0,0.0000000000
98,126,1,0,0.0000000000
98,126,2,0,0.0000000000
98,126,3,0,0.0000000000
98,127,1,0,0.0000000000
98,127,2,0,0.0000000000
98,127,3,0,0.0000000000
98,128,1,0,0.0000000000
98,128,2,0,0.0000000000
98,128,3,0,0.0000000000
98,129,1,0,0.0000000000
98,129,2,0,0.0000000000
98,129,3,0,0.0000000000
98,130,1,0,0.0000000000
98,130,2,0,0.0000000000
98,130,3,0,0.0000000000
98,131,1,0,0.0000000000
98,131,2,0,0.0000000000
98,131,3,0,0.0000000000
98,132,1,0,0.0000000000
98,132,2,0,0.0000000000
98,132,3,0,0.0000000000
98,133,1,0,0.0000000000
98,133,2,0,0.0000000000
98,133,3,0,0.0000000000
98,134,1,0,0.0000000000
98,134,2,0,0.0000000000
98,134,3,0,0.0000000000
98,135,1,0,0.0000000000
98,135,2,0,0.0000000000
98,135,3,0,0.0000000000
98,136,1,0,0.0000000000
98,136,2,0,0.0000000000
98,136,3,0,0.0000000000
98,137,1,0,0.0000000000
98,137,2,0,0.0000000000
98,137,3,0,0.0000000000
98,138,1,0,0.0000000000
98,138,2,0,0.0000000000
98,138,3,0,0.0000000000
98,139,1,0,0.0000000000
98,139,2,0,0.0000000000
98,139,3,0,0.0000000000
98,140,1,0,0.0000000000
98,140,2,0,0.0000000000
98,140,3,0,0.0000000000
98,141,1,0,0.0000000000
98,141,2,0,0.0000000000
98,141,3,0,0.0000000000
98,142,1,0,0.0000000000
98,142,2,0,0.0000000000
98,142,3,0,0.0000000000
98,143,1,0,0.0000000000
98,143,2,0,0.0000000000
98,143,3,0,0.0000000000
98,144,1,0,0.0000000000
98,144,2,0,0.0000000000
98,144,3,0,0.0000000000
98,145,1,0,0.0000000000
98,145,2,0,0.0000000000
98,145,3,0,0.0000000000
98,146,1,0,0.0000000000
98,146,2,0,0.0000000000
98,146,3,0,0.0000000000
98,147,1,0,0.0000000000
98,147,2,0,0.0000000000
98,147,3,0,0.0000000000
98,148,1,0,0.0000000000
98,148,2,0,0.0000000000
98,148,3,0,0.0000000000
98,149,1,0,0.0000000000
98,149,2,0,0.0000000000
98,149,3,0,0.0000000000
98,150,1,0,0.0000000000
98,150,2,0,0.0000000000
98,150,3,0,0.0000000000
98,151,1,0,0.0000000000
98,151,2,0,0.0000000000
98,151,3,0,0.0000000000
98,152,1,0,0.0000000000
98,152,2,0,0.0000000000
98,152,3,0,0.0000000000
98,153,1,0,0.0000000000
98,153,2,0,0.0000000000
98,153,3,0,0.0000000000
98,154,1,0,0.0000000000
98,154,2,0,0.0000000000
98,154,3,0,0.0000000000
98,155,1,0,0.0000000000
98,155,2,0,0.0000000000
98,155,3,0,0.0000000000
98,156,1,0,0.0000000000
98,156,2,0,0.0000000000
98,156,3,0,0.0000000000
98,157,1,0,0.0000000000
98,157,2,0,0.0000000000
98,157,3,0,0.0000000000
98,158,1,0,0.0000000000
98,158,2,0,0.0000000000
98,158,3,0,0.0000000000
98,159,1,0,0.0000000000
98,159,2,0,0.0000000000
98,159,3,0,0.0000000000
98,160,1,0,0.0000000000
98,160,2,0,0.0000000000
98,160,3,0,0.0000000000
98,161,1,0,0.0000000000
98,161,2,0,0.0000000000
98,161,3,0,0.0000000000
98,162,1,0,0.0000000000
98,162,2,0,0.0000000000
98,162,3,0,0.0000000000
98,163,1,0,0.0000000000
98,163,2,0,0.0000000000
98,163,3,0,0.0000000000
98,164,1,0,0.0000000000
98,164,2,0,0.0000000000
98,164,3,0,0.0000000000
98,165,1,0,0.0000000000
98,165,2,0,0.0000000000
98,165,3,0,0.0000000000
98,166,1,0,0.0000000000
98,166,2,0,0.0000000000
98,166,3,0,0.0000000000
98,167,1,0,0.0000000000
98,167,2,0,0.0000000000
98,167,3,0,0.0000000000
98,168,1,0,0.0000000000
98,168,2,0,0.0000000000
98,168,3,0,0.0000000000
101,1,1,0,0.0000000000
101,1,2,0,0.0000000000
101,1,3,0,0.0000000000
101,2,1,0,0.0000000000
101,2,2,0,0.0000000000
101,2,3,0,0.0000000000
101,3,1,0,0.0000000000
101,3,2,0,0.0000000000
101,3,3,0,0.0000000000
101,4,1,0,0.0000000000
101,4,2,0,0.0000000000
101,4,3,0,0.0000000000
101,5,1,0,0.0000000000
101,5,2,0,0.0000000000
101,5,3,0,0.0000000000
101,6,1,0,0.0000000000
101,6,2,0,0.0000000000
101,6,3,0,0.0000000000
101,7,1,0,0.0000000000
101,7,2,0,0.0000000000
101,7,3,0,0.0000000000
101,8,1,0,0.0000000000
101,8,2,0,0.0000000000
101,8,3,0,0.0000000000
101,9,1,0,0.0000000000
101,9,2,0,0.0000000000
101,9,3,0,0.0000000000
101,10,1,0,0.0000000000
101,10,2,0,0.0000000000
101,10,3,0,0.0000000000
101,11,1,0,0.0000000000
101,11,2,0,0.0000000000
101,11,3,0,0.0000000000
101,12,1,0,0.0000000000
101,12,2,0,0.0000000000
101,12,3,0,0.0000000000
101,13,1,0,0.0000000000
101,13,2,0,0.0000000000
101,13,3,0,0.0000000000
101,14,1,0,0.0000000000
101,14,2,0,0.0000000000
101,14,3,0,0.0000000000
101,15,1,0,0.0000000000
101,15,2,0,0.0000000000
101,15,3,0,0.0000000000
101,16,1,0,0.0000000000
101,16,2,0,0.0000000000
101,16,3,0,0.0000000000
101,17,1,0,0.0000000000
101,17,2,0,0.0000000000
101,17,3,0,0.0000000000
101,18,1,0,0.0000000000
101,18,2,0,0.0000000000
101,18,3,0,0.0000000000
101,19,1,0,0.0000000000
101,19,2,0,0.0000000000
101,19,3,0,0.0000000000
101,20,1,0,0.0000000000
101,20,2,0,0.0000000000
101,20,3,0,0.0000000000
101,21,1,0,0.0000000000
101,21,2,0,0.0000000000
101,21,3,0,0.0000000000
101,22,1,0,0.0000000000
101,22,2,0,0.0000000000
101,22,3,0,0.0000000000
101,23,1,0,0.0000000000
101,23,2,0,0.0000000000
101,23,3,0,0.0000000000
101,24,1,0,0.0000000000
101,24,2,0,0.0000000000
101,24,3,0,0.0000000000
101,25,1,0,0.0000000000
101,25,2,0,0.0000000000
101,25,3,0,0.0000000000
101,26,1,0,0.0000000000
101,26,2,0,0.0000000000
101,26,3,0,0.0000000000
101,27,1,0,0.0000000000
101,27,2,0,0.0000000000
101,27,3,0,0.0000000000
101,28,1,0,0.0000000000
101,28,2,0,0.0000000000
101,28,3,0,0.0000000000
101,29,1,0,0.0000000000
101,29,2,0,0.0000000000
101,29,3,0,0.0000000000
101,30,1,0,0.0000000000
101,30,2,0,0.0000000000
101,30,3,0,0.0000000000
101,31,1,0,0.0000000000
101,31,2,0,0.0000000000
101,31,3,0,0.0000000000
101,32,1,0,0.0000000000
101,32,2,0,0.0000000000
101,32,3,0,0.0000000000
101,33,1,0,0.0000000000
101,33,2,0,0.0000000000
101,33,3,0,0.0000000000
101,34,1,0,0.0000000000
101,34,2,0,0.0000000000
101,34,3,0,0.0000000000
101,35,1,0,0.0000000000
101,35,2,0,0.0000000000
101,35,3,0,0.0000000000
101,36,1,0,0.0000000000
101,36,2,0,0.0000000000
101,36,3,0,0.0000000000
101,37,1,0,0.0000000000
101,37,2,0,0.0000000000
101,37,3,0,0.0000000000
101,38,1,0,0.0000000000
101,38,2,0,0.0000000000
101,38,3,0,0.0000000000
101,39,1,0,0.0000000000
101,39,2,0,0.0000000000
101,39,3,0,0.0000000000
101,40,1,0,0.0000000000
101,40,2,0,0.0000000000
101,40,3,0,0.0000000000
101,41,1,0,0.0000000000
101,41,2,0,0.0000000000
101,41,3,0,0.0000000000
101,42,1,0,0.0000000000
101,42,2,0,0.0000000000
101,42,3,0,0.0000000000
101,43,1,0,0.0000000000
101,43,2,0,0.0000000000
101,43,3,0,0.0000000000
101,44,1,0,0.0000000000
101,44,2,0,0.0000000000
101,44,3,0,0.0000000000
101,45,1,0,0.0000000000
101,45,2,0,0.0000000000
101,45,3,0,0.0000000000
101,46,1,0,0.0000000000
101,46,2,0,0.0000000000
101,46,3,0,0.0000000000
101,47,1,0,0.0000000000
101,47,2,0,0.0000000000
101,47,3,0,0.0000000000
101,48,1,0,0.0000000000
101,48,2,0,0.0000000000
101,48,3,0,0.0000000000
101,49,1,0,0.0000000000
101,49,2,0,0.0000000000
101,49,3,0,0.0000000000
101,50,1,0,0.0000000000
101,50,2,0,0.0000000000
101,50,3,0,0.0000000000
101,51,1,0,0.0000000000
101,51,2,0,0.0000000000
101,51,3,0,0.0000000000
101,52,1,0,0.0000000000
101,52,2,0,0.0000000000
101,52,3,0,0.0000000000
101,53,1,0,0.0000000000
101,53,2,0,0.0000000000
101,53,3,0,0.0000000000
101,54,1,0,0.0000000000
101,54,2,0,0.0000000000
101,54,3,0,0.0000000000
101,55,1,0,0.0000000000
101,55,2,0,0.0000000000
101,55,3,0,0.0000000000
101,56,1,0,0.0000000000
101,56,2,0,0.0000000000
101,56,3,0,0.0000000000
101,57,1,0,0.0000000000
101,57,2,0,0.0000000000
101,57,3,0,0.0000000000
101,58,1,0,0.0000000000
101,58,2,0,0.0000000000
101,58,3,0,0.0000000000
101,59,1,0,0.0000000000
101,59,2,0,0.0000000000
101,59,3,0,0.0000000000
101,60,1,0,0.0000000000
101,60,2,0,0.0000000000
101,60,3,0,0.0000000000
101,61,1,0,0.0000000000
101,61,2,0,0.0000000000
101,61,3,0,0.0000000000
101,62,1,0,0.0000000000
101,62,2,0,0.0000000000
101,62,3,0,0.0000000000
101,63,1,0,0.0000000000
101,63,2,0,0.0000000000
101,63,3,0,0.0000000000
101,64,1,0,0.0000000000
101,64,2,0,0.0000000000
101,64,3,0,0.0000000000
101,65,1,0,0.0000000000
101,65,2,0,0.0000000000
101,65,3,0,0.0000000000
101,66,1,0,0.0000000000
101,66,2,0,0.0000000000
101,66,3,0,0.0000000000
101,67,1,0,0.0000000000
101,67,2,0,0.0000000000
101,67,3,0,0.0000000000
101,68,1,0,0.0000000000
101,68,2,0,0.0000000000
101,68,3,0,0.0000000000
101,69,1,0,0.0000000000
101,69,2,0,0.0000000000
101,69,3,0,0.0000000000
101,70,1,0,0.0000000000
101,70,2,0,0.0000000000
101,70,3,0,0.0000000000
101,71,1,0,0.0000000000
101,71,2,0,0.0000000000
101,71,3,0,0.0000000000
101,72,1,0,0.0000000000
101,72,2,0,0.0000000000
101,72,3,0,0.0000000000
101,73,1,0,0.0000000000
101,73,2,0,0.0000000000
101,73,3,0,0.0000000000
101,74,1,0,0.0000000000
101,74,2,0,0.0000000000
101,74,3,0,0.0000000000
101,75,1,0,0.0000000000
101,75,2,0,0.0000000000
101,75,3,0,0.0000000000
101,76,1,0,0.0000000000
101,76,2,0,0.0000000000
101,76,3,0,0.0000000000
101,77,1,0,0.0000000000
101,77,2,0,0.0000000000
101,77,3,0,0.0000000000
101,78,1,0,0.0000000000
101,78,2,0,0.0000000000
101,78,3,0,0.0000000000
101,79,1,0,0.0000000000
101,79,2,0,0.0000000000
101,79,3,0,0.0000000000
101,80,1,0,0.0000000000
101,80,2,0,0.0000000000
101,80,3,0,0.0000000000
101,81,1,0,0.0000000000
101,81,2,0,0.0000000000
101,81,3,0,0.0000000000
101,82,1,0,0.0000000000
101,82,2,0,0.0000000000
101,82,3,0,0.0000000000
101,83,1,0,0.0000000000
101,83,2,0,0.0000000000
101,83,3,0,0.0000000000
101,84,1,0,0.0000000000
101,84,2,0,0.0000000000
101,84,3,0,0.0000000000
101,85,1,0,0.0000000000
101,85,2,0,0.0000000000
101,85,3,0,0.0000000000
101,86,1,0,0.0000000000
101,86,2,0,0.0000000000
101,86,3,0,0.0000000000
101,87,1,0,0.0000000000
101,87,2,0,0.0000000000
101,87,3,0,0.0000000000
101,88,1,0,0.0000000000
101,88,2,0,0.0000000000
101,88,3,0,0.0000000000
101,89,1,0,0.0000000000
101,89,2,0,0.0000000000
101,89,3,0,0.0000000000
101,90,1,0,0.0000000000
101,90,2,0,0.0000000000
101,90,3,0,0.0000000000
101,91,1,0,0.0000000000
101,91,2,0,0.0000000000
101,91,3,0,0.0000000000
101,92,1,0,0.0000000000
101,92,2,0,0.0000000000
101,92,3,0,0.0000000000
101,93,1,0,0.0000000000
101,93,2,0,0.0000000000
101,93,3,0,0.0000000000
101,94,1,0,0.0000000000
101,94,2,0,0.0000000000
101,94,3,0,0.0000000000
101,95,1,0,0.0000000000
101,95,2,0,0.0000000000
101,95,3,0,0.0000000000
101,96,1,0,0.0000000000
101,96,2,0,0.0000000000
101,96,3,0,0.0000000000
101,97,1,0,0.0000000000
101,97,2,0,0.0000000000
101,97,3,0,0.0000000000
101,98,1,0,0.0000000000
101,98,2,0,0.0000000000
101,98,3,0,0.0000000000
101,99,1,0,0.0000000000
101,99,2,0,0.0000000000
101,99,3,0,0.0000000000
101,100,1,0,0.0000000000
101,100,2,0,0.0000000000
101,100,3,0,0.0000000000
101,101,1,0,0.0000000000
101,101,2,0,0.0000000000
101,101,3,0,0.0000000000
101,102,1,0,0.0000000000
101,102,2,0,0.0000000000
101,102,3,0,0.0000000000
101,103,1,0,0.0000000000
101,103,2,0,0.0000000000
101,103,3,0,0.0000000000
101,104,1,0,0.0000000000
101,104,2,0,0.0000000000
101,104,3,0,0.0000000000
101,105,1,0,0.0000000000
101,105,2,0,0.0000000000
101,105,3,0,0.0000000000
101,106,1,0,0.0000000000
101,106,2,0,0.0000000000
101,106,3,0,0.0000000000
101,107,1,0,0.0000000000
101,107,2,0,0.0000000000
101,107,3,0,0.0000000000
101,108,1,0,0.0000000000
101,108,2,0,0.0000000000
101,108,3,0,0.0000000000
101,109,1,0,0.0000000000
101,109,2,0,0.0000000000
101,109,3,0,0.0000000000
101,110,1,0,0.0000000000
101,110,2,0,0.0000000000
101,110,3,0,0.0000000000
101,111,1,0,0.0000000000
101,111,2,0,0.0000000000
101,111,3,0,0.0000000000
101,112,1,0,0.0000000000
101,112,2,0,0.0000000000
101,112,3,0,0.0000000000
101,113,1,0,0.0000000000
101,113,2,0,0.0000000000
101,113,3,0,0.0000000000
101,114,1,0,0.0000000000
101,114,2,0,0.0000000000
101,114,3,0,0.0000000000
101,115,1,0,0.0000000000
101,115,2,0,0.0000000000
101,115,3,0,0.0000000000
101,116,1,0,0.0000000000
101,116,2,0,0.0000000000
101,116,3,0,0.0000000000
101,117,1,0,0.0000000000
101,117,2,0,0.0000000000
101,117,3,0,0.0000000000
101,118,1,0,0.0000000000
101,118,2,0,0.0000000000
101,118,3,0,0.0000000000
101,119,1,0,0.0000000000
101,119,2,0,0.0000000000
101,119,3,0,0.0000000000
101,120,1,0,0.0000000000
101,120,2,0,0.0000000000
101,120,3,0,0.0000000000
101,121,1,0,0.0000000000
101,121,2,0,0.0000000000
101,121,3,0,0.0000000000
101,122,1,0,0.0000000000
101,122,2,0,0.0000000000
101,122,3,0,0.0000000000
101,123,1,0,0.0000000000
101,123,2,0,0.0000000000
101,123,3,0,0.0000000000
101,124,1,0,0.0000000000
101,124,2,0,0.0000000000
101,124,3,0,0.0000000000
101,125,1,0,0.0000000000
101,125,2,0,0.0000000000
101,125,3,0,0.0000000000
101,126,1,0,0.0000000000
101,126,2,0,0.0000000000
101,126,3,0,0.0000000000
101,127,1,0,0.0000000000
101,127,2,0,0.0000000000
101,127,3,0,0.0000000000
101,128,1,0,0.0000000000
101,128,2,0,0.0000000000
101,128,3,0,0.0000000000
101,129,1,0,0.0000000000
101,129,2,0,0.0000000000
101,129,3,0,0.0000000000
101,130,1,0,0.0000000000
101,130,2,0,0.0000000000
101,130,3,0,0.0000000000
101,131,1,0,0.0000000000
101,131,2,0,0.0000000000
101,131,3,0,0.0000000000
101,132,1,0,0.0000000000
101,132,2,0,0.0000000000
101,132,3,0,0.0000000000
101,133,1,0,0.0000000000
101,133,2,0,0.0000000000
101,133,3,0,0.0000000000
101,134,1,0,0.0000000000
101,134,2,0,0.0000000000
101,134,3,0,0.0000000000
101,135,1,0,0.0000000000
101,135,2,0,0.0000000000
101,135,3,0,0.0000000000
101,136,1,0,0.0000000000
101,136,2,0,0.0000000000
101,136,3,0,0.0000000000
101,137,1,0,0.0000000000
101,137,2,0,0.0000000000
101,137,3,0,0.0000000000
101,138,1,0,0.0000000000
101,138,2,0,0.0000000000
101,138,3,0,0.0000000000
101,139,1,0,0.0000000000
101,139,2,0,0.0000000000
101,139,3,0,0.0000000000
101,140,1,0,0.0000000000
101,140,2,0,0.0000000000
101,140,3,0,0.0000000000
101,141,1,0,0.0000000000
101,141,2,0,0.0000000000
101,141,3,0,0.0000000000
101,142,1,0,0.0000000000
101,142,2,0,0.0000000000
101,142,3,0,0.0000000000
101,143,1,0,0.0000000000
101,143,2,0,0.0000000000
101,143,3,0,0.0000000000
101,144,1,0,0.0000000000
101,144,2,0,0.0000000000
101,144,3,0,0.0000000000
101,145,1,0,0.0000000000
101,145,2,0,0.0000000000
101,145,3,0,0.0000000000
101,146,1,0,0.0000000000
101,146,2,0,0.0000000000
101,146,3,0,0.0000000000
101,147,1,0,0.0000000000
101,147,2,0,0.0000000000
101,147,3,0,0.0000000000
101,148,1,0,0.0000000000
101,148,2,0,0.0000000000
101,148,3,0,0.0000000000
101,149,1,0,0.0000000000
101,149,2,0,0.0000000000
101,149,3,0,0.0000000000
101,150,1,0,0.0000000000
101,150,2,0,0.0000000000
101,150,3,0,0.0000000000
101,151,1,0,0.0000000000
101,151,2,0,0.0000000000
101,151,3,0,0.0000000000
101,152,1,0,0.0000000000
101,152,2,0,0.0000000000
101,152,3,0,0.0000000000
101,153,1,0,0.0000000000
101,153,2,0,0.0000000000
101,153,3,0,0.0000000000
101,154,1,0,0.0000000000
101,154,2,0,0.0000000000
101,154,3,0,0.0000000000
101,155,1,0,0.0000000000
101,155,2,0,0.0000000000
101,155,3,0,0.0000000000
101,156,1,0,0.0000000000
101,156,2,0,0.0000000000
101,156,3,0,0.0000000000
101,157,1,0,0.0000000000
101,157,2,0,0.0000000000
101,157,3,0,0.0000000000
101,158,1,0,0.0000000000
101,158,2,0,0.0000000000
101,158,3,0,0.0000000000
101,159,1,0,0.0000000000
101,159,2,0,0.0000000000
101,159,3,0,0.0000000000
101,160,1,0,0.0000000000
101,160,2,0,0.0000000000
101,160,3,0,0.0000000000
101,161,1,0,0.0000000000
101,161,2,0,0.0000000000
101,161,3,0,0.0000000000
101,162,1,0,0.0000000000
101,162,2,0,0.0000000000
101,162,3,0,0.0000000000
101,163,1,0,0.0000000000
101,163,2,0,0.0000000000
101,163,3,0,0.0000000000
101,164,1,0,0.0000000000
101,164,2,0,0.0000000000
101,164,3,0,0.0000000000
101,165,1,0,0.0000000000
101,165,2,0,0.0000000000
101,165,3,0,0.0000000000
101,166,1,0,0.0000000000
101,166,2,0,0.0000000000
101,166,3,0,0.0000000000
101,167,1,0,0.0000000000
101,167,2,0,0.0000000000
101,167,3,0,0.0000000000
101,168,1,0,0.0000000000
101,168,2,0,0.0000000000
101,168,3,0,0.0000000000
102,1,1,0,0.0000000000
102,1,2,0,0.0000000000
102,1,3,0,0.0000000000
102,2,1,0,0.0000000000
102,2,2,0,0.0000000000
102,2,3,0,0.0000000000
102,3,1,0,0.0000000000
102,3,2,0,0.0000000000
102,3,3,0,0.0000000000
102,4,1,0,0.0000000000
102,4,2,0,0.0000000000
102,4,3,0,0.0000000000
102,5,1,0,0.0000000000
102,5,2,0,0.0000000000
102,5,3,0,0.0000000000
102,6,1,0,0.0000000000
102,6,2,0,0.0000000000
102,6,3,0,0.0000000000
102,7,1,0,0.0000000000
102,7,2,0,0.0000000000
102,7,3,0,0.0000000000
102,8,1,0,0.0000000000
102,8,2,0,0.0000000000
102,8,3,0,0.0000000000
102,9,1,0,0.0000000000
102,9,2,0,0.0000000000
102,9,3,0,0.0000000000
102,10,1,0,0.0000000000
102,10,2,0,0.0000000000
102,10,3,0,0.0000000000
102,11,1,0,0.0000000000
102,11,2,0,0.0000000000
102,11,3,0,0.0000000000
102,12,1,0,0.0000000000
102,12,2,0,0.0000000000
102,12,3,0,0.0000000000
102,13,1,0,0.0000000000
102,13,2,0,0.0000000000
102,13,3,0,0.0000000000
102,14,1,0,0.0000000000
102,14,2,0,0.0000000000
102,14,3,0,0.0000000000
102,15,1,0,0.0000000000
102,15,2,0,0.0000000000
102,15,3,0,0.0000000000
102,16,1,0,0.0000000000
102,16,2,0,0.0000000000
102,16,3,0,0.0000000000
102,17,1,0,0.0000000000
102,17,2,0,0.0000000000
102,17,3,0,0.0000000000
102,18,1,0,0.0000000000
102,18,2,0,0.0000000000
102,18,3,0,0.0000000000
102,19,1,0,0.0000000000
102,19,2,0,0.0000000000
102,19,3,0,0.0000000000
102,20,1,0,0.0000000000
102,20,2,0,0.0000000000
102,20,3,0,0.0000000000
102,21,1,0,0.0000000000
102,21,2,0,0.0000000000
102,21,3,0,0.0000000000
102,22,1,0,0.0000000000
102,22,2,0,0.0000000000
102,22,3,0,0.0000000000
102,23,1,0,0.0000000000
102,23,2,0,0.0000000000
102,23,3,0,0.0000000000
102,24,1,0,0.0000000000
102,24,2,0,0.0000000000
102,24,3,0,0.0000000000
102,25,1,0,0.0000000000
102,25,2,0,0.0000000000
102,25,3,0,0.0000000000
102,26,1,0,0.0000000000
102,26,2,0,0.0000000000
102,26,3,0,0.0000000000
102,27,1,0,0.0000000000
102,27,2,0,0.0000000000
102,27,3,0,0.0000000000
102,28,1,0,0.0000000000
102,28,2,0,0.0000000000
102,28,3,0,0.0000000000
102,29,1,0,0.0000000000
102,29,2,0,0.0000000000
102,29,3,0,0.0000000000
102,30,1,0,0.0000000000
102,30,2,0,0.0000000000
102,30,3,0,0.0000000000
102,31,1,0,0.0000000000
102,31,2,0,0.0000000000
102,31,3,0,0.0000000000
102,32,1,0,0.0000000000
102,32,2,0,0.0000000000
102,32,3,0,0.0000000000
102,33,1,0,0.0000000000
102,33,2,0,0.0000000000
102,33,3,0,0.0000000000
102,34,1,0,0.0000000000
102,34,2,0,0.0000000000
102,34,3,0,0.0000000000
102,35,1,0,0.0000000000
102,35,2,0,0.0000000000
102,35,3,0,0.0000000000
102,36,1,0,0.0000000000
102,36,2,0,0.0000000000
102,36,3,0,0.0000000000
102,37,1,0,0.0000000000
102,37,2,0,0.0000000000
102,37,3,0,0.0000000000
102,38,1,0,0.0000000000
102,38,2,0,0.0000000000
102,38,3,0,0.0000000000
102,39,1,0,0.0000000000
102,39,2,0,0.0000000000
102,39,3,0,0.0000000000
102,40,1,0,0.0000000000
102,40,2,0,0.0000000000
102,40,3,0,0.0000000000
102,41,1,0,0.0000000000
102,41,2,0,0.0000000000
102,41,3,0,0.0000000000
102,42,1,0,0.0000000000
102,42,2,0,0.0000000000
102,42,3,0,0.0000000000
102,43,1,0,0.0000000000
102,43,2,0,0.0000000000
102,43,3,0,0.0000000000
102,44,1,0,0.0000000000
102,44,2,0,0.0000000000
102,44,3,0,0.0000000000
102,45,1,0,0.0000000000
102,45,2,0,0.0000000000
102,45,3,0,0.0000000000
102,46,1,0,0.0000000000
102,46,2,0,0.0000000000
102,46,3,0,0.0000000000
102,47,1,0,0.0000000000
102,47,2,0,0.0000000000
102,47,3,0,0.0000000000
102,48,1,0,0.0000000000
102,48,2,0,0.0000000000
102,48,3,0,0.0000000000
102,49,1,0,0.0000000000
102,49,2,0,0.0000000000
102,49,3,0,0.0000000000
102,50,1,0,0.0000000000
102,50,2,0,0.0000000000
102,50,3,0,0.0000000000
102,51,1,0,0.0000000000
102,51,2,0,0.0000000000
102,51,3,0,0.0000000000
102,52,1,0,0.0000000000
102,52,2,0,0.0000000000
102,52,3,0,0.0000000000
102,53,1,0,0.0000000000
102,53,2,0,0.0000000000
102,53,3,0,0.0000000000
102,54,1,0,0.0000000000
102,54,2,0,0.0000000000
102,54,3,0,0.0000000000
102,55,1,0,0.0000000000
102,55,2,0,0.0000000000
102,55,3,0,0.0000000000
102,56,1,0,0.0000000000
102,56,2,0,0.0000000000
102,56,3,0,0.0000000000
102,57,1,0,0.0000000000
102,57,2,0,0.0000000000
102,57,3,0,0.0000000000
102,58,1,0,0.0000000000
102,58,2,0,0.0000000000
102,58,3,0,0.0000000000
102,59,1,0,0.0000000000
102,59,2,0,0.0000000000
102,59,3,0,0.0000000000
102,60,1,0,0.0000000000
102,60,2,0,0.0000000000
102,60,3,0,0.0000000000
102,61,1,0,0.0000000000
102,61,2,0,0.0000000000
102,61,3,0,0.0000000000
102,62,1,0,0.0000000000
102,62,2,0,0.0000000000
102,62,3,0,0.0000000000
102,63,1,0,0.0000000000
102,63,2,0,0.0000000000
102,63,3,0,0.0000000000
102,64,1,0,0.0000000000
102,64,2,0,0.0000000000
102,64,3,0,0.0000000000
102,65,1,0,0.0000000000
102,65,2,0,0.0000000000
102,65,3,0,0.0000000000
102,66,1,0,0.0000000000
102,66,2,0,0.0000000000
102,66,3,0,0.0000000000
102,67,1,0,0.0000000000
102,67,2,0,0.0000000000
102,67,3,0,0.0000000000
102,68,1,0,0.0000000000
102,68,2,0,0.0000000000
102,68,3,0,0.0000000000
102,69,1,0,0.0000000000
102,69,2,0,0.0000000000
102,69,3,0,0.0000000000
102,70,1,0,0.0000000000
102,70,2,0,0.0000000000
102,70,3,0,0.0000000000
102,71,1,0,0.0000000000
102,71,2,0,0.0000000000
102,71,3,0,0.0000000000
102,72,1,0,0.0000000000
102,72,2,0,0.0000000000
102,72,3,0,0.0000000000
102,73,1,0,0.0000000000
102,73,2,0,0.0000000000
102,73,3,0,0.0000000000
102,74,1,0,0.0000000000
102,74,2,0,0.0000000000
102,74,3,0,0.0000000000
102,75,1,0,0.0000000000
102,75,2,0,0.0000000000
102,75,3,0,0.0000000000
102,76,1,0,0.0000000000
102,76,2,0,0.0000000000
102,76,3,0,0.0000000000
102,77,1,0,0.0000000000
102,77,2,0,0.0000000000
102,77,3,0,0.0000000000
102,78,1,0,0.0000000000
102,78,2,0,0.0000000000
102,78,3,0,0.0000000000
102,79,1,0,0.0000000000
102,79,2,0,0.0000000000
102,79,3,0,0.0000000000
102,80,1,0,0.0000000000
102,80,2,0,0.0000000000
102,80,3,0,0.0000000000
102,81,1,0,0.0000000000
102,81,2,0,0.0000000000
102,81,3,0,0.0000000000
102,82,1,0,0.0000000000
102,82,2,0,0.0000000000
102,82,3,0,0.0000000000
102,83,1,0,0.0000000000
102,83,2,0,0.0000000000
102,83,3,0,0.0000000000
102,84,1,0,0.0000000000
102,84,2,0,0.0000000000
102,84,3,0,0.0000000000
102,85,1,0,0.0000000000
102,85,2,0,0.0000000000
102,85,3,0,0.0000000000
102,86,1,0,0.0000000000
102,86,2,0,0.0000000000
102,86,3,0,0.0000000000
102,87,1,0,0.0000000000
102,87,2,0,0.0000000000
102,87,3,0,0.0000000000
102,88,1,0,0.0000000000
102,88,2,0,0.0000000000
102,88,3,0,0.0000000000
102,89,1,0,0.0000000000
102,89,2,0,0.0000000000
102,89,3,0,0.0000000000
102,90,1,0,0.0000000000
102,90,2,0,0.0000000000
102,90,3,0,0.0000000000
102,91,1,0,0.0000000000
102,91,2,0,0.0000000000
102,91,3,0,0.0000000000
102,92,1,0,0.0000000000
102,92,2,0,0.0000000000
102,92,3,0,0.0000000000
102,93,1,0,0.0000000000
102,93,2,0,0.0000000000
102,93,3,0,0.0000000000
102,94,1,0,0.0000000000
102,94,2,0,0.0000000000
102,94,3,0,0.0000000000
102,95,1,0,0.0000000000
102,95,2,0,0.0000000000
102,95,3,0,0.0000000000
102,96,1,0,0.0000000000
102,96,2,0,0.0000000000
102,96,3,0,0.0000000000
102,97,1,0,0.0000000000
102,97,2,0,0.0000000000
102,97,3,0,0.0000000000
102,98,1,0,0.0000000000
102,98,2,0,0.0000000000
102,98,3,0,0.0000000000
102,99,1,0,0.0000000000
102,99,2,0,0.0000000000
102,99,3,0,0.0000000000
102,100,1,0,0.0000000000
102,100,2,0,0.0000000000
102,100,3,0,0.0000000000
102,101,1,0,0.0000000000
102,101,2,0,0.0000000000
102,101,3,0,0.0000000000
102,102,1,0,0.0000000000
102,102,2,0,0.0000000000
102,102,3,0,0.0000000000
102,103,1,0,0.0000000000
102,103,2,0,0.0000000000
102,103,3,0,0.0000000000
102,104,1,0,0.0000000000
102,104,2,0,0.0000000000
102,104,3,0,0.0000000000
102,105,1,0,0.0000000000
102,105,2,0,0.0000000000
102,105,3,0,0.0000000000
102,106,1,0,0.0000000000
102,106,2,0,0.0000000000
102,106,3,0,0.0000000000
102,107,1,0,0.0000000000
102,107,2,0,0.0000000000
102,107,3,0,0.0000000000
102,108,1,0,0.0000000000
102,108,2,0,0.0000000000
102,108,3,0,0.0000000000
102,109,1,0,0.0000000000
102,109,2,0,0.0000000000
102,109,3,0,0.0000000000
102,110,1,0,0.0000000000
102,110,2,0,0.0000000000
102,110,3,0,0.0000000000
102,111,1,0,0.0000000000
102,111,2,0,0.0000000000
102,111,3,0,0.0000000000
102,112,1,0,0.0000000000
102,112,2,0,0.0000000000
102,112,3,0,0.0000000000
102,113,1,0,0.0000000000
102,113,2,0,0.0000000000
102,113,3,0,0.0000000000
102,114,1,0,0.0000000000
102,114,2,0,0.0000000000
102,114,3,0,0.0000000000
102,115,1,0,0.0000000000
102,115,2,0,0.0000000000
102,115,3,0,0.0000000000
102,116,1,0,0.0000000000
102,116,2,0,0.0000000000
102,116,3,0,0.0000000000
102,117,1,0,0.0000000000
102,117,2,0,0.0000000000
102,117,3,0,0.0000000000
102,118,1,0,0.0000000000
102,118,2,0,0.0000000000
102,118,3,0,0.0000000000
102,119,1,0,0.0000000000
102,119,2,0,0.0000000000
102,119,3,0,0.0000000000
102,120,1,0,0.0000000000
102,120,2,0,0.0000000000
102,120,3,0,0.0000000000
102,121,1,0,0.0000000000
102,121,2,0,0.0000000000
102,121,3,0,0.0000000000
102,122,1,0,0.0000000000
102,122,2,0,0.0000000000
102,122,3,0,0.0000000000
102,123,1,0,0.0000000000
102,123,2,0,0.0000000000
102,123,3,0,0.0000000000
102,124,1,0,0.0000000000
102,124,2,0,0.0000000000
102,124,3,0,0.0000000000
102,125,1,0,0.0000000000
102,125,2,0,0.0000000000
102,125,3,0,0.0000000000
102,126,1,0,0.0000000000
102,126,2,0,0.0000000000
102,126,3,0,0.0000000000
102,127,1,0,0.0000000000
102,127,2,0,0.0000000000
102,127,3,0,0.0000000000
102,128,1,0,0.0000000000
102,128,2,0,0.0000000000
102,128,3,0,0.0000000000
102,129,1,0,0.0000000000
102,129,2,0,0.0000000000
102,129,3,0,0.0000000000
102,130,1,0,0.0000000000
102,130,2,0,0.0000000000
102,130,3,0,0.0000000000
102,131,1,0,0.0000000000
102,131,2,0,0.0000000000
102,131,3,0,0.0000000000
102,132,1,0,0.0000000000
102,132,2,0,0.0000000000
102,132,3,0,0.0000000000
102,133,1,0,0.0000000000
102,133,2,0,0.0000000000
102,133,3,0,0.0000000000
102,134,1,0,0.0000000000
102,134,2,0,0.0000000000
102,134,3,0,0.0000000000
102,135,1,0,0.0000000000
102,135,2,0,0.0000000000
102,135,3,0,0.0000000000
102,136,1,0,0.0000000000
102,136,2,0,0.0000000000
102,136,3,0,0.0000000000
102,137,1,0,0.0000000000
102,137,2,0,0.0000000000
102,137,3,0,0.0000000000
102,138,1,0,0.0000000000
102,138,2,0,0.0000000000
102,138,3,0,0.0000000000
102,139,1,0,0.0000000000
102,139,2,0,0.0000000000
102,139,3,0,0.0000000000
102,140,1,0,0.0000000000
102,140,2,0,0.0000000000
102,140,3,0,0.0000000000
102,141,1,0,0.0000000000
102,141,2,0,0.0000000000
102,141,3,0,0.0000000000
102,142,1,0,0.0000000000
102,142,2,0,0.0000000000
102,142,3,0,0.0000000000
102,143,1,0,0.0000000000
102,143,2,0,0.0000000000
102,143,3,0,0.0000000000
102,144,1,0,0.0000000000
102,144,2,0,0.0000000000
102,144,3,0,0.0000000000
102,145,1,0,0.0000000000
102,145,2,0,0.0000000000
102,145,3,0,0.0000000000
102,146,1,0,0.0000000000
102,146,2,0,0.0000000000
102,146,3,0,0.0000000000
102,147,1,0,0.0000000000
102,147,2,0,0.0000000000
102,147,3,0,0.0000000000
102,148,1,0,0.0000000000
102,148,2,0,0.0000000000
102,148,3,0,0.0000000000
102,149,1,0,0.0000000000
102,149,2,0,0.0000000000
102,149,3,0,0.0000000000
102,150,1,0,0.0000000000
102,150,2,0,0.0000000000
102,150,3,0,0.0000000000
102,151,1,0,0.0000000000
102,151,2,0,0.0000000000
102,151,3,0,0.0000000000
102,152,1,0,0.0000000000
102,152,2,0,0.0000000000
102,152,3,0,0.0000000000
102,153,1,0,0.0000000000
102,153,2,0,0.0000000000
102,153,3,0,0.0000000000
102,154,1,0,0.0000000000
102,154,2,0,0.0000000000
102,154,3,0,0.0000000000
102,155,1,0,0.0000000000
102,155,2,0,0.0000000000
102,155,3,0,0.0000000000
102,156,1,0,0.0000000000
102,156,2,0,0.0000000000
102,156,3,0,0.0000000000
102,157,1,0,0.0000000000
102,157,2,0,0.0000000000
102,157,3,0,0.0000000000
102,158,1,0,0.0000000000
102,158,2,0,0.0000000000
102,158,3,0,0.0000000000
102,159,1,0,0.0000000000
102,159,2,0,0.0000000000
102,159,3,0,0.0000000000
102,160,1,0,0.0000000000
102,160,2,0,0.0000000000
102,160,3,0,0.0000000000
102,161,1,0,0.0000000000
102,161,2,0,0.0000000000
102,161,3,0,0.0000000000
102,162,1,0,0.0000000000
102,162,2,0,0.0000000000
102,162,3,0,0.0000000000
102,163,1,0,0.0000000000
102,163,2,0,0.0000000000
102,163,3,0,0.0000000000
102,164,1,0,0.0000000000
102,164,2,0,0.0000000000
102,164,3,0,0.0000000000
102,165,1,0,0.0000000000
102,165,2,0,0.0000000000
102,165,3,0,0.0000000000
102,166,1,0,0.0000000000
102,166,2,0,0.0000000000
102,166,3,0,0.0000000000
102,167,1,0,0.0000000000
102,167,2,0,0.0000000000
102,167,3,0,0.0000000000
102,168,1,0,0.0000000000
102,168,2,0,0.0000000000
102,168,3,0,0.0000000000
106,1,1,0,0.0000000000
106,1,2,0,0.0000000000
106,1,3,0,0.0000000000
106,2,1,0,0.0000000000
106,2,2,0,0.0000000000
106,2,3,0,0.0000000000
106,3,1,0,0.0000000000
106,3,2,0,0.0000000000
106,3,3,0,0.0000000000
106,4,1,0,0.0000000000
106,4,2,0,0.0000000000
106,4,3,0,0.0000000000
106,5,1,0,0.0000000000
106,5,2,0,0.0000000000
106,5,3,0,0.0000000000
106,6,1,0,0.0000000000
106,6,2,0,0.0000000000
106,6,3,0,0.0000000000
106,7,1,0,0.0000000000
106,7,2,0,0.0000000000
106,7,3,0,0.0000000000
106,8,1,0,0.0000000000
106,8,2,0,0.0000000000
106,8,3,0,0.0000000000
106,9,1,0,0.0000000000
106,9,2,0,0.0000000000
106,9,3,0,0.0000000000
106,10,1,0,0.0000000000
106,10,2,0,0.0000000000
106,10,3,0,0.0000000000
106,11,1,0,0.0000000000
106,11,2,0,0.0000000000
106,11,3,0,0.0000000000
106,12,1,0,0.0000000000
106,12,2,0,0.0000000000
106,12,3,0,0.0000000000
106,13,1,0,0.0000000000
106,13,2,0,0.0000000000
106,13,3,0,0.0000000000
106,14,1,0,0.0000000000
106,14,2,0,0.0000000000
106,14,3,0,0.0000000000
106,15,1,0,0.0000000000
106,15,2,0,0.0000000000
106,15,3,0,0.0000000000
106,16,1,0,0.0000000000
106,16,2,0,0.0000000000
106,16,3,0,0.0000000000
106,17,1,0,0.0000000000
106,17,2,0,0.0000000000
106,17,3,0,0.0000000000
106,18,1,0,0.0000000000
106,18,2,0,0.0000000000
106,18,3,0,0.0000000000
106,19,1,0,0.0000000000
106,19,2,0,0.0000000000
106,19,3,0,0.0000000000
106,20,1,0,0.0000000000
106,20,2,0,0.0000000000
106,20,3,0,0.0000000000
106,21,1,0,0.0000000000
106,21,2,0,0.0000000000
106,21,3,0,0.0000000000
106,22,1,0,0.0000000000
106,22,2,0,0.0000000000
106,22,3,0,0.0000000000
106,23,1,0,0.0000000000
106,23,2,0,0.0000000000
106,23,3,0,0.0000000000
106,24,1,0,0.0000000000
106,24,2,0,0.0000000000
106,24,3,0,0.0000000000
106,25,1,0,0.0000000000
106,25,2,0,0.0000000000
106,25,3,0,0.0000000000
106,26,1,0,0.0000000000
106,26,2,0,0.0000000000
106,26,3,0,0.0000000000
106,27,1,0,0.0000000000
106,27,2,0,0.0000000000
106,27,3,0,0.0000000000
106,28,1,0,0.0000000000
106,28,2,0,0.0000000000
106,28,3,0,0.0000000000
106,29,1,0,0.0000000000
106,29,2,0,0.0000000000
106,29,3,0,0.0000000000
106,30,1,0,0.0000000000
106,30,2,0,0.0000000000
106,30,3,0,0.0000000000
106,31,1,0,0.0000000000
106,31,2,0,0.0000000000
106,31,3,0,0.0000000000
106,32,1,0,0.0000000000
106,32,2,0,0.0000000000
106,32,3,0,0.0000000000
106,33,1,0,0.0000000000
106,33,2,0,0.0000000000
106,33,3,0,0.0000000000
106,34,1,0,0.0000000000
106,34,2,0,0.0000000000
106,34,3,0,0.0000000000
106,35,1,0,0.0000000000
106,35,2,0,0.0000000000
106,35,3,0,0.0000000000
106,36,1,0,0.0000000000
106,36,2,0,0.0000000000
106,36,3,0,0.0000000000
106,37,1,0,0.0000000000
106,37,2,0,0.0000000000
106,37,3,0,0.0000000000
106,38,1,0,0.0000000000
106,38,2,0,0.0000000000
106,38,3,0,0.0000000000
106,39,1,0,0.0000000000
106,39,2,0,0.0000000000
106,39,3,0,0.0000000000
106,40,1,0,0.0000000000
106,40,2,0,0.0000000000
106,40,3,0,0.0000000000
106,41,1,0,0.0000000000
106,41,2,0,0.0000000000
106,41,3,0,0.0000000000
106,42,1,0,0.0000000000
106,42,2,0,0.0000000000
106,42,3,0,0.0000000000
106,43,1,0,0.0000000000
106,43,2,0,0.0000000000
106,43,3,0,0.0000000000
106,44,1,0,0.0000000000
106,44,2,0,0.0000000000
106,44,3,0,0.0000000000
106,45,1,0,0.0000000000
106,45,2,0,0.0000000000
106,45,3,0,0.0000000000
106,46,1,0,0.0000000000
106,46,2,0,0.0000000000
106,46,3,0,0.0000000000
106,47,1,0,0.0000000000
106,47,2,0,0.0000000000
106,47,3,0,0.0000000000
106,48,1,0,0.0000000000
106,48,2,0,0.0000000000
106,48,3,0,0.0000000000
106,49,1,0,0.0000000000
106,49,2,0,0.0000000000
106,49,3,0,0.0000000000
106,50,1,0,0.0000000000
106,50,2,0,0.0000000000
106,50,3,0,0.0000000000
106,51,1,0,0.0000000000
106,51,2,0,0.0000000000
106,51,3,0,0.0000000000
106,52,1,0,0.0000000000
106,52,2,0,0.0000000000
106,52,3,0,0.0000000000
106,53,1,0,0.0000000000
106,53,2,0,0.0000000000
106,53,3,0,0.0000000000
106,54,1,0,0.0000000000
106,54,2,0,0.0000000000
106,54,3,0,0.0000000000
106,55,1,0,0.0000000000
106,55,2,0,0.0000000000
106,55,3,0,0.0000000000
106,56,1,0,0.0000000000
106,56,2,0,0.0000000000
106,56,3,0,0.0000000000
106,57,1,0,0.0000000000
106,57,2,0,0.0000000000
106,57,3,0,0.0000000000
106,58,1,0,0.0000000000
106,58,2,0,0.0000000000
106,58,3,0,0.0000000000
106,59,1,0,0.0000000000
106,59,2,0,0.0000000000
106,59,3,0,0.0000000000
106,60,1,0,0.0000000000
106,60,2,0,0.0000000000
106,60,3,0,0.0000000000
106,61,1,0,0.0000000000
106,61,2,0,0.0000000000
106,61,3,0,0.0000000000
106,62,1,0,0.0000000000
106,62,2,0,0.0000000000
106,62,3,0,0.0000000000
106,63,1,0,0.0000000000
106,63,2,0,0.0000000000
106,63,3,0,0.0000000000
106,64,1,0,0.0000000000
106,64,2,0,0.0000000000
106,64,3,0,0.0000000000
106,65,1,0,0.0000000000
106,65,2,0,0.0000000000
106,65,3,0,0.0000000000
106,66,1,0,0.0000000000
106,66,2,0,0.0000000000
106,66,3,0,0.0000000000
106,67,1,0,0.0000000000
106,67,2,0,0.0000000000
106,67,3,0,0.0000000000
106,68,1,0,0.0000000000
106,68,2,0,0.0000000000
106,68,3,0,0.0000000000
106,69,1,0,0.0000000000
106,69,2,0,0.0000000000
106,69,3,0,0.0000000000
106,70,1,0,0.0000000000
106,70,2,0,0.0000000000
106,70,3,0,0.0000000000
106,71,1,0,0.0000000000
106,71,2,0,0.0000000000
106,71,3,0,0.0000000000
106,72,1,0,0.0000000000
106,72,2,0,0.0000000000
106,72,3,0,0.0000000000
106,73,1,0,0.0000000000
106,73,2,0,0.0000000000
106,73,3,0,0.0000000000
106,74,1,0,0.0000000000
106,74,2,0,0.0000000000
106,74,3,0,0.0000000000
106,75,1,0,0.0000000000
106,75,2,0,0.0000000000
106,75,3,0,0.0000000000
106,76,1,0,0.0000000000
106,76,2,0,0.0000000000
106,76,3,0,0.0000000000
106,77,1,0,0.0000000000
106,77,2,0,0.0000000000
106,77,3,0,0.0000000000
106,78,1,0,0.0000000000
106,78,2,0,0.0000000000
106,78,3,0,0.0000000000
106,79,1,0,0.0000000000
106,79,2,0,0.0000000000
106,79,3,0,0.0000000000
106,80,1,0,0.0000000000
106,80,2,0,0.0000000000
106,80,3,0,0.0000000000
106,81,1,0,0.0000000000
106,81,2,0,0.0000000000
106,81,3,0,0.0000000000
106,82,1,0,0.0000000000
106,82,2,0,0.0000000000
106,82,3,0,0.0000000000
106,83,1,0,0.0000000000
106,83,2,0,0.0000000000
106,83,3,0,0.0000000000
106,84,1,0,0.0000000000
106,84,2,0,0.0000000000
106,84,3,0,0.0000000000
106,85,1,0,0.0000000000
106,85,2,0,0.0000000000
106,85,3,0,0.0000000000
106,86,1,0,0.0000000000
106,86,2,0,0.0000000000
106,86,3,0,0.0000000000
106,87,1,0,0.0000000000
106,87,2,0,0.0000000000
106,87,3,0,0.0000000000
106,88,1,0,0.0000000000
106,88,2,0,0.0000000000
106,88,3,0,0.0000000000
106,89,1,0,0.0000000000
106,89,2,0,0.0000000000
106,89,3,0,0.0000000000
106,90,1,0,0.0000000000
106,90,2,0,0.0000000000
106,90,3,0,0.0000000000
106,91,1,0,0.0000000000
106,91,2,0,0.0000000000
106,91,3,0,0.0000000000
106,92,1,0,0.0000000000
106,92,2,0,0.0000000000
106,92,3,0,0.0000000000
106,93,1,0,0.0000000000
106,93,2,0,0.0000000000
106,93,3,0,0.0000000000
106,94,1,0,0.0000000000
106,94,2,0,0.0000000000
106,94,3,0,0.0000000000
106,95,1,0,0.0000000000
106,95,2,0,0.0000000000
106,95,3,0,0.0000000000
106,96,1,0,0.0000000000
106,96,2,0,0.0000000000
106,96,3,0,0.0000000000
106,97,1,0,0.0000000000
106,97,2,0,0.0000000000
106,97,3,0,0.0000000000
106,98,1,0,0.0000000000
106,98,2,0,0.0000000000
106,98,3,0,0.0000000000
106,99,1,0,0.0000000000
106,99,2,0,0.0000000000
106,99,3,0,0.0000000000
106,100,1,0,0.0000000000
106,100,2,0,0.0000000000
106,100,3,0,0.0000000000
106,101,1,0,0.0000000000
106,101,2,0,0.0000000000
106,101,3,0,0.0000000000
106,102,1,0,0.0000000000
106,102,2,0,0.0000000000
106,102,3,0,0.0000000000
106,103,1,0,0.0000000000
106,103,2,0,0.0000000000
106,103,3,0,0.0000000000
106,104,1,0,0.0000000000
106,104,2,0,0.0000000000
106,104,3,0,0.0000000000
106,105,1,0,0.0000000000
106,105,2,0,0.0000000000
106,105,3,0,0.0000000000
106,106,1,0,0.0000000000
106,106,2,0,0.0000000000
106,106,3,0,0.0000000000
106,107,1,0,0.0000000000
106,107,2,0,0.0000000000
106,107,3,0,0.0000000000
106,108,1,0,0.0000000000
106,108,2,0,0.0000000000
106,108,3,0,0.0000000000
106,109,1,0,0.0000000000
106,109,2,0,0.0000000000
106,109,3,0,0.0000000000
106,110,1,0,0.0000000000
106,110,2,0,0.0000000000
106,110,3,0,0.0000000000
106,111,1,0,0.0000000000
106,111,2,0,0.0000000000
106,111,3,0,0.0000000000
106,112,1,0,0.0000000000
106,112,2,0,0.0000000000
106,112,3,0,0.0000000000
106,113,1,0,0.0000000000
106,113,2,0,0.0000000000
106,113,3,0,0.0000000000
106,114,1,0,0.0000000000
106,114,2,0,0.0000000000
106,114,3,0,0.0000000000
106,115,1,0,0.0000000000
106,115,2,0,0.0000000000
106,115,3,0,0.0000000000
106,116,1,0,0.0000000000
106,116,2,0,0.0000000000
106,116,3,0,0.0000000000
106,117,1,0,0.0000000000
106,117,2,0,0.0000000000
106,117,3,0,0.0000000000
106,118,1,0,0.0000000000
106,118,2,0,0.0000000000
106,118,3,0,0.0000000000
106,119,1,0,0.0000000000
106,119,2,0,0.0000000000
106,119,3,0,0.0000000000
106,120,1,0,0.0000000000
106,120,2,0,0.0000000000
106,120,3,0,0.0000000000
106,121,1,0,0.0000000000
106,121,2,0,0.0000000000
106,121,3,0,0.0000000000
106,122,1,0,0.0000000000
106,122,2,0,0.0000000000
106,122,3,0,0.0000000000
106,123,1,0,0.0000000000
106,123,2,0,0.0000000000
106,123,3,0,0.0000000000
106,124,1,0,0.0000000000
106,124,2,0,0.0000000000
106,124,3,0,0.0000000000
106,125,1,0,0.0000000000
106,125,2,0,0.0000000000
106,125,3,0,0.0000000000
106,126,1,0,0.0000000000
106,126,2,0,0.0000000000
106,126,3,0,0.0000000000
106,127,1,0,0.0000000000
106,127,2,0,0.0000000000
106,127,3,0,0.0000000000
106,128,1,0,0.0000000000
106,128,2,0,0.0000000000
106,128,3,0,0.0000000000
106,129,1,0,0.0000000000
106,129,2,0,0.0000000000
106,129,3,0,0.0000000000
106,130,1,0,0.0000000000
106,130,2,0,0.0000000000
106,130,3,0,0.0000000000
106,131,1,0,0.0000000000
106,131,2,0,0.0000000000
106,131,3,0,0.0000000000
106,132,1,0,0.0000000000
106,132,2,0,0.0000000000
106,132,3,0,0.0000000000
106,133,1,0,0.0000000000
106,133,2,0,0.0000000000
106,133,3,0,0.0000000000
106,134,1,0,0.0000000000
106,134,2,0,0.0000000000
106,134,3,0,0.0000000000
106,135,1,0,0.0000000000
106,135,2,0,0.0000000000
106,135,3,0,0.0000000000
106,136,1,0,0.0000000000
106,136,2,0,0.0000000000
106,136,3,0,0.0000000000
106,137,1,0,0.0000000000
106,137,2,0,0.0000000000
106,137,3,0,0.0000000000
106,138,1,0,0.0000000000
106,138,2,0,0.0000000000
106,138,3,0,0.0000000000
106,139,1,0,0.0000000000
106,139,2,0,0.0000000000
106,139,3,0,0.0000000000
106,140,1,0,0.0000000000
106,140,2,0,0.0000000000
106,140,3,0,0.0000000000
106,141,1,0,0.0000000000
106,141,2,0,0.0000000000
106,141,3,0,0.0000000000
106,142,1,0,0.0000000000
106,142,2,0,0.0000000000
106,142,3,0,0.0000000000
106,143,1,0,0.0000000000
106,143,2,0,0.0000000000
106,143,3,0,0.0000000000
106,144,1,0,0.0000000000
106,144,2,0,0.0000000000
106,144,3,0,0.0000000000
106,145,1,0,0.0000000000
106,145,2,0,0.0000000000
106,145,3,0,0.0000000000
106,146,1,0,0.0000000000
106,146,2,0,0.0000000000
106,146,3,0,0.0000000000
106,147,1,0,0.0000000000
106,147,2,0,0.0000000000
106,147,3,0,0.0000000000
106,148,1,0,0.0000000000
106,148,2,0,0.0000000000
106,148,3,0,0.0000000000
106,149,1,0,0.0000000000
106,149,2,0,0.0000000000
106,149,3,0,0.0000000000
106,150,1,0,0.0000000000
106,150,2,0,0.0000000000
106,150,3,0,0.0000000000
106,151,1,0,0.0000000000
106,151,2,0,0.0000000000
106,151,3,0,0.0000000000
106,152,1,0,0.0000000000
106,152,2,0,0.0000000000
106,152,3,0,0.0000000000
106,153,1,0,0.0000000000
106,153,2,0,0.0000000000
106,153,3,0,0.0000000000
106,154,1,0,0.0000000000
106,154,2,0,0.0000000000
106,154,3,0,0.0000000000
106,155,1,0,0.0000000000
106,155,2,0,0.0000000000
106,155,3,0,0.0000000000
106,156,1,0,0.0000000000
106,156,2,0,0.0000000000
106,156,3,0,0.0000000000
106,157,1,0,0.0000000000
106,157,2,0,0.0000000000
106,157,3,0,0.0000000000
106,158,1,0,0.0000000000
106,158,2,0,0.0000000000
106,158,3,0,0.0000000000
106,159,1,0,0.0000000000
106,159,2,0,0.0000000000
106,159,3,0,0.0000000000
106,160,1,0,0.0000000000
106,160,2,0,0.0000000000
106,160,3,0,0.0000000000
106,161,1,0,0.0000000000
106,161,2,0,0.0000000000
106,161,3,0,0.0000000000
106,162,1,0,0.0000000000
106,162,2,0,0.0000000000
106,162,3,0,0.0000000000
106,163,1,0,0.0000000000
106,163,2,0,0.0000000000
106,163,3,0,0.0000000000
106,164,1,0,0.0000000000
106,164,2,0,0.0000000000
106,164,3,0,0.0000000000
106,165,1,0,0.0000000000
106,165,2,0,0.0000000000
106,165,3,0,0.0000000000
106,166,1,0,0.0000000000
106,166,2,0,0.0000000000
106,166,3,0,0.0000000000
106,167,1,0,0.0000000000
106,167,2,0,0.0000000000
106,167,3,0,0.0000000000
106,168,1,0,0.0000000000
106,168,2,0,0.0000000000
106,168,3,0,0.0000000000
108,1,1,0,0.0000000000
108,1,2,0,0.0000000000
108,1,3,0,0.0000000000
108,2,1,0,0.0000000000
108,2,2,0,0.0000000000
108,2,3,0,0.0000000000
108,3,1,0,0.0000000000
108,3,2,0,0.0000000000
108,3,3,0,0.0000000000
108,4,1,0,0.0000000000
108,4,2,0,0.0000000000
108,4,3,0,0.0000000000
108,5,1,0,0.0000000000
108,5,2,0,0.0000000000
108,5,3,0,0.0000000000
108,6,1,0,0.0000000000
108,6,2,0,0.0000000000
108,6,3,0,0.0000000000
108,7,1,0,0.0000000000
108,7,2,0,0.0000000000
108,7,3,0,0.0000000000
108,8,1,0,0.0000000000
108,8,2,0,0.0000000000
108,8,3,0,0.0000000000
108,9,1,0,0.0000000000
108,9,2,0,0.0000000000
108,9,3,0,0.0000000000
108,10,1,0,0.0000000000
108,10,2,0,0.0000000000
108,10,3,0,0.0000000000
108,11,1,0,0.0000000000
108,11,2,0,0.0000000000
108,11,3,0,0.0000000000
108,12,1,0,0.0000000000
108,12,2,0,0.0000000000
108,12,3,0,0.0000000000
108,13,1,0,0.0000000000
108,13,2,0,0.0000000000
108,13,3,0,0.0000000000
108,14,1,0,0.0000000000
108,14,2,0,0.0000000000
108,14,3,0,0.0000000000
108,15,1,0,0.0000000000
108,15,2,0,0.0000000000
108,15,3,0,0.0000000000
108,16,1,0,0.0000000000
108,16,2,0,0.0000000000
108,16,3,0,0.0000000000
108,17,1,0,0.0000000000
108,17,2,0,0.0000000000
108,17,3,0,0.0000000000
108,18,1,0,0.0000000000
108,18,2,0,0.0000000000
108,18,3,0,0.0000000000
108,19,1,0,0.0000000000
108,19,2,0,0.0000000000
108,19,3,0,0.0000000000
108,20,1,0,0.0000000000
108,20,2,0,0.0000000000
108,20,3,0,0.0000000000
108,21,1,0,0.0000000000
108,21,2,0,0.0000000000
108,21,3,0,0.0000000000
108,22,1,0,0.0000000000
108,22,2,0,0.0000000000
108,22,3,0,0.0000000000
108,23,1,0,0.0000000000
108,23,2,0,0.0000000000
108,23,3,0,0.0000000000
108,24,1,0,0.0000000000
108,24,2,0,0.0000000000
108,24,3,0,0.0000000000
108,25,1,0,0.0000000000
108,25,2,0,0.0000000000
108,25,3,0,0.0000000000
108,26,1,0,0.0000000000
108,26,2,0,0.0000000000
108,26,3,0,0.0000000000
108,27,1,0,0.0000000000
108,27,2,0,0.0000000000
108,27,3,0,0.0000000000
108,28,1,0,0.0000000000
108,28,2,0,0.0000000000
108,28,3,0,0.0000000000
108,29,1,0,0.0000000000
108,29,2,0,0.0000000000
108,29,3,0,0.0000000000
108,30,1,0,0.0000000000
108,30,2,0,0.0000000000
108,30,3,0,0.0000000000
108,31,1,0,0.0000000000
108,31,2,0,0.0000000000
108,31,3,0,0.0000000000
108,32,1,0,0.0000000000
108,32,2,0,0.0000000000
108,32,3,0,0.0000000000
108,33,1,0,0.0000000000
108,33,2,0,0.0000000000
108,33,3,0,0.0000000000
108,34,1,0,0.0000000000
108,34,2,0,0.0000000000
108,34,3,0,0.0000000000
108,35,1,0,0.0000000000
108,35,2,0,0.0000000000
108,35,3,0,0.0000000000
108,36,1,0,0.0000000000
108,36,2,0,0.0000000000
108,36,3,0,0.0000000000
108,37,1,0,0.0000000000
108,37,2,0,0.0000000000
108,37,3,0,0.0000000000
108,38,1,0,0.0000000000
108,38,2,0,0.0000000000
108,38,3,0,0.0000000000
108,39,1,0,0.0000000000
108,39,2,0,0.0000000000
108,39,3,0,0.0000000000
108,40,1,0,0.0000000000
108,40,2,0,0.0000000000
108,40,3,0,0.0000000000
108,41,1,0,0.0000000000
108,41,2,0,0.0000000000
108,41,3,0,0.0000000000
108,42,1,0,0.0000000000
108,42,2,0,0.0000000000
108,42,3,0,0.0000000000
108,43,1,0,0.0000000000
108,43,2,0,0.0000000000
108,43,3,0,0.0000000000
108,44,1,0,0.0000000000
108,44,2,0,0.0000000000
108,44,3,0,0.0000000000
108,45,1,0,0.0000000000
108,45,2,0,0.0000000000
108,45,3,0,0.0000000000
108,46,1,0,0.0000000000
108,46,2,0,0.0000000000
108,46,3,0,0.0000000000
108,47,1,0,0.0000000000
108,47,2,0,0.0000000000
108,47,3,0,0.0000000000
108,48,1,0,0.0000000000
108,48,2,0,0.0000000000
108,48,3,0,0.0000000000
108,49,1,0,0.0000000000
108,49,2,0,0.0000000000
108,49,3,0,0.0000000000
108,50,1,0,0.0000000000
108,50,2,0,0.0000000000
108,50,3,0,0.0000000000
108,51,1,0,0.0000000000
108,51,2,0,0.0000000000
108,51,3,0,0.0000000000
108,52,1,0,0.0000000000
108,52,2,0,0.0000000000
108,52,3,0,0.0000000000
108,53,1,0,0.0000000000
108,53,2,0,0.0000000000
108,53,3,0,0.0000000000
108,54,1,0,0.0000000000
108,54,2,0,0.0000000000
108,54,3,0,0.0000000000
108,55,1,0,0.0000000000
108,55,2,0,0.0000000000
108,55,3,0,0.0000000000
108,56,1,0,0.0000000000
108,56,2,0,0.0000000000
108,56,3,0,0.0000000000
108,57,1,0,0.0000000000
108,57,2,0,0.0000000000
108,57,3,0,0.0000000000
108,58,1,0,0.0000000000
108,58,2,0,0.0000000000
108,58,3,0,0.0000000000
108,59,1,0,0.0000000000
108,59,2,0,0.0000000000
108,59,3,0,0.0000000000
108,60,1,0,0.0000000000
108,60,2,0,0.0000000000
108,60,3,0,0.0000000000
108,61,1,0,0.0000000000
108,61,2,0,0.0000000000
108,61,3,0,0.0000000000
108,62,1,0,0.0000000000
108,62,2,0,0.0000000000
108,62,3,0,0.0000000000
108,63,1,0,0.0000000000
108,63,2,0,0.0000000000
108,63,3,0,0.0000000000
108,64,1,0,0.0000000000
108,64,2,0,0.0000000000
108,64,3,0,0.0000000000
108,65,1,0,0.0000000000
108,65,2,0,0.0000000000
108,65,3,0,0.0000000000
108,66,1,0,0.0000000000
108,66,2,0,0.0000000000
108,66,3,0,0.0000000000
108,67,1,0,0.0000000000
108,67,2,0,0.0000000000
108,67,3,0,0.0000000000
108,68,1,0,0.0000000000
108,68,2,0,0.0000000000
108,68,3,0,0.0000000000
108,69,1,0,0.0000000000
108,69,2,0,0.0000000000
108,69,3,0,0.0000000000
108,70,1,0,0.0000000000
108,70,2,0,0.0000000000
108,70,3,0,0.0000000000
108,71,1,0,0.0000000000
108,71,2,0,0.0000000000
108,71,3,0,0.0000000000
108,72,1,0,0.0000000000
108,72,2,0,0.0000000000
108,72,3,0,0.0000000000
108,73,1,0,0.0000000000
108,73,2,0,0.0000000000
108,73,3,0,0.0000000000
108,74,1,0,0.0000000000
108,74,2,0,0.0000000000
108,74,3,0,0.0000000000
108,75,1,0,0.0000000000
108,75,2,0,0.0000000000
108,75,3,0,0.0000000000
108,76,1,0,0.0000000000
108,76,2,0,0.0000000000
108,76,3,0,0.0000000000
108,77,1,0,0.0000000000
108,77,2,0,0.0000000000
108,77,3,0,0.0000000000
108,78,1,0,0.0000000000
108,78,2,0,0.0000000000
108,78,3,0,0.0000000000
108,79,1,0,0.0000000000
108,79,2,0,0.0000000000
108,79,3,0,0.0000000000
108,80,1,0,0.0000000000
108,80,2,0,0.0000000000
108,80,3,0,0.0000000000
108,81,1,0,0.0000000000
108,81,2,0,0.0000000000
108,81,3,0,0.0000000000
108,82,1,0,0.0000000000
108,82,2,0,0.0000000000
108,82,3,0,0.0000000000
108,83,1,0,0.0000000000
108,83,2,0,0.0000000000
108,83,3,0,0.0000000000
108,84,1,0,0.0000000000
108,84,2,0,0.0000000000
108,84,3,0,0.0000000000
108,85,1,0,0.0000000000
108,85,2,0,0.0000000000
108,85,3,0,0.0000000000
108,86,1,0,0.0000000000
108,86,2,0,0.0000000000
108,86,3,0,0.0000000000
108,87,1,0,0.0000000000
108,87,2,0,0.0000000000
108,87,3,0,0.0000000000
108,88,1,0,0.0000000000
108,88,2,0,0.0000000000
108,88,3,0,0.0000000000
108,89,1,0,0.0000000000
108,89,2,0,0.0000000000
108,89,3,0,0.0000000000
108,90,1,0,0.0000000000
108,90,2,0,0.0000000000
108,90,3,0,0.0000000000
108,91,1,0,0.0000000000
108,91,2,0,0.0000000000
108,91,3,0,0.0000000000
108,92,1,0,0.0000000000
108,92,2,0,0.0000000000
108,92,3,0,0.0000000000
108,93,1,0,0.0000000000
108,93,2,0,0.0000000000
108,93,3,0,0.0000000000
108,94,1,0,0.0000000000
108,94,2,0,0.0000000000
108,94,3,0,0.0000000000
108,95,1,0,0.0000000000
108,95,2,0,0.0000000000
108,95,3,0,0.0000000000
108,96,1,0,0.0000000000
108,96,2,0,0.0000000000
108,96,3,0,0.0000000000
108,97,1,0,0.0000000000
108,97,2,0,0.0000000000
108,97,3,0,0.0000000000
108,98,1,0,0.0000000000
108,98,2,0,0.0000000000
108,98,3,0,0.0000000000
108,99,1,0,0.0000000000
108,99,2,0,0.0000000000
108,99,3,0,0.0000000000
108,100,1,0,0.0000000000
108,100,2,0,0.0000000000
108,100,3,0,0.0000000000
108,101,1,0,0.0000000000
108,101,2,0,0.0000000000
108,101,3,0,0.0000000000
108,102,1,0,0.0000000000
108,102,2,0,0.0000000000
108,102,3,0,0.0000000000
108,103,1,0,0.0000000000
108,103,2,0,0.0000000000
108,103,3,0,0.0000000000
108,104,1,0,0.0000000000
108,104,2,0,0.0000000000
108,104,3,0,0.0000000000
108,105,1,0,0.0000000000
108,105,2,0,0.0000000000
108,105,3,0,0.0000000000
108,106,1,0,0.0000000000
108,106,2,0,0.0000000000
108,106,3,0,0.0000000000
108,107,1,0,0.0000000000
108,107,2,0,0.0000000000
108,107,3,0,0.0000000000
108,108,1,0,0.0000000000
108,108,2,0,0.0000000000
108,108,3,0,0.0000000000
108,109,1,0,0.0000000000
108,109,2,0,0.0000000000
108,109,3,0,0.0000000000
108,110,1,0,0.0000000000
108,110,2,0,0.0000000000
108,110,3,0,0.0000000000
108,111,1,0,0.0000000000
108,111,2,0,0.0000000000
108,111,3,0,0.0000000000
108,112,1,0,0.0000000000
108,112,2,0,0.0000000000
108,112,3,0,0.0000000000
108,113,1,0,0.0000000000
108,113,2,0,0.0000000000
108,113,3,0,0.0000000000
108,114,1,0,0.0000000000
108,114,2,0,0.0000000000
108,114,3,0,0.0000000000
108,115,1,0,0.0000000000
108,115,2,0,0.0000000000
108,115,3,0,0.0000000000
108,116,1,0,0.0000000000
108,116,2,0,0.0000000000
108,116,3,0,0.0000000000
108,117,1,0,0.0000000000
108,117,2,0,0.0000000000
108,117,3,0,0.0000000000
108,118,1,0,0.0000000000
108,118,2,0,0.0000000000
108,118,3,0,0.0000000000
108,119,1,0,0.0000000000
108,119,2,0,0.0000000000
108,119,3,0,0.0000000000
108,120,1,0,0.0000000000
108,120,2,0,0.0000000000
108,120,3,0,0.0000000000
108,121,1,0,0.0000000000
108,121,2,0,0.0000000000
108,121,3,0,0.0000000000
108,122,1,0,0.0000000000
108,122,2,0,0.0000000000
108,122,3,0,0.0000000000
108,123,1,0,0.0000000000
108,123,2,0,0.0000000000
108,123,3,0,0.0000000000
108,124,1,0,0.0000000000
108,124,2,0,0.0000000000
108,124,3,0,0.0000000000
108,125,1,0,0.0000000000
108,125,2,0,0.0000000000
108,125,3,0,0.0000000000
108,126,1,0,0.0000000000
108,126,2,0,0.0000000000
108,126,3,0,0.0000000000
108,127,1,0,0.0000000000
108,127,2,0,0.0000000000
108,127,3,0,0.0000000000
108,128,1,0,0.0000000000
108,128,2,0,0.0000000000
108,128,3,0,0.0000000000
108,129,1,0,0.0000000000
108,129,2,0,0.0000000000
108,129,3,0,0.0000000000
108,130,1,0,0.0000000000
108,130,2,0,0.0000000000
108,130,3,0,0.0000000000
108,131,1,0,0.0000000000
108,131,2,0,0.0000000000
108,131,3,0,0.0000000000
108,132,1,0,0.0000000000
108,132,2,0,0.0000000000
108,132,3,0,0.0000000000
108,133,1,0,0.0000000000
108,133,2,0,0.0000000000
108,133,3,0,0.0000000000
108,134,1,0,0.0000000000
108,134,2,0,0.0000000000
108,134,3,0,0.0000000000
108,135,1,0,0.0000000000
108,135,2,0,0.0000000000
108,135,3,0,0.0000000000
108,136,1,0,0.0000000000
108,136,2,0,0.0000000000
108,136,3,0,0.0000000000
108,137,1,0,0.0000000000
108,137,2,0,0.0000000000
108,137,3,0,0.0000000000
108,138,1,0,0.0000000000
108,138,2,0,0.0000000000
108,138,3,0,0.0000000000
108,139,1,0,0.0000000000
108,139,2,0,0.0000000000
108,139,3,0,0.0000000000
108,140,1,0,0.0000000000
108,140,2,0,0.0000000000
108,140,3,0,0.0000000000
108,141,1,0,0.0000000000
108,141,2,0,0.0000000000
108,141,3,0,0.0000000000
108,142,1,0,0.0000000000
108,142,2,0,0.0000000000
108,142,3,0,0.0000000000
108,143,1,0,0.0000000000
108,143,2,0,0.0000000000
108,143,3,0,0.0000000000
108,144,1,0,0.0000000000
108,144,2,0,0.0000000000
108,144,3,0,0.0000000000
108,145,1,0,0.0000000000
108,145,2,0,0.0000000000
108,145,3,0,0.0000000000
108,146,1,0,0.0000000000
108,146,2,0,0.0000000000
108,146,3,0,0.0000000000
108,147,1,0,0.0000000000
108,147,2,0,0.0000000000
108,147,3,0,0.0000000000
108,148,1,0,0.0000000000
108,148,2,0,0.0000000000
108,148,3,0,0.0000000000
108,149,1,0,0.0000000000
108,149,2,0,0.0000000000
108,149,3,0,0.0000000000
108,150,1,0,0.0000000000
108,150,2,0,0.0000000000
108,150,3,0,0.0000000000
108,151,1,0,0.0000000000
108,151,2,0,0.0000000000
108,151,3,0,0.0000000000
108,152,1,0,0.0000000000
108,152,2,0,0.0000000000
108,152,3,0,0.0000000000
108,153,1,0,0.0000000000
108,153,2,0,0.0000000000
108,153,3,0,0.0000000000
108,154,1,0,0.0000000000
108,154,2,0,0.0000000000
108,154,3,0,0.0000000000
108,155,1,0,0.0000000000
108,155,2,0,0.0000000000
108,155,3,0,0.0000000000
108,156,1,0,0.0000000000
108,156,2,0,0.0000000000
108,156,3,0,0.0000000000
108,157,1,0,0.0000000000
108,157,2,0,0.0000000000
108,157,3,0,0.0000000000
108,158,1,0,0.0000000000
108,158,2,0,0.0000000000
108,158,3,0,0.0000000000
108,159,1,0,0.0000000000
108,159,2,0,0.0000000000
108,159,3,0,0.0000000000
108,160,1,0,0.0000000000
108,160,2,0,0.0000000000
108,160,3,0,0.0000000000
108,161,1,0,0.0000000000
108,161,2,0,0.0000000000
108,161,3,0,0.0000000000
108,162,1,0,0.0000000000
108,162,2,0,0.0000000000
108,162,3,0,0.0000000000
108,163,1,0,0.0000000000
108,163,2,0,0.0000000000
108,163,3,0,0.0000000000
108,164,1,0,0.0000000000
108,164,2,0,0.0000000000
108,164,3,0,0.0000000000
108,165,1,0,0.0000000000
108,165,2,0,0.0000000000
108,165,3,0,0.0000000000
108,166,1,0,0.0000000000
108,166,2,0,0.0000000000
108,166,3,0,0.0000000000
108,167,1,0,0.0000000000
108,167,2,0,0.0000000000
108,167,3,0,0.0000000000
108,168,1,0,0.0000000000
108,168,2,0,0.0000000000
108,168,3,0,0.0000000000
109,1,1,0,0.0000000000
109,1,2,0,0.0000000000
109,1,3,0,0.0000000000
109,2,1,0,0.0000000000
109,2,2,0,0.0000000000
109,2,3,0,0.0000000000
109,3,1,0,0.0000000000
109,3,2,0,0.0000000000
109,3,3,0,0.0000000000
109,4,1,0,0.0000000000
109,4,2,0,0.0000000000
109,4,3,0,0.0000000000
109,5,1,0,0.0000000000
109,5,2,0,0.0000000000
109,5,3,0,0.0000000000
109,6,1,0,0.0000000000
109,6,2,0,0.0000000000
109,6,3,0,0.0000000000
109,7,1,0,0.0000000000
109,7,2,0,0.0000000000
109,7,3,0,0.0000000000
109,8,1,0,0.0000000000
109,8,2,0,0.0000000000
109,8,3,0,0.0000000000
109,9,1,0,0.0000000000
109,9,2,0,0.0000000000
109,9,3,0,0.0000000000
109,10,1,0,0.0000000000
109,10,2,0,0.0000000000
109,10,3,0,0.0000000000
109,11,1,0,0.0000000000
109,11,2,0,0.0000000000
109,11,3,0,0.0000000000
109,12,1,0,0.0000000000
109,12,2,0,0.0000000000
109,12,3,0,0.0000000000
109,13,1,0,0.0000000000
109,13,2,0,0.0000000000
109,13,3,0,0.0000000000
109,14,1,0,0.0000000000
109,14,2,0,0.0000000000
109,14,3,0,0.0000000000
109,15,1,0,0.0000000000
109,15,2,0,0.0000000000
109,15,3,0,0.0000000000
109,16,1,0,0.0000000000
109,16,2,0,0.0000000000
109,16,3,0,0.0000000000
109,17,1,0,0.0000000000
109,17,2,0,0.0000000000
109,17,3,0,0.0000000000
109,18,1,0,0.0000000000
109,18,2,0,0.0000000000
109,18,3,0,0.0000000000
109,19,1,0,0.0000000000
109,19,2,0,0.0000000000
109,19,3,0,0.0000000000
109,20,1,0,0.0000000000
109,20,2,0,0.0000000000
109,20,3,0,0.0000000000
109,21,1,0,0.0000000000
109,21,2,0,0.0000000000
109,21,3,0,0.0000000000
109,22,1,0,0.0000000000
109,22,2,0,0.0000000000
109,22,3,0,0.0000000000
109,23,1,0,0.0000000000
109,23,2,0,0.0000000000
109,23,3,0,0.0000000000
109,24,1,0,0.0000000000
109,24,2,0,0.0000000000
109,24,3,0,0.0000000000
109,25,1,0,0.0000000000
109,25,2,0,0.0000000000
109,25,3,0,0.0000000000
109,26,1,0,0.0000000000
109,26,2,0,0.0000000000
109,26,3,0,0.0000000000
109,27,1,0,0.0000000000
109,27,2,0,0.0000000000
109,27,3,0,0.0000000000
109,28,1,0,0.0000000000
109,28,2,0,0.0000000000
109,28,3,0,0.0000000000
109,29,1,0,0.0000000000
109,29,2,0,0.0000000000
109,29,3,0,0.0000000000
109,30,1,0,0.0000000000
109,30,2,0,0.0000000000
109,30,3,0,0.0000000000
109,31,1,0,0.0000000000
109,31,2,0,0.0000000000
109,31,3,0,0.0000000000
109,32,1,0,0.0000000000
109,32,2,0,0.0000000000
109,32,3,0,0.0000000000
109,33,1,0,0.0000000000
109,33,2,0,0.0000000000
109,33,3,0,0.0000000000
109,34,1,0,0.0000000000
109,34,2,0,0.0000000000
109,34,3,0,0.0000000000
109,35,1,0,0.0000000000
109,35,2,0,0.0000000000
109,35,3,0,0.0000000000
109,36,1,0,0.0000000000
109,36,2,0,0.0000000000
109,36,3,0,0.0000000000
109,37,1,0,0.0000000000
109,37,2,0,0.0000000000
109,37,3,0,0.0000000000
109,38,1,0,0.0000000000
109,38,2,0,0.0000000000
109,38,3,0,0.0000000000
109,39,1,0,0.0000000000
109,39,2,0,0.0000000000
109,39,3,0,0.0000000000
109,40,1,0,0.0000000000
109,40,2,0,0.0000000000
109,40,3,0,0.0000000000
109,41,1,0,0.0000000000
109,41,2,0,0.0000000000
109,41,3,0,0.0000000000
109,42,1,0,0.0000000000
109,42,2,0,0.0000000000
109,42,3,0,0.0000000000
109,43,1,0,0.0000000000
109,43,2,0,0.0000000000
109,43,3,0,0.0000000000
109,44,1,0,0.0000000000
109,44,2,0,0.0000000000
109,44,3,0,0.0000000000
109,45,1,0,0.0000000000
109,45,2,0,0.0000000000
109,45,3,0,0.0000000000
109,46,1,0,0.0000000000
109,46,2,0,0.0000000000
109,46,3,0,0.0000000000
109,47,1,0,0.0000000000
109,47,2,0,0.0000000000
109,47,3,0,0.0000000000
109,48,1,0,0.0000000000
109,48,2,0,0.0000000000
109,48,3,0,0.0000000000
109,49,1,0,0.0000000000
109,49,2,0,0.0000000000
109,49,3,0,0.0000000000
109,50,1,0,0.0000000000
109,50,2,0,0.0000000000
109,50,3,0,0.0000000000
109,51,1,0,0.0000000000
109,51,2,0,0.0000000000
109,51,3,0,0.0000000000
109,52,1,0,0.0000000000
109,52,2,0,0.0000000000
109,52,3,0,0.0000000000
109,53,1,0,0.0000000000
109,53,2,0,0.0000000000
109,53,3,0,0.0000000000
109,54,1,0,0.0000000000
109,54,2,0,0.0000000000
109,54,3,0,0.0000000000
109,55,1,0,0.0000000000
109,55,2,0,0.0000000000
109,55,3,0,0.0000000000
109,56,1,0,0.0000000000
109,56,2,0,0.0000000000
109,56,3,0,0.0000000000
109,57,1,0,0.0000000000
109,57,2,0,0.0000000000
109,57,3,0,0.0000000000
109,58,1,0,0.0000000000
109,58,2,0,0.0000000000
109,58,3,0,0.0000000000
109,59,1,0,0.0000000000
109,59,2,0,0.0000000000
109,59,3,0,0.0000000000
109,60,1,0,0.0000000000
109,60,2,0,0.0000000000
109,60,3,0,0.0000000000
109,61,1,0,0.0000000000
109,61,2,0,0.0000000000
109,61,3,0,0.0000000000
109,62,1,0,0.0000000000
109,62,2,0,0.0000000000
109,62,3,0,0.0000000000
109,63,1,0,0.0000000000
109,63,2,0,0.0000000000
109,63,3,0,0.0000000000
109,64,1,0,0.0000000000
109,64,2,0,0.0000000000
109,64,3,0,0.0000000000
109,65,1,0,0.0000000000
109,65,2,0,0.0000000000
109,65,3,0,0.0000000000
109,66,1,0,0.0000000000
109,66,2,0,0.0000000000
109,66,3,0,0.0000000000
109,67,1,0,0.0000000000
109,67,2,0,0.0000000000
109,67,3,0,0.0000000000
109,68,1,0,0.0000000000
109,68,2,0,0.0000000000
109,68,3,0,0.0000000000
109,69,1,0,0.0000000000
109,69,2,0,0.0000000000
109,69,3,0,0.0000000000
109,70,1,0,0.0000000000
109,70,2,0,0.0000000000
109,70,3,0,0.0000000000
109,71,1,0,0.0000000000
109,71,2,0,0.0000000000
109,71,3,0,0.0000000000
109,72,1,0,0.0000000000
109,72,2,0,0.0000000000
109,72,3,0,0.0000000000
109,73,1,0,0.0000000000
109,73,2,0,0.0000000000
109,73,3,0,0.0000000000
109,74,1,0,0.0000000000
109,74,2,0,0.0000000000
109,74,3,0,0.0000000000
109,75,1,0,0.0000000000
109,75,2,0,0.0000000000
109,75,3,0,0.0000000000
109,76,1,0,0.0000000000
109,76,2,0,0.0000000000
109,76,3,0,0.0000000000
109,77,1,0,0.0000000000
109,77,2,0,0.0000000000
109,77,3,0,0.0000000000
109,78,1,0,0.0000000000
109,78,2,0,0.0000000000
109,78,3,0,0.0000000000
109,79,1,0,0.0000000000
109,79,2,0,0.0000000000
109,79,3,0,0.0000000000
109,80,1,0,0.0000000000
109,80,2,0,0.0000000000
109,80,3,0,0.0000000000
109,81,1,0,0.0000000000
109,81,2,0,0.0000000000
109,81,3,0,0.0000000000
109,82,1,0,0.0000000000
109,82,2,0,0.0000000000
109,82,3,0,0.0000000000
109,83,1,0,0.0000000000
109,83,2,0,0.0000000000
109,83,3,0,0.0000000000
109,84,1,0,0.0000000000
109,84,2,0,0.0000000000
109,84,3,0,0.0000000000
109,85,1,0,0.0000000000
109,85,2,0,0.0000000000
109,85,3,0,0.0000000000
109,86,1,0,0.0000000000
109,86,2,0,0.0000000000
109,86,3,0,0.0000000000
109,87,1,0,0.0000000000
109,87,2,0,0.0000000000
109,87,3,0,0.0000000000
109,88,1,0,0.0000000000
109,88,2,0,0.0000000000
109,88,3,0,0.0000000000
109,89,1,0,0.0000000000
109,89,2,0,0.0000000000
109,89,3,0,0.0000000000
109,90,1,0,0.0000000000
109,90,2,0,0.0000000000
109,90,3,0,0.0000000000
109,91,1,0,0.0000000000
109,91,2,0,0.0000000000
109,91,3,0,0.0000000000
109,92,1,0,0.0000000000
109,92,2,0,0.0000000000
109,92,3,0,0.0000000000
109,93,1,0,0.0000000000
109,93,2,0,0.0000000000
109,93,3,0,0.0000000000
109,94,1,0,0.0000000000
109,94,2,0,0.0000000000
109,94,3,0,0.0000000000
109,95,1,0,0.0000000000
109,95,2,0,0.0000000000
109,95,3,0,0.0000000000
109,96,1,0,0.0000000000
109,96,2,0,0.0000000000
109,96,3,0,0.0000000000
109,97,1,0,0.0000000000
109,97,2,0,0.0000000000
109,97,3,0,0.0000000000
109,98,1,0,0.0000000000
109,98,2,0,0.0000000000
109,98,3,0,0.0000000000
109,99,1,0,0.0000000000
109,99,2,0,0.0000000000
109,99,3,0,0.0000000000
109,100,1,0,0.0000000000
109,100,2,0,0.0000000000
109,100,3,0,0.0000000000
109,101,1,0,0.0000000000
109,101,2,0,0.0000000000
109,101,3,0,0.0000000000
109,102,1,0,0.0000000000
109,102,2,0,0.0000000000
109,102,3,0,0.0000000000
109,103,1,0,0.0000000000
109,103,2,0,0.0000000000
109,103,3,0,0.0000000000
109,104,1,0,0.0000000000
109,104,2,0,0.0000000000
109,104,3,0,0.0000000000
109,105,1,0,0.0000000000
109,105,2,0,0.0000000000
109,105,3,0,0.0000000000
109,106,1,0,0.0000000000
109,106,2,0,0.0000000000
109,106,3,0,0.0000000000
109,107,1,0,0.0000000000
109,107,2,0,0.0000000000
109,107,3,0,0.0000000000
109,108,1,0,0.0000000000
109,108,2,0,0.0000000000
109,108,3,0,0.0000000000
109,109,1,0,0.0000000000
109,109,2,0,0.0000000000
109,109,3,0,0.0000000000
109,110,1,0,0.0000000000
109,110,2,0,0.0000000000
109,110,3,0,0.0000000000
109,111,1,0,0.0000000000
109,111,2,0,0.0000000000
109,111,3,0,0.0000000000
109,112,1,0,0.0000000000
109,112,2,0,0.0000000000
109,112,3,0,0.0000000000
109,113,1,0,0.0000000000
109,113,2,0,0.0000000000
109,113,3,0,0.0000000000
109,114,1,0,0.0000000000
109,114,2,0,0.0000000000
109,114,3,0,0.0000000000
109,115,1,0,0.0000000000
109,115,2,0,0.0000000000
109,115,3,0,0.0000000000
109,116,1,0,0.0000000000
109,116,2,0,0.0000000000
109,116,3,0,0.0000000000
109,117,1,0,0.0000000000
109,117,2,0,0.0000000000
109,117,3,0,0.0000000000
109,118,1,0,0.0000000000
109,118,2,0,0.0000000000
109,118,3,0,0.0000000000
109,119,1,0,0.0000000000
109,119,2,0,0.0000000000
109,119,3,0,0.0000000000
109,120,1,0,0.0000000000
109,120,2,0,0.0000000000
109,120,3,0,0.0000000000
109,121,1,0,0.0000000000
109,121,2,0,0.0000000000
109,121,3,0,0.0000000000
109,122,1,0,0.0000000000
109,122,2,0,0.0000000000
109,122,3,0,0.0000000000
109,123,1,0,0.0000000000
109,123,2,0,0.0000000000
109,123,3,0,0.0000000000
109,124,1,0,0.0000000000
109,124,2,0,0.0000000000
109,124,3,0,0.0000000000
109,125,1,0,0.0000000000
109,125,2,0,0.0000000000
109,125,3,0,0.0000000000
109,126,1,0,0.0000000000
109,126,2,0,0.0000000000
109,126,3,0,0.0000000000
109,127,1,0,0.0000000000
109,127,2,0,0.0000000000
109,127,3,0,0.0000000000
109,128,1,0,0.0000000000
109,128,2,0,0.0000000000
109,128,3,0,0.0000000000
109,129,1,0,0.0000000000
109,129,2,0,0.0000000000
109,129,3,0,0.0000000000
109,130,1,0,0.0000000000
109,130,2,0,0.0000000000
109,130,3,0,0.0000000000
109,131,1,0,0.0000000000
109,131,2,0,0.0000000000
109,131,3,0,0.0000000000
109,132,1,0,0.0000000000
109,132,2,0,0.0000000000
109,132,3,0,0.0000000000
109,133,1,0,0.0000000000
109,133,2,0,0.0000000000
109,133,3,0,0.0000000000
109,134,1,0,0.0000000000
109,134,2,0,0.0000000000
109,134,3,0,0.0000000000
109,135,1,0,0.0000000000
109,135,2,0,0.0000000000
109,135,3,0,0.0000000000
109,136,1,0,0.0000000000
109,136,2,0,0.0000000000
109,136,3,0,0.0000000000
109,137,1,0,0.0000000000
109,137,2,0,0.0000000000
109,137,3,0,0.0000000000
109,138,1,0,0.0000000000
109,138,2,0,0.0000000000
109,138,3,0,0.0000000000
109,139,1,0,0.0000000000
109,139,2,0,0.0000000000
109,139,3,0,0.0000000000
109,140,1,0,0.0000000000
109,140,2,0,0.0000000000
109,140,3,0,0.0000000000
109,141,1,0,0.0000000000
109,141,2,0,0.0000000000
109,141,3,0,0.0000000000
109,142,1,0,0.0000000000
109,142,2,0,0.0000000000
109,142,3,0,0.0000000000
109,143,1,0,0.0000000000
109,143,2,0,0.0000000000
109,143,3,0,0.0000000000
109,144,1,0,0.0000000000
109,144,2,0,0.0000000000
109,144,3,0,0.0000000000
109,145,1,0,0.0000000000
109,145,2,0,0.0000000000
109,145,3,0,0.0000000000
109,146,1,0,0.0000000000
109,146,2,0,0.0000000000
109,146,3,0,0.0000000000
109,147,1,0,0.0000000000
109,147,2,0,0.0000000000
109,147,3,0,0.0000000000
109,148,1,0,0.0000000000
109,148,2,0,0.0000000000
109,148,3,0,0.0000000000
109,149,1,0,0.0000000000
109,149,2,0,0.0000000000
109,149,3,0,0.0000000000
109,150,1,0,0.0000000000
109,150,2,0,0.0000000000
109,150,3,0,0.0000000000
109,151,1,0,0.0000000000
109,151,2,0,0.0000000000
109,151,3,0,0.0000000000
109,152,1,0,0.0000000000
109,152,2,0,0.0000000000
109,152,3,0,0.0000000000
109,153,1,0,0.0000000000
109,153,2,0,0.0000000000
109,153,3,0,0.0000000000
109,154,1,0,0.0000000000
109,154,2,0,0.0000000000
109,154,3,0,0.0000000000
109,155,1,0,0.0000000000
109,155,2,0,0.0000000000
109,155,3,0,0.0000000000
109,156,1,0,0.0000000000
109,156,2,0,0.0000000000
109,156,3,0,0.0000000000
109,157,1,0,0.0000000000
109,157,2,0,0.0000000000
109,157,3,0,0.0000000000
109,158,1,0,0.0000000000
109,158,2,0,0.0000000000
109,158,3,0,0.0000000000
109,159,1,0,0.0000000000
109,159,2,0,0.0000000000
109,159,3,0,0.0000000000
109,160,1,0,0.0000000000
109,160,2,0,0.0000000000
109,160,3,0,0.0000000000
109,161,1,0,0.0000000000
109,161,2,0,0.0000000000
109,161,3,0,0.0000000000
109,162,1,0,0.0000000000
109,162,2,0,0.0000000000
109,162,3,0,0.0000000000
109,163,1,0,0.0000000000
109,163,2,0,0.0000000000
109,163,3,0,0.0000000000
109,164,1,0,0.0000000000
109,164,2,0,0.0000000000
109,164,3,0,0.0000000000
109,165,1,0,0.0000000000
109,165,2,0,0.0000000000
109,165,3,0,0.0000000000
109,166,1,0,0.0000000000
109,166,2,0,0.0000000000
109,166,3,0,0.0000000000
109,167,1,0,0.0000000000
109,167,2,0,0.0000000000
109,167,3,0,0.0000000000
109,168,1,0,0.0000000000
109,168,2,0,0.0000000000
109,168,3,0,0.0000000000
114,1,1,0,0.0000000000
114,1,2,0,0.0000000000
114,1,3,0,0.0000000000
114,2,1,0,0.0000000000
114,2,2,0,0.0000000000
114,2,3,0,0.0000000000
114,3,1,0,0.0000000000
114,3,2,0,0.0000000000
114,3,3,0,0.0000000000
114,4,1,0,0.0000000000
114,4,2,0,0.0000000000
114,4,3,0,0.0000000000
114,5,1,0,0.0000000000
114,5,2,0,0.0000000000
114,5,3,0,0.0000000000
114,6,1,0,0.0000000000
114,6,2,0,0.0000000000
114,6,3,0,0.0000000000
114,7,1,0,0.0000000000
114,7,2,0,0.0000000000
114,7,3,0,0.0000000000
114,8,1,0,0.0000000000
114,8,2,0,0.0000000000
114,8,3,0,0.0000000000
114,9,1,0,0.0000000000
114,9,2,0,0.0000000000
114,9,3,0,0.0000000000
114,10,1,0,0.0000000000
114,10,2,0,0.0000000000
114,10,3,0,0.0000000000
114,11,1,0,0.0000000000
114,11,2,0,0.0000000000
114,11,3,0,0.0000000000
114,12,1,0,0.0000000000
114,12,2,0,0.0000000000
114,12,3,0,0.0000000000
114,13,1,0,0.0000000000
114,13,2,0,0.0000000000
114,13,3,0,0.0000000000
114,14,1,0,0.0000000000
114,14,2,0,0.0000000000
114,14,3,0,0.0000000000
114,15,1,0,0.0000000000
114,15,2,0,0.0000000000
114,15,3,0,0.0000000000
114,16,1,0,0.0000000000
114,16,2,0,0.0000000000
114,16,3,0,0.0000000000
114,17,1,0,0.0000000000
114,17,2,0,0.0000000000
114,17,3,0,0.0000000000
114,18,1,0,0.0000000000
114,18,2,0,0.0000000000
114,18,3,0,0.0000000000
114,19,1,0,0.0000000000
114,19,2,0,0.0000000000
114,19,3,0,0.0000000000
114,20,1,0,0.0000000000
114,20,2,0,0.0000000000
114,20,3,0,0.0000000000
114,21,1,0,0.0000000000
114,21,2,0,0.0000000000
114,21,3,0,0.0000000000
114,22,1,0,0.0000000000
114,22,2,0,0.0000000000
114,22,3,0,0.0000000000
114,23,1,0,0.0000000000
114,23,2,0,0.0000000000
114,23,3,0,0.0000000000
114,24,1,0,0.0000000000
114,24,2,0,0.0000000000
114,24,3,0,0.0000000000
114,25,1,0,0.0000000000
114,25,2,0,0.0000000000
114,25,3,0,0.0000000000
114,26,1,0,0.0000000000
114,26,2,0,0.0000000000
114,26,3,0,0.0000000000
114,27,1,0,0.0000000000
114,27,2,0,0.0000000000
114,27,3,0,0.0000000000
114,28,1,0,0.0000000000
114,28,2,0,0.0000000000
114,28,3,0,0.0000000000
114,29,1,0,0.0000000000
114,29,2,0,0.0000000000
114,29,3,0,0.0000000000
114,30,1,0,0.0000000000
114,30,2,0,0.0000000000
114,30,3,0,0.0000000000
114,31,1,0,0.0000000000
114,31,2,0,0.0000000000
114,31,3,0,0.0000000000
114,32,1,0,0.0000000000
114,32,2,0,0.0000000000
114,32,3,0,0.0000000000
114,33,1,0,0.0000000000
114,33,2,0,0.0000000000
114,33,3,0,0.0000000000
114,34,1,0,0.0000000000
114,34,2,0,0.0000000000
114,34,3,0,0.0000000000
114,35,1,0,0.0000000000
114,35,2,0,0.0000000000
114,35,3,0,0.0000000000
114,36,1,0,0.0000000000
114,36,2,0,0.0000000000
114,36,3,0,0.0000000000
114,37,1,0,0.0000000000
114,37,2,0,0.0000000000
114,37,3,0,0.0000000000
114,38,1,0,0.0000000000
114,38,2,0,0.0000000000
114,38,3,0,0.0000000000
114,39,1,0,0.0000000000
114,39,2,0,0.0000000000
114,39,3,0,0.0000000000
114,40,1,0,0.0000000000
114,40,2,0,0.0000000000
114,40,3,0,0.0000000000
114,41,1,0,0.0000000000
114,41,2,0,0.0000000000
114,41,3,0,0.0000000000
114,42,1,0,0.0000000000
114,42,2,0,0.0000000000
114,42,3,0,0.0000000000
114,43,1,0,0.0000000000
114,43,2,0,0.0000000000
114,43,3,0,0.0000000000
114,44,1,0,0.0000000000
114,44,2,0,0.0000000000
114,44,3,0,0.0000000000
114,45,1,0,0.0000000000
114,45,2,0,0.0000000000
114,45,3,0,0.0000000000
114,46,1,0,0.0000000000
114,46,2,0,0.0000000000
114,46,3,0,0.0000000000
114,47,1,0,0.0000000000
114,47,2,0,0.0000000000
114,47,3,0,0.0000000000
114,48,1,0,0.0000000000
114,48,2,0,0.0000000000
114,48,3,0,0.0000000000
114,49,1,0,0.0000000000
114,49,2,0,0.0000000000
114,49,3,0,0.0000000000
114,50,1,0,0.0000000000
114,50,2,0,0.0000000000
114,50,3,0,0.0000000000
114,51,1,0,0.0000000000
114,51,2,0,0.0000000000
114,51,3,0,0.0000000000
114,52,1,0,0.0000000000
114,52,2,0,0.0000000000
114,52,3,0,0.0000000000
114,53,1,0,0.0000000000
114,53,2,0,0.0000000000
114,53,3,0,0.0000000000
114,54,1,0,0.0000000000
114,54,2,0,0.0000000000
114,54,3,0,0.0000000000
114,55,1,0,0.0000000000
114,55,2,0,0.0000000000
114,55,3,0,0.0000000000
114,56,1,0,0.0000000000
114,56,2,0,0.0000000000
114,56,3,0,0.0000000000
114,57,1,0,0.0000000000
114,57,2,0,0.0000000000
114,57,3,0,0.0000000000
114,58,1,0,0.0000000000
114,58,2,0,0.0000000000
114,58,3,0,0.0000000000
114,59,1,0,0.0000000000
114,59,2,0,0.0000000000
114,59,3,0,0.0000000000
114,60,1,0,0.0000000000
114,60,2,0,0.0000000000
114,60,3,0,0.0000000000
114,61,1,0,0.0000000000
114,61,2,0,0.0000000000
114,61,3,0,0.0000000000
114,62,1,0,0.0000000000
114,62,2,0,0.0000000000
114,62,3,0,0.0000000000
114,63,1,0,0.0000000000
114,63,2,0,0.0000000000
114,63,3,0,0.0000000000
114,64,1,0,0.0000000000
114,64,2,0,0.0000000000
114,64,3,0,0.0000000000
114,65,1,0,0.0000000000
114,65,2,0,0.0000000000
114,65,3,0,0.0000000000
114,66,1,0,0.0000000000
114,66,2,0,0.0000000000
114,66,3,0,0.0000000000
114,67,1,0,0.0000000000
114,67,2,0,0.0000000000
114,67,3,0,0.0000000000
114,68,1,0,0.0000000000
114,68,2,0,0.0000000000
114,68,3,0,0.0000000000
114,69,1,0,0.0000000000
114,69,2,0,0.0000000000
114,69,3,0,0.0000000000
114,70,1,0,0.0000000000
114,70,2,0,0.0000000000
114,70,3,0,0.0000000000
114,71,1,0,0.0000000000
114,71,2,0,0.0000000000
114,71,3,0,0.0000000000
114,72,1,0,0.0000000000
114,72,2,0,0.0000000000
114,72,3,0,0.0000000000
114,73,1,0,0.0000000000
114,73,2,0,0.0000000000
114,73,3,0,0.0000000000
114,74,1,0,0.0000000000
114,74,2,0,0.0000000000
114,74,3,0,0.0000000000
114,75,1,0,0.0000000000
114,75,2,0,0.0000000000
114,75,3,0,0.0000000000
114,76,1,0,0.0000000000
114,76,2,0,0.0000000000
114,76,3,0,0.0000000000
114,77,1,0,0.0000000000
114,77,2,0,0.0000000000
114,77,3,0,0.0000000000
114,78,1,0,0.0000000000
114,78,2,0,0.0000000000
114,78,3,0,0.0000000000
114,79,1,0,0.0000000000
114,79,2,0,0.0000000000
114,79,3,0,0.0000000000
114,80,1,0,0.0000000000
114,80,2,0,0.0000000000
114,80,3,0,0.0000000000
114,81,1,0,0.0000000000
114,81,2,0,0.0000000000
114,81,3,0,0.0000000000
114,82,1,0,0.0000000000
114,82,2,0,0.0000000000
114,82,3,0,0.0000000000
114,83,1,0,0.0000000000
114,83,2,0,0.0000000000
114,83,3,0,0.0000000000
114,84,1,0,0.0000000000
114,84,2,0,0.0000000000
114,84,3,0,0.0000000000
114,85,1,0,0.0000000000
114,85,2,0,0.0000000000
114,85,3,0,0.0000000000
114,86,1,0,0.0000000000
114,86,2,0,0.0000000000
114,86,3,0,0.0000000000
114,87,1,0,0.0000000000
114,87,2,0,0.0000000000
114,87,3,0,0.0000000000
114,88,1,0,0.0000000000
114,88,2,0,0.0000000000
114,88,3,0,0.0000000000
114,89,1,0,0.0000000000
114,89,2,0,0.0000000000
114,89,3,0,0.0000000000
114,90,1,0,0.0000000000
114,90,2,0,0.0000000000
114,90,3,0,0.0000000000
114,91,1,0,0.0000000000
114,91,2,0,0.0000000000
114,91,3,0,0.0000000000
114,92,1,0,0.0000000000
114,92,2,0,0.0000000000
114,92,3,0,0.0000000000
114,93,1,0,0.0000000000
114,93,2,0,0.0000000000
114,93,3,0,0.0000000000
114,94,1,0,0.0000000000
114,94,2,0,0.0000000000
114,94,3,0,0.0000000000
114,95,1,0,0.0000000000
114,95,2,0,0.0000000000
114,95,3,0,0.0000000000
114,96,1,0,0.0000000000
114,96,2,0,0.0000000000
114,96,3,0,0.0000000000
114,97,1,0,0.0000000000
114,97,2,0,0.0000000000
114,97,3,0,0.0000000000
114,98,1,0,0.0000000000
114,98,2,0,0.0000000000
114,98,3,0,0.0000000000
114,99,1,0,0.0000000000
114,99,2,0,0.0000000000
114,99,3,0,0.0000000000
114,100,1,0,0.0000000000
114,100,2,0,0.0000000000
114,100,3,0,0.0000000000
114,101,1,0,0.0000000000
114,101,2,0,0.0000000000
114,101,3,0,0.0000000000
114,102,1,0,0.0000000000
114,102,2,0,0.0000000000
114,102,3,0,0.0000000000
114,103,1,0,0.0000000000
114,103,2,0,0.0000000000
114,103,3,0,0.0000000000
114,104,1,0,0.0000000000
114,104,2,0,0.0000000000
114,104,3,0,0.0000000000
114,105,1,0,0.0000000000
114,105,2,0,0.0000000000
114,105,3,0,0.0000000000
114,106,1,0,0.0000000000
114,106,2,0,0.0000000000
114,106,3,0,0.0000000000
114,107,1,0,0.0000000000
114,107,2,0,0.0000000000
114,107,3,0,0.0000000000
114,108,1,0,0.0000000000
114,108,2,0,0.0000000000
114,108,3,0,0.0000000000
114,109,1,0,0.0000000000
114,109,2,0,0.0000000000
114,109,3,0,0.0000000000
114,110,1,0,0.0000000000
114,110,2,0,0.0000000000
114,110,3,0,0.0000000000
114,111,1,0,0.0000000000
114,111,2,0,0.0000000000
114,111,3,0,0.0000000000
114,112,1,0,0.0000000000
114,112,2,0,0.0000000000
114,112,3,0,0.0000000000
114,113,1,0,0.0000000000
114,113,2,0,0.0000000000
114,113,3,0,0.0000000000
114,114,1,0,0.0000000000
114,114,2,0,0.0000000000
114,114,3,0,0.0000000000
114,115,1,0,0.0000000000
114,115,2,0,0.0000000000
114,115,3,0,0.0000000000
114,116,1,0,0.0000000000
114,116,2,0,0.0000000000
114,116,3,0,0.0000000000
114,117,1,0,0.0000000000
114,117,2,0,0.0000000000
114,117,3,0,0.0000000000
114,118,1,0,0.0000000000
114,118,2,0,0.0000000000
114,118,3,0,0.0000000000
114,119,1,0,0.0000000000
114,119,2,0,0.0000000000
114,119,3,0,0.0000000000
114,120,1,0,0.0000000000
114,120,2,0,0.0000000000
114,120,3,0,0.0000000000
114,121,1,0,0.0000000000
114,121,2,0,0.0000000000
114,121,3,0,0.0000000000
114,122,1,0,0.0000000000
114,122,2,0,0.0000000000
114,122,3,0,0.0000000000
114,123,1,0,0.0000000000
114,123,2,0,0.0000000000
114,123,3,0,0.0000000000
114,124,1,0,0.0000000000
114,124,2,0,0.0000000000
114,124,3,0,0.0000000000
114,125,1,0,0.0000000000
114,125,2,0,0.0000000000
114,125,3,0,0.0000000000
114,126,1,0,0.0000000000
114,126,2,0,0.0000000000
114,126,3,0,0.0000000000
114,127,1,0,0.0000000000
114,127,2,0,0.0000000000
114,127,3,0,0.0000000000
114,128,1,0,0.0000000000
114,128,2,0,0.0000000000
114,128,3,0,0.0000000000
114,129,1,0,0.0000000000
114,129,2,0,0.0000000000
114,129,3,0,0.0000000000
114,130,1,0,0.0000000000
114,130,2,0,0.0000000000
114,130,3,0,0.0000000000
114,131,1,0,0.0000000000
114,131,2,0,0.0000000000
114,131,3,0,0.0000000000
114,132,1,0,0.0000000000
114,132,2,0,0.0000000000
114,132,3,0,0.0000000000
114,133,1,0,0.0000000000
114,133,2,0,0.0000000000
114,133,3,0,0.0000000000
114,134,1,0,0.0000000000
114,134,2,0,0.0000000000
114,134,3,0,0.0000000000
114,135,1,0,0.0000000000
114,135,2,0,0.0000000000
114,135,3,0,0.0000000000
114,136,1,0,0.0000000000
114,136,2,0,0.0000000000
114,136,3,0,0.0000000000
114,137,1,0,0.0000000000
114,137,2,0,0.0000000000
114,137,3,0,0.0000000000
114,138,1,0,0.0000000000
114,138,2,0,0.0000000000
114,138,3,0,0.0000000000
114,139,1,0,0.0000000000
114,139,2,0,0.0000000000
114,139,3,0,0.0000000000
114,140,1,0,0.0000000000
114,140,2,0,0.0000000000
114,140,3,0,0.0000000000
114,141,1,0,0.0000000000
114,141,2,0,0.0000000000
114,141,3,0,0.0000000000
114,142,1,0,0.0000000000
114,142,2,0,0.0000000000
114,142,3,0,0.0000000000
114,143,1,0,0.0000000000
114,143,2,0,0.0000000000
114,143,3,0,0.0000000000
114,144,1,0,0.0000000000
114,144,2,0,0.0000000000
114,144,3,0,0.0000000000
114,145,1,0,0.0000000000
114,145,2,0,0.0000000000
114,145,3,0,0.0000000000
114,146,1,0,0.0000000000
114,146,2,0,0.0000000000
114,146,3,0,0.0000000000
114,147,1,0,0.0000000000
114,147,2,0,0.0000000000
114,147,3,0,0.0000000000
114,148,1,0,0.0000000000
114,148,2,0,0.0000000000
114,148,3,0,0.0000000000
114,149,1,0,0.0000000000
114,149,2,0,0.0000000000
114,149,3,0,0.0000000000
114,150,1,0,0.0000000000
114,150,2,0,0.0000000000
114,150,3,0,0.0000000000
114,151,1,0,0.0000000000
114,151,2,0,0.0000000000
114,151,3,0,0.0000000000
114,152,1,0,0.0000000000
114,152,2,0,0.0000000000
114,152,3,0,0.0000000000
114,153,1,0,0.0000000000
114,153,2,0,0.0000000000
114,153,3,0,0.0000000000
114,154,1,0,0.0000000000
114,154,2,0,0.0000000000
114,154,3,0,0.0000000000
114,155,1,0,0.0000000000
114,155,2,0,0.0000000000
114,155,3,0,0.0000000000
114,156,1,0,0.0000000000
114,156,2,0,0.0000000000
114,156,3,0,0.0000000000
114,157,1,0,0.0000000000
114,157,2,0,0.0000000000
114,157,3,0,0.0000000000
114,158,1,0,0.0000000000
114,158,2,0,0.0000000000
114,158,3,0,0.0000000000
114,159,1,0,0.0000000000
114,159,2,0,0.0000000000
114,159,3,0,0.0000000000
114,160,1,0,0.0000000000
114,160,2,0,0.0000000000
114,160,3,0,0.0000000000
114,161,1,0,0.0000000000
114,161,2,0,0.0000000000
114,161,3,0,0.0000000000
114,162,1,0,0.0000000000
114,162,2,0,0.0000000000
114,162,3,0,0.0000000000
114,163,1,0,0.0000000000
114,163,2,0,0.0000000000
114,163,3,0,0.0000000000
114,164,1,0,0.0000000000
114,164,2,0,0.0000000000
114,164,3,0,0.0000000000
114,165,1,0,0.0000000000
114,165,2,0,0.0000000000
114,165,3,0,0.0000000000
114,166,1,0,0.0000000000
114,166,2,0,0.0000000000
114,166,3,0,0.0000000000
114,167,1,0,0.0000000000
114,167,2,0,0.0000000000
114,167,3,0,0.0000000000
114,168,1,0,0.0000000000
114,168,2,0,0.0000000000
114,168,3,0,0.0000000000
115,1,1,0,0.0000000000
115,1,2,0,0.0000000000
115,1,3,0,0.0000000000
115,2,1,0,0.0000000000
115,2,2,0,0.0000000000
115,2,3,0,0.0000000000
115,3,1,0,0.0000000000
115,3,2,0,0.0000000000
115,3,3,0,0.0000000000
115,4,1,0,0.0000000000
115,4,2,0,0.0000000000
115,4,3,0,0.0000000000
115,5,1,0,0.0000000000
115,5,2,0,0.0000000000
115,5,3,0,0.0000000000
115,6,1,0,0.0000000000
115,6,2,0,0.0000000000
115,6,3,0,0.0000000000
115,7,1,0,0.0000000000
115,7,2,0,0.0000000000
115,7,3,0,0.0000000000
115,8,1,0,0.0000000000
115,8,2,0,0.0000000000
115,8,3,0,0.0000000000
115,9,1,0,0.0000000000
115,9,2,0,0.0000000000
115,9,3,0,0.0000000000
115,10,1,0,0.0000000000
115,10,2,0,0.0000000000
115,10,3,0,0.0000000000
115,11,1,0,0.0000000000
115,11,2,0,0.0000000000
115,11,3,0,0.0000000000
115,12,1,0,0.0000000000
115,12,2,0,0.0000000000
115,12,3,0,0.0000000000
115,13,1,0,0.0000000000
115,13,2,0,0.0000000000
115,13,3,0,0.0000000000
115,14,1,0,0.0000000000
115,14,2,0,0.0000000000
115,14,3,0,0.0000000000
115,15,1,0,0.0000000000
115,15,2,0,0.0000000000
115,15,3,0,0.0000000000
115,16,1,0,0.0000000000
115,16,2,0,0.0000000000
115,16,3,0,0.0000000000
115,17,1,0,0.0000000000
115,17,2,0,0.0000000000
115,17,3,0,0.0000000000
115,18,1,0,0.0000000000
115,18,2,0,0.0000000000
115,18,3,0,0.0000000000
115,19,1,0,0.0000000000
115,19,2,0,0.0000000000
115,19,3,0,0.0000000000
115,20,1,0,0.0000000000
115,20,2,0,0.0000000000
115,20,3,0,0.0000000000
115,21,1,0,0.0000000000
115,21,2,0,0.0000000000
115,21,3,0,0.0000000000
115,22,1,0,0.0000000000
115,22,2,0,0.0000000000
115,22,3,0,0.0000000000
115,23,1,0,0.0000000000
115,23,2,0,0.0000000000
115,23,3,0,0.0000000000
115,24,1,0,0.0000000000
115,24,2,0,0.0000000000
115,24,3,0,0.0000000000
115,25,1,0,0.0000000000
115,25,2,0,0.0000000000
115,25,3,0,0.0000000000
115,26,1,0,0.0000000000
115,26,2,0,0.0000000000
115,26,3,0,0.0000000000
115,27,1,0,0.0000000000
115,27,2,0,0.0000000000
115,27,3,0,0.0000000000
115,28,1,0,0.0000000000
115,28,2,0,0.0000000000
115,28,3,0,0.0000000000
115,29,1,0,0.0000000000
115,29,2,0,0.0000000000
115,29,3,0,0.0000000000
115,30,1,0,0.0000000000
115,30,2,0,0.0000000000
115,30,3,0,0.0000000000
115,31,1,0,0.0000000000
115,31,2,0,0.0000000000
115,31,3,0,0.0000000000
115,32,1,0,0.0000000000
115,32,2,0,0.0000000000
115,32,3,0,0.0000000000
115,33,1,0,0.0000000000
115,33,2,0,0.0000000000
115,33,3,0,0.0000000000
115,34,1,0,0.0000000000
115,34,2,0,0.0000000000
115,34,3,0,0.0000000000
115,35,1,0,0.0000000000
115,35,2,0,0.0000000000
115,35,3,0,0.0000000000
115,36,1,0,0.0000000000
115,36,2,0,0.0000000000
115,36,3,0,0.0000000000
115,37,1,0,0.0000000000
115,37,2,0,0.0000000000
115,37,3,0,0.0000000000
115,38,1,0,0.0000000000
115,38,2,0,0.0000000000
115,38,3,0,0.0000000000
115,39,1,0,0.0000000000
115,39,2,0,0.0000000000
115,39,3,0,0.0000000000
115,40,1,0,0.0000000000
115,40,2,0,0.0000000000
115,40,3,0,0.0000000000
115,41,1,0,0.0000000000
115,41,2,0,0.0000000000
115,41,3,0,0.0000000000
115,42,1,0,0.0000000000
115,42,2,0,0.0000000000
115,42,3,0,0.0000000000
115,43,1,0,0.0000000000
115,43,2,0,0.0000000000
115,43,3,0,0.0000000000
115,44,1,0,0.0000000000
115,44,2,0,0.0000000000
115,44,3,0,0.0000000000
115,45,1,0,0.0000000000
115,45,2,0,0.0000000000
115,45,3,0,0.0000000000
115,46,1,0,0.0000000000
115,46,2,0,0.0000000000
115,46,3,0,0.0000000000
115,47,1,0,0.0000000000
115,47,2,0,0.0000000000
115,47,3,0,0.0000000000
115,48,1,0,0.0000000000
115,48,2,0,0.0000000000
115,48,3,0,0.0000000000
115,49,1,0,0.0000000000
115,49,2,0,0.0000000000
115,49,3,0,0.0000000000
115,50,1,0,0.0000000000
115,50,2,0,0.0000000000
115,50,3,0,0.0000000000
115,51,1,0,0.0000000000
115,51,2,0,0.0000000000
115,51,3,0,0.0000000000
115,52,1,0,0.0000000000
115,52,2,0,0.0000000000
115,52,3,0,0.0000000000
115,53,1,0,0.0000000000
115,53,2,0,0.0000000000
115,53,3,0,0.0000000000
115,54,1,0,0.0000000000
115,54,2,0,0.0000000000
115,54,3,0,0.0000000000
115,55,1,0,0.0000000000
115,55,2,0,0.0000000000
115,55,3,0,0.0000000000
115,56,1,0,0.0000000000
115,56,2,0,0.0000000000
115,56,3,0,0.0000000000
115,57,1,0,0.0000000000
115,57,2,0,0.0000000000
115,57,3,0,0.0000000000
115,58,1,0,0.0000000000
115,58,2,0,0.0000000000
115,58,3,0,0.0000000000
115,59,1,0,0.0000000000
115,59,2,0,0.0000000000
115,59,3,0,0.0000000000
115,60,1,0,0.0000000000
115,60,2,0,0.0000000000
115,60,3,0,0.0000000000
115,61,1,0,0.0000000000
115,61,2,0,0.0000000000
115,61,3,0,0.0000000000
115,62,1,0,0.0000000000
115,62,2,0,0.0000000000
115,62,3,0,0.0000000000
115,63,1,0,0.0000000000
115,63,2,0,0.0000000000
115,63,3,0,0.0000000000
115,64,1,0,0.0000000000
115,64,2,0,0.0000000000
115,64,3,0,0.0000000000
115,65,1,0,0.0000000000
115,65,2,0,0.0000000000
115,65,3,0,0.0000000000
115,66,1,0,0.0000000000
115,66,2,0,0.0000000000
115,66,3,0,0.0000000000
115,67,1,0,0.0000000000
115,67,2,0,0.0000000000
115,67,3,0,0.0000000000
115,68,1,0,0.0000000000
115,68,2,0,0.0000000000
115,68,3,0,0.0000000000
115,69,1,0,0.0000000000
115,69,2,0,0.0000000000
115,69,3,0,0.0000000000
115,70,1,0,0.0000000000
115,70,2,0,0.0000000000
115,70,3,0,0.0000000000
115,71,1,0,0.0000000000
115,71,2,0,0.0000000000
115,71,3,0,0.0000000000
115,72,1,0,0.0000000000
115,72,2,0,0.0000000000
115,72,3,0,0.0000000000
115,73,1,0,0.0000000000
115,73,2,0,0.0000000000
115,73,3,0,0.0000000000
115,74,1,0,0.0000000000
115,74,2,0,0.0000000000
115,74,3,0,0.0000000000
115,75,1,0,0.0000000000
115,75,2,0,0.0000000000
115,75,3,0,0.0000000000
115,76,1,0,0.0000000000
115,76,2,0,0.0000000000
115,76,3,0,0.0000000000
115,77,1,0,0.0000000000
115,77,2,0,0.0000000000
115,77,3,0,0.0000000000
115,78,1,0,0.0000000000
115,78,2,0,0.0000000000
115,78,3,0,0.0000000000
115,79,1,0,0.0000000000
115,79,2,0,0.0000000000
115,79,3,0,0.0000000000
115,80,1,0,0.0000000000
115,80,2,0,0.0000000000
115,80,3,0,0.0000000000
115,81,1,0,0.0000000000
115,81,2,0,0.0000000000
115,81,3,0,0.0000000000
115,82,1,0,0.0000000000
115,82,2,0,0.0000000000
115,82,3,0,0.0000000000
115,83,1,0,0.0000000000
115,83,2,0,0.0000000000
115,83,3,0,0.0000000000
115,84,1,0,0.0000000000
115,84,2,0,0.0000000000
115,84,3,0,0.0000000000
115,85,1,0,0.0000000000
115,85,2,0,0.0000000000
115,85,3,0,0.0000000000
115,86,1,0,0.0000000000
115,86,2,0,0.0000000000
115,86,3,0,0.0000000000
115,87,1,0,0.0000000000
115,87,2,0,0.0000000000
115,87,3,0,0.0000000000
115,88,1,0,0.0000000000
115,88,2,0,0.0000000000
115,88,3,0,0.0000000000
115,89,1,0,0.0000000000
115,89,2,0,0.0000000000
115,89,3,0,0.0000000000
115,90,1,0,0.0000000000
115,90,2,0,0.0000000000
115,90,3,0,0.0000000000
115,91,1,0,0.0000000000
115,91,2,0,0.0000000000
115,91,3,0,0.0000000000
115,92,1,0,0.0000000000
115,92,2,0,0.0000000000
115,92,3,0,0.0000000000
115,93,1,0,0.0000000000
115,93,2,0,0.0000000000
115,93,3,0,0.0000000000
115,94,1,0,0.0000000000
115,94,2,0,0.0000000000
115,94,3,0,0.0000000000
115,95,1,0,0.0000000000
115,95,2,0,0.0000000000
115,95,3,0,0.0000000000
115,96,1,0,0.0000000000
115,96,2,0,0.0000000000
115,96,3,0,0.0000000000
115,97,1,0,0.0000000000
115,97,2,0,0.0000000000
115,97,3,0,0.0000000000
115,98,1,0,0.0000000000
115,98,2,0,0.0000000000
115,98,3,0,0.0000000000
115,99,1,0,0.0000000000
115,99,2,0,0.0000000000
115,99,3,0,0.0000000000
115,100,1,0,0.0000000000
115,100,2,0,0.0000000000
115,100,3,0,0.0000000000
115,101,1,0,0.0000000000
115,101,2,0,0.0000000000
115,101,3,0,0.0000000000
115,102,1,0,0.0000000000
115,102,2,0,0.0000000000
115,102,3,0,0.0000000000
115,103,1,0,0.0000000000
115,103,2,0,0.0000000000
115,103,3,0,0.0000000000
115,104,1,0,0.0000000000
115,104,2,0,0.0000000000
115,104,3,0,0.0000000000
115,105,1,0,0.0000000000
115,105,2,0,0.0000000000
115,105,3,0,0.0000000000
115,106,1,0,0.0000000000
115,106,2,0,0.0000000000
115,106,3,0,0.0000000000
115,107,1,0,0.0000000000
115,107,2,0,0.0000000000
115,107,3,0,0.0000000000
115,108,1,0,0.0000000000
115,108,2,0,0.0000000000
115,108,3,0,0.0000000000
115,109,1,0,0.0000000000
115,109,2,0,0.0000000000
115,109,3,0,0.0000000000
115,110,1,0,0.0000000000
115,110,2,0,0.0000000000
115,110,3,0,0.0000000000
115,111,1,0,0.0000000000
115,111,2,0,0.0000000000
115,111,3,0,0.0000000000
115,112,1,0,0.0000000000
115,112,2,0,0.0000000000
115,112,3,0,0.0000000000
115,113,1,0,0.0000000000
115,113,2,0,0.0000000000
115,113,3,0,0.0000000000
115,114,1,0,0.0000000000
115,114,2,0,0.0000000000
115,114,3,0,0.0000000000
115,115,1,0,0.0000000000
115,115,2,0,0.0000000000
115,115,3,0,0.0000000000
115,116,1,0,0.0000000000
115,116,2,0,0.0000000000
115,116,3,0,0.0000000000
115,117,1,0,0.0000000000
115,117,2,0,0.0000000000
115,117,3,0,0.0000000000
115,118,1,0,0.0000000000
115,118,2,0,0.0000000000
115,118,3,0,0.0000000000
115,119,1,0,0.0000000000
115,119,2,0,0.0000000000
115,119,3,0,0.0000000000
115,120,1,0,0.0000000000
115,120,2,0,0.0000000000
115,120,3,0,0.0000000000
115,121,1,0,0.0000000000
115,121,2,0,0.0000000000
115,121,3,0,0.0000000000
115,122,1,0,0.0000000000
115,122,2,0,0.0000000000
115,122,3,0,0.0000000000
115,123,1,0,0.0000000000
115,123,2,0,0.0000000000
115,123,3,0,0.0000000000
115,124,1,0,0.0000000000
115,124,2,0,0.0000000000
115,124,3,0,0.0000000000
115,125,1,0,0.0000000000
115,125,2,0,0.0000000000
115,125,3,0,0.0000000000
115,126,1,0,0.0000000000
115,126,2,0,0.0000000000
115,126,3,0,0.0000000000
115,127,1,0,0.0000000000
115,127,2,0,0.0000000000
115,127,3,0,0.0000000000
115,128,1,0,0.0000000000
115,128,2,0,0.0000000000
115,128,3,0,0.0000000000
115,129,1,0,0.0000000000
115,129,2,0,0.0000000000
115,129,3,0,0.0000000000
115,130,1,0,0.0000000000
115,130,2,0,0.0000000000
115,130,3,0,0.0000000000
115,131,1,0,0.0000000000
115,131,2,0,0.0000000000
115,131,3,0,0.0000000000
115,132,1,0,0.0000000000
115,132,2,0,0.0000000000
115,132,3,0,0.0000000000
115,133,1,0,0.0000000000
115,133,2,0,0.0000000000
115,133,3,0,0.0000000000
115,134,1,0,0.0000000000
115,134,2,0,0.0000000000
115,134,3,0,0.0000000000
115,135,1,0,0.0000000000
115,135,2,0,0.0000000000
115,135,3,0,0.0000000000
115,136,1,0,0.0000000000
115,136,2,0,0.0000000000
115,136,3,0,0.0000000000
115,137,1,0,0.0000000000
115,137,2,0,0.0000000000
115,137,3,0,0.0000000000
115,138,1,0,0.0000000000
115,138,2,0,0.0000000000
115,138,3,0,0.0000000000
115,139,1,0,0.0000000000
115,139,2,0,0.0000000000
115,139,3,0,0.0000000000
115,140,1,0,0.0000000000
115,140,2,0,0.0000000000
115,140,3,0,0.0000000000
115,141,1,0,0.0000000000
115,141,2,0,0.0000000000
115,141,3,0,0.0000000000
115,142,1,0,0.0000000000
115,142,2,0,0.0000000000
115,142,3,0,0.0000000000
115,143,1,0,0.0000000000
115,143,2,0,0.0000000000
115,143,3,0,0.0000000000
115,144,1,0,0.0000000000
115,144,2,0,0.0000000000
115,144,3,0,0.0000000000
115,145,1,0,0.0000000000
115,145,2,0,0.0000000000
115,145,3,0,0.0000000000
115,146,1,0,0.0000000000
115,146,2,0,0.0000000000
115,146,3,0,0.0000000000
115,147,1,0,0.0000000000
115,147,2,0,0.0000000000
115,147,3,0,0.0000000000
115,148,1,0,0.0000000000
115,148,2,0,0.0000000000
115,148,3,0,0.0000000000
115,149,1,0,0.0000000000
115,149,2,0,0.0000000000
115,149,3,0,0.0000000000
115,150,1,0,0.0000000000
115,150,2,0,0.0000000000
115,150,3,0,0.0000000000
115,151,1,0,0.0000000000
115,151,2,0,0.0000000000
115,151,3,0,0.0000000000
115,152,1,0,0.0000000000
115,152,2,0,0.0000000000
115,152,3,0,0.0000000000
115,153,1,0,0.0000000000
115,153,2,0,0.0000000000
115,153,3,0,0.0000000000
115,154,1,0,0.0000000000
115,154,2,0,0.0000000000
115,154,3,0,0.0000000000
115,155,1,0,0.0000000000
115,155,2,0,0.0000000000
115,155,3,0,0.0000000000
115,156,1,0,0.0000000000
115,156,2,0,0.0000000000
115,156,3,0,0.0000000000
115,157,1,0,0.0000000000
115,157,2,0,0.0000000000
115,157,3,0,0.0000000000
115,158,1,0,0.0000000000
115,158,2,0,0.0000000000
115,158,3,0,0.0000000000
115,159,1,0,0.0000000000
115,159,2,0,0.0000000000
115,159,3,0,0.0000000000
115,160,1,0,0.0000000000
115,160,2,0,0.0000000000
115,160,3,0,0.0000000000
115,161,1,0,0.0000000000
115,161,2,0,0.0000000000
115,161,3,0,0.0000000000
115,162,1,0,0.0000000000
115,162,2,0,0.0000000000
115,162,3,0,0.0000000000
115,163,1,0,0.0000000000
115,163,2,0,0.0000000000
115,163,3,0,0.0000000000
115,164,1,0,0.0000000000
115,164,2,0,0.0000000000
115,164,3,0,0.0000000000
115,165,1,0,0.0000000000
115,165,2,0,0.0000000000
115,165,3,0,0.0000000000
115,166,1,0,0.0000000000
115,166,2,0,0.0000000000
115,166,3,0,0.0000000000
115,167,1,0,0.0000000000
115,167,2,0,0.0000000000
115,167,3,0,0.0000000000
115,168,1,0,0.0000000000
115,168,2,0,0.0000000000
115,168,3,0,0.0000000000
117,1,1,0,0.0000000000
117,1,2,0,0.0000000000
117,1,3,0,0.0000000000
117,2,1,0,0.0000000000
117,2,2,0,0.0000000000
117,2,3,0,0.0000000000
117,3,1,0,0.0000000000
117,3,2,0,0.0000000000
117,3,3,0,0.0000000000
117,4,1,0,0.0000000000
117,4,2,0,0.0000000000
117,4,3,0,0.0000000000
117,5,1,0,0.0000000000
117,5,2,0,0.0000000000
117,5,3,0,0.0000000000
117,6,1,0,0.0000000000
117,6,2,0,0.0000000000
117,6,3,0,0.0000000000
117,7,1,0,0.0000000000
117,7,2,0,0.0000000000
117,7,3,0,0.0000000000
117,8,1,0,0.0000000000
117,8,2,0,0.0000000000
117,8,3,0,0.0000000000
117,9,1,0,0.0000000000
117,9,2,0,0.0000000000
117,9,3,0,0.0000000000
117,10,1,0,0.0000000000
117,10,2,0,0.0000000000
117,10,3,0,0.0000000000
117,11,1,0,0.0000000000
117,11,2,0,0.0000000000
117,11,3,0,0.0000000000
117,12,1,0,0.0000000000
117,12,2,0,0.0000000000
117,12,3,0,0.0000000000
117,13,1,0,0.0000000000
117,13,2,0,0.0000000000
117,13,3,0,0.0000000000
117,14,1,0,0.0000000000
117,14,2,0,0.0000000000
117,14,3,0,0.0000000000
117,15,1,0,0.0000000000
117,15,2,0,0.0000000000
117,15,3,0,0.0000000000
117,16,1,0,0.0000000000
117,16,2,0,0.0000000000
117,16,3,0,0.0000000000
117,17,1,0,0.0000000000
117,17,2,0,0.0000000000
117,17,3,0,0.0000000000
117,18,1,0,0.0000000000
117,18,2,0,0.0000000000
117,18,3,0,0.0000000000
117,19,1,0,0.0000000000
117,19,2,0,0.0000000000
117,19,3,0,0.0000000000
117,20,1,0,0.0000000000
117,20,2,0,0.0000000000
117,20,3,0,0.0000000000
117,21,1,0,0.0000000000
117,21,2,0,0.0000000000
117,21,3,0,0.0000000000
117,22,1,0,0.0000000000
117,22,2,0,0.0000000000
117,22,3,0,0.0000000000
117,23,1,0,0.0000000000
117,23,2,0,0.0000000000
117,23,3,0,0.0000000000
117,24,1,0,0.0000000000
117,24,2,0,0.0000000000
117,24,3,0,0.0000000000
117,25,1,0,0.0000000000
117,25,2,0,0.0000000000
117,25,3,0,0.0000000000
117,26,1,0,0.0000000000
117,26,2,0,0.0000000000
117,26,3,0,0.0000000000
117,27,1,0,0.0000000000
117,27,2,0,0.0000000000
117,27,3,0,0.0000000000
117,28,1,0,0.0000000000
117,28,2,0,0.0000000000
117,28,3,0,0.0000000000
117,29,1,0,0.0000000000
117,29,2,0,0.0000000000
117,29,3,0,0.0000000000
117,30,1,0,0.0000000000
117,30,2,0,0.0000000000
117,30,3,0,0.0000000000
117,31,1,0,0.0000000000
117,31,2,0,0.0000000000
117,31,3,0,0.0000000000
117,32,1,0,0.0000000000
117,32,2,0,0.0000000000
117,32,3,0,0.0000000000
117,33,1,0,0.0000000000
117,33,2,0,0.0000000000
117,33,3,0,0.0000000000
117,34,1,0,0.0000000000
117,34,2,0,0.0000000000
117,34,3,0,0.0000000000
117,35,1,0,0.0000000000
117,35,2,0,0.0000000000
117,35,3,0,0.0000000000
117,36,1,0,0.0000000000
117,36,2,0,0.0000000000
117,36,3,0,0.0000000000
117,37,1,0,0.0000000000
117,37,2,0,0.0000000000
117,37,3,0,0.0000000000
117,38,1,0,0.0000000000
117,38,2,0,0.0000000000
117,38,3,0,0.0000000000
117,39,1,0,0.0000000000
117,39,2,0,0.0000000000
117,39,3,0,0.0000000000
117,40,1,0,0.0000000000
117,40,2,0,0.0000000000
117,40,3,0,0.0000000000
117,41,1,0,0.0000000000
117,41,2,0,0.0000000000
117,41,3,0,0.0000000000
117,42,1,0,0.0000000000
117,42,2,0,0.0000000000
117,42,3,0,0.0000000000
117,43,1,0,0.0000000000
117,43,2,0,0.0000000000
117,43,3,0,0.0000000000
117,44,1,0,0.0000000000
117,44,2,0,0.0000000000
117,44,3,0,0.0000000000
117,45,1,0,0.0000000000
117,45,2,0,0.0000000000
117,45,3,0,0.0000000000
117,46,1,0,0.0000000000
117,46,2,0,0.0000000000
117,46,3,0,0.0000000000
117,47,1,0,0.0000000000
117,47,2,0,0.0000000000
117,47,3,0,0.0000000000
117,48,1,0,0.0000000000
117,48,2,0,0.0000000000
117,48,3,0,0.0000000000
117,49,1,0,0.0000000000
117,49,2,0,0.0000000000
117,49,3,0,0.0000000000
117,50,1,0,0.0000000000
117,50,2,0,0.0000000000
117,50,3,0,0.0000000000
117,51,1,0,0.0000000000
117,51,2,0,0.0000000000
117,51,3,0,0.0000000000
117,52,1,0,0.0000000000
117,52,2,0,0.0000000000
117,52,3,0,0.0000000000
117,53,1,0,0.0000000000
117,53,2,0,0.0000000000
117,53,3,0,0.0000000000
117,54,1,0,0.0000000000
117,54,2,0,0.0000000000
117,54,3,0,0.0000000000
117,55,1,0,0.0000000000
117,55,2,0,0.0000000000
117,55,3,0,0.0000000000
117,56,1,0,0.0000000000
117,56,2,0,0.0000000000
117,56,3,0,0.0000000000
117,57,1,0,0.0000000000
117,57,2,0,0.0000000000
117,57,3,0,0.0000000000
117,58,1,0,0.0000000000
117,58,2,0,0.0000000000
117,58,3,0,0.0000000000
117,59,1,0,0.0000000000
117,59,2,0,0.0000000000
117,59,3,0,0.0000000000
117,60,1,0,0.0000000000
117,60,2,0,0.0000000000
117,60,3,0,0.0000000000
117,61,1,0,0.0000000000
117,61,2,0,0.0000000000
117,61,3,0,0.0000000000
117,62,1,0,0.0000000000
117,62,2,0,0.0000000000
117,62,3,0,0.0000000000
117,63,1,0,0.0000000000
117,63,2,0,0.0000000000
117,63,3,0,0.0000000000
117,64,1,0,0.0000000000
117,64,2,0,0.0000000000
117,64,3,0,0.0000000000
117,65,1,0,0.0000000000
117,65,2,0,0.0000000000
117,65,3,0,0.0000000000
117,66,1,0,0.0000000000
117,66,2,0,0.0000000000
117,66,3,0,0.0000000000
117,67,1,0,0.0000000000
117,67,2,0,0.0000000000
117,67,3,0,0.0000000000
117,68,1,0,0.0000000000
117,68,2,0,0.0000000000
117,68,3,0,0.0000000000
117,69,1,0,0.0000000000
117,69,2,0,0.0000000000
117,69,3,0,0.0000000000
117,70,1,0,0.0000000000
117,70,2,0,0.0000000000
117,70,3,0,0.0000000000
117,71,1,0,0.0000000000
117,71,2,0,0.0000000000
117,71,3,0,0.0000000000
117,72,1,0,0.0000000000
117,72,2,0,0.0000000000
117,72,3,0,0.0000000000
117,73,1,0,0.0000000000
117,73,2,0,0.0000000000
117,73,3,0,0.0000000000
117,74,1,0,0.0000000000
117,74,2,0,0.0000000000
117,74,3,0,0.0000000000
117,75,1,0,0.0000000000
117,75,2,0,0.0000000000
117,75,3,0,0.0000000000
117,76,1,0,0.0000000000
117,76,2,0,0.0000000000
117,76,3,0,0.0000000000
117,77,1,0,0.0000000000
117,77,2,0,0.0000000000
117,77,3,0,0.0000000000
117,78,1,0,0.0000000000
117,78,2,0,0.0000000000
117,78,3,0,0.0000000000
117,79,1,0,0.0000000000
117,79,2,0,0.0000000000
117,79,3,0,0.0000000000
117,80,1,0,0.0000000000
117,80,2,0,0.0000000000
117,80,3,0,0.0000000000
117,81,1,0,0.0000000000
117,81,2,0,0.0000000000
117,81,3,0,0.0000000000
117,82,1,0,0.0000000000
117,82,2,0,0.0000000000
117,82,3,0,0.0000000000
117,83,1,0,0.0000000000
117,83,2,0,0.0000000000
117,83,3,0,0.0000000000
117,84,1,0,0.0000000000
117,84,2,0,0.0000000000
117,84,3,0,0.0000000000
117,85,1,0,0.0000000000
117,85,2,0,0.0000000000
117,85,3,0,0.0000000000
117,86,1,0,0.0000000000
117,86,2,0,0.0000000000
117,86,3,0,0.0000000000
117,87,1,0,0.0000000000
117,87,2,0,0.0000000000
117,87,3,0,0.0000000000
117,88,1,0,0.0000000000
117,88,2,0,0.0000000000
117,88,3,0,0.0000000000
117,89,1,0,0.0000000000
117,89,2,0,0.0000000000
117,89,3,0,0.0000000000
117,90,1,0,0.0000000000
117,90,2,0,0.0000000000
117,90,3,0,0.0000000000
117,91,1,0,0.0000000000
117,91,2,0,0.0000000000
117,91,3,0,0.0000000000
117,92,1,0,0.0000000000
117,92,2,0,0.0000000000
117,92,3,0,0.0000000000
117,93,1,0,0.0000000000
117,93,2,0,0.0000000000
117,93,3,0,0.0000000000
117,94,1,0,0.0000000000
117,94,2,0,0.0000000000
117,94,3,0,0.0000000000
117,95,1,0,0.0000000000
117,95,2,0,0.0000000000
117,95,3,0,0.0000000000
117,96,1,0,0.0000000000
117,96,2,0,0.0000000000
117,96,3,0,0.0000000000
117,97,1,0,0.0000000000
117,97,2,0,0.0000000000
117,97,3,0,0.0000000000
117,98,1,0,0.0000000000
117,98,2,0,0.0000000000
117,98,3,0,0.0000000000
117,99,1,0,0.0000000000
117,99,2,0,0.0000000000
117,99,3,0,0.0000000000
117,100,1,0,0.0000000000
117,100,2,0,0.0000000000
117,100,3,0,0.0000000000
117,101,1,0,0.0000000000
117,101,2,0,0.0000000000
117,101,3,0,0.0000000000
117,102,1,0,0.0000000000
117,102,2,0,0.0000000000
117,102,3,0,0.0000000000
117,103,1,0,0.0000000000
117,103,2,0,0.0000000000
117,103,3,0,0.0000000000
117,104,1,0,0.0000000000
117,104,2,0,0.0000000000
117,104,3,0,0.0000000000
117,105,1,0,0.0000000000
117,105,2,0,0.0000000000
117,105,3,0,0.0000000000
117,106,1,0,0.0000000000
117,106,2,0,0.0000000000
117,106,3,0,0.0000000000
117,107,1,0,0.0000000000
117,107,2,0,0.0000000000
117,107,3,0,0.0000000000
117,108,1,0,0.0000000000
117,108,2,0,0.0000000000
117,108,3,0,0.0000000000
117,109,1,0,0.0000000000
117,109,2,0,0.0000000000
117,109,3,0,0.0000000000
117,110,1,0,0.0000000000
117,110,2,0,0.0000000000
117,110,3,0,0.0000000000
117,111,1,0,0.0000000000
117,111,2,0,0.0000000000
117,111,3,0,0.0000000000
117,112,1,0,0.0000000000
117,112,2,0,0.0000000000
117,112,3,0,0.0000000000
117,113,1,0,0.0000000000
117,113,2,0,0.0000000000
117,113,3,0,0.0000000000
117,114,1,0,0.0000000000
117,114,2,0,0.0000000000
117,114,3,0,0.0000000000
117,115,1,0,0.0000000000
117,115,2,0,0.0000000000
117,115,3,0,0.0000000000
117,116,1,0,0.0000000000
117,116,2,0,0.0000000000
117,116,3,0,0.0000000000
117,117,1,0,0.0000000000
117,117,2,0,0.0000000000
117,117,3,0,0.0000000000
117,118,1,0,0.0000000000
117,118,2,0,0.0000000000
117,118,3,0,0.0000000000
117,119,1,0,0.0000000000
117,119,2,0,0.0000000000
117,119,3,0,0.0000000000
117,120,1,0,0.0000000000
117,120,2,0,0.0000000000
117,120,3,0,0.0000000000
117,121,1,0,0.0000000000
117,121,2,0,0.0000000000
117,121,3,0,0.0000000000
117,122,1,0,0.0000000000
117,122,2,0,0.0000000000
117,122,3,0,0.0000000000
117,123,1,0,0.0000000000
117,123,2,0,0.0000000000
117,123,3,0,0.0000000000
117,124,1,0,0.0000000000
117,124,2,0,0.0000000000
117,124,3,0,0.0000000000
117,125,1,0,0.0000000000
117,125,2,0,0.0000000000
117,125,3,0,0.0000000000
117,126,1,0,0.0000000000
117,126,2,0,0.0000000000
117,126,3,0,0.0000000000
117,127,1,0,0.0000000000
117,127,2,0,0.0000000000
117,127,3,0,0.0000000000
117,128,1,0,0.0000000000
117,128,2,0,0.0000000000
117,128,3,0,0.0000000000
117,129,1,0,0.0000000000
117,129,2,0,0.0000000000
117,129,3,0,0.0000000000
117,130,1,0,0.0000000000
117,130,2,0,0.0000000000
117,130,3,0,0.0000000000
117,131,1,0,0.0000000000
117,131,2,0,0.0000000000
117,131,3,0,0.0000000000
117,132,1,0,0.0000000000
117,132,2,0,0.0000000000
117,132,3,0,0.0000000000
117,133,1,0,0.0000000000
117,133,2,0,0.0000000000
117,133,3,0,0.0000000000
117,134,1,0,0.0000000000
117,134,2,0,0.0000000000
117,134,3,0,0.0000000000
117,135,1,0,0.0000000000
117,135,2,0,0.0000000000
117,135,3,0,0.0000000000
117,136,1,0,0.0000000000
117,136,2,0,0.0000000000
117,136,3,0,0.0000000000
117,137,1,0,0.0000000000
117,137,2,0,0.0000000000
117,137,3,0,0.0000000000
117,138,1,0,0.0000000000
117,138,2,0,0.0000000000
117,138,3,0,0.0000000000
117,139,1,0,0.0000000000
117,139,2,0,0.0000000000
117,139,3,0,0.0000000000
117,140,1,0,0.0000000000
117,140,2,0,0.0000000000
117,140,3,0,0.0000000000
117,141,1,0,0.0000000000
117,141,2,0,0.0000000000
117,141,3,0,0.0000000000
117,142,1,0,0.0000000000
117,142,2,0,0.0000000000
117,142,3,0,0.0000000000
117,143,1,0,0.0000000000
117,143,2,0,0.0000000000
117,143,3,0,0.0000000000
117,144,1,0,0.0000000000
117,144,2,0,0.0000000000
117,144,3,0,0.0000000000
117,145,1,0,0.0000000000
117,145,2,0,0.0000000000
117,145,3,0,0.0000000000
117,146,1,0,0.0000000000
117,146,2,0,0.0000000000
117,146,3,0,0.0000000000
117,147,1,0,0.0000000000
117,147,2,0,0.0000000000
117,147,3,0,0.0000000000
117,148,1,0,0.0000000000
117,148,2,0,0.0000000000
117,148,3,0,0.0000000000
117,149,1,0,0.0000000000
117,149,2,0,0.0000000000
117,149,3,0,0.0000000000
117,150,1,0,0.0000000000
117,150,2,0,0.0000000000
117,150,3,0,0.0000000000
117,151,1,0,0.0000000000
117,151,2,0,0.0000000000
117,151,3,0,0.0000000000
117,152,1,0,0.0000000000
117,152,2,0,0.0000000000
117,152,3,0,0.0000000000
117,153,1,0,0.0000000000
117,153,2,0,0.0000000000
117,153,3,0,0.0000000000
117,154,1,0,0.0000000000
117,154,2,0,0.0000000000
117,154,3,0,0.0000000000
117,155,1,0,0.0000000000
117,155,2,0,0.0000000000
117,155,3,0,0.0000000000
117,156,1,0,0.0000000000
117,156,2,0,0.0000000000
117,156,3,0,0.0000000000
117,157,1,0,0.0000000000
117,157,2,0,0.0000000000
117,157,3,0,0.0000000000
117,158,1,0,0.0000000000
117,158,2,0,0.0000000000
117,158,3,0,0.0000000000
117,159,1,0,0.0000000000
117,159,2,0,0.0000000000
117,159,3,0,0.0000000000
117,160,1,0,0.0000000000
117,160,2,0,0.0000000000
117,160,3,0,0.0000000000
117,161,1,0,0.0000000000
117,161,2,0,0.0000000000
117,161,3,0,0.0000000000
117,162,1,0,0.0000000000
117,162,2,0,0.0000000000
117,162,3,0,0.0000000000
117,163,1,0,0.0000000000
117,163,2,0,0.0000000000
117,163,3,0,0.0000000000
117,164,1,0,0.0000000000
117,164,2,0,0.0000000000
117,164,3,0,0.0000000000
117,165,1,0,0.0000000000
117,165,2,0,0.0000000000
117,165,3,0,0.0000000000
117,166,1,0,0.0000000000
117,166,2,0,0.0000000000
117,166,3,0,0.0000000000
117,167,1,0,0.0000000000
117,167,2,0,0.0000000000
117,167,3,0,0.0000000000
117,168,1,0,0.0000000000
117,168,2,0,0.0000000000
117,168,3,0,0.0000000000
118,1,1,0,0.0000000000
118,1,2,0,0.0000000000
118,1,3,0,0.0000000000
118,2,1,0,0.0000000000
118,2,2,0,0.0000000000
118,2,3,0,0.0000000000
118,3,1,0,0.0000000000
118,3,2,0,0.0000000000
118,3,3,0,0.0000000000
118,4,1,0,0.0000000000
118,4,2,0,0.0000000000
118,4,3,0,0.0000000000
118,5,1,0,0.0000000000
118,5,2,0,0.0000000000
118,5,3,0,0.0000000000
118,6,1,0,0.0000000000
118,6,2,0,0.0000000000
118,6,3,0,0.0000000000
118,7,1,0,0.0000000000
118,7,2,0,0.0000000000
118,7,3,0,0.0000000000
118,8,1,0,0.0000000000
118,8,2,0,0.0000000000
118,8,3,0,0.0000000000
118,9,1,0,0.0000000000
118,9,2,0,0.0000000000
118,9,3,0,0.0000000000
118,10,1,0,0.0000000000
118,10,2,0,0.0000000000
118,10,3,0,0.0000000000
118,11,1,0,0.0000000000
118,11,2,0,0.0000000000
118,11,3,0,0.0000000000
118,12,1,0,0.0000000000
118,12,2,0,0.0000000000
118,12,3,0,0.0000000000
118,13,1,0,0.0000000000
118,13,2,0,0.0000000000
118,13,3,0,0.0000000000
118,14,1,0,0.0000000000
118,14,2,0,0.0000000000
118,14,3,0,0.0000000000
118,15,1,0,0.0000000000
118,15,2,0,0.0000000000
118,15,3,0,0.0000000000
118,16,1,0,0.0000000000
118,16,2,0,0.0000000000
118,16,3,0,0.0000000000
118,17,1,0,0.0000000000
118,17,2,0,0.0000000000
118,17,3,0,0.0000000000
118,18,1,0,0.0000000000
118,18,2,0,0.0000000000
118,18,3,0,0.0000000000
118,19,1,0,0.0000000000
118,19,2,0,0.0000000000
118,19,3,0,0.0000000000
118,20,1,0,0.0000000000
118,20,2,0,0.0000000000
118,20,3,0,0.0000000000
118,21,1,0,0.0000000000
118,21,2,0,0.0000000000
118,21,3,0,0.0000000000
118,22,1,0,0.0000000000
118,22,2,0,0.0000000000
118,22,3,0,0.0000000000
118,23,1,0,0.0000000000
118,23,2,0,0.0000000000
118,23,3,0,0.0000000000
118,24,1,0,0.0000000000
118,24,2,0,0.0000000000
118,24,3,0,0.0000000000
118,25,1,0,0.0000000000
118,25,2,0,0.0000000000
118,25,3,0,0.0000000000
118,26,1,0,0.0000000000
118,26,2,0,0.0000000000
118,26,3,0,0.0000000000
118,27,1,0,0.0000000000
118,27,2,0,0.0000000000
118,27,3,0,0.0000000000
118,28,1,0,0.0000000000
118,28,2,0,0.0000000000
118,28,3,0,0.0000000000
118,29,1,0,0.0000000000
118,29,2,0,0.0000000000
118,29,3,0,0.0000000000
118,30,1,0,0.0000000000
118,30,2,0,0.0000000000
118,30,3,0,0.0000000000
118,31,1,0,0.0000000000
118,31,2,0,0.0000000000
118,31,3,0,0.0000000000
118,32,1,0,0.0000000000
118,32,2,0,0.0000000000
118,32,3,0,0.0000000000
118,33,1,0,0.0000000000
118,33,2,0,0.0000000000
118,33,3,0,0.0000000000
118,34,1,0,0.0000000000
118,34,2,0,0.0000000000
118,34,3,0,0.0000000000
118,35,1,0,0.0000000000
118,35,2,0,0.0000000000
118,35,3,0,0.0000000000
118,36,1,0,0.0000000000
118,36,2,0,0.0000000000
118,36,3,0,0.0000000000
118,37,1,0,0.0000000000
118,37,2,0,0.0000000000
118,37,3,0,0.0000000000
118,38,1,0,0.0000000000
118,38,2,0,0.0000000000
118,38,3,0,0.0000000000
118,39,1,0,0.0000000000
118,39,2,0,0.0000000000
118,39,3,0,0.0000000000
118,40,1,0,0.0000000000
118,40,2,0,0.0000000000
118,40,3,0,0.0000000000
118,41,1,0,0.0000000000
118,41,2,0,0.0000000000
118,41,3,0,0.0000000000
118,42,1,0,0.0000000000
118,42,2,0,0.0000000000
118,42,3,0,0.0000000000
118,43,1,0,0.0000000000
118,43,2,0,0.0000000000
118,43,3,0,0.0000000000
118,44,1,0,0.0000000000
118,44,2,0,0.0000000000
118,44,3,0,0.0000000000
118,45,1,0,0.0000000000
118,45,2,0,0.0000000000
118,45,3,0,0.0000000000
118,46,1,0,0.0000000000
118,46,2,0,0.0000000000
118,46,3,0,0.0000000000
118,47,1,0,0.0000000000
118,47,2,0,0.0000000000
118,47,3,0,0.0000000000
118,48,1,0,0.0000000000
118,48,2,0,0.0000000000
118,48,3,0,0.0000000000
118,49,1,0,0.0000000000
118,49,2,0,0.0000000000
118,49,3,0,0.0000000000
118,50,1,0,0.0000000000
118,50,2,0,0.0000000000
118,50,3,0,0.0000000000
118,51,1,0,0.0000000000
118,51,2,0,0.0000000000
118,51,3,0,0.0000000000
118,52,1,0,0.0000000000
118,52,2,0,0.0000000000
118,52,3,0,0.0000000000
118,53,1,0,0.0000000000
118,53,2,0,0.0000000000
118,53,3,0,0.0000000000
118,54,1,0,0.0000000000
118,54,2,0,0.0000000000
118,54,3,0,0.0000000000
118,55,1,0,0.0000000000
118,55,2,0,0.0000000000
118,55,3,0,0.0000000000
118,56,1,0,0.0000000000
118,56,2,0,0.0000000000
118,56,3,0,0.0000000000
118,57,1,0,0.0000000000
118,57,2,0,0.0000000000
118,57,3,0,0.0000000000
118,58,1,0,0.0000000000
118,58,2,0,0.0000000000
118,58,3,0,0.0000000000
118,59,1,0,0.0000000000
118,59,2,0,0.0000000000
118,59,3,0,0.0000000000
118,60,1,0,0.0000000000
118,60,2,0,0.0000000000
118,60,3,0,0.0000000000
118,61,1,0,0.0000000000
118,61,2,0,0.0000000000
118,61,3,0,0.0000000000
118,62,1,0,0.0000000000
118,62,2,0,0.0000000000
118,62,3,0,0.0000000000
118,63,1,0,0.0000000000
118,63,2,0,0.0000000000
118,63,3,0,0.0000000000
118,64,1,0,0.0000000000
118,64,2,0,0.0000000000
118,64,3,0,0.0000000000
118,65,1,0,0.0000000000
118,65,2,0,0.0000000000
118,65,3,0,0.0000000000
118,66,1,0,0.0000000000
118,66,2,0,0.0000000000
118,66,3,0,0.0000000000
118,67,1,0,0.0000000000
118,67,2,0,0.0000000000
118,67,3,0,0.0000000000
118,68,1,0,0.0000000000
118,68,2,0,0.0000000000
118,68,3,0,0.0000000000
118,69,1,0,0.0000000000
118,69,2,0,0.0000000000
118,69,3,0,0.0000000000
118,70,1,0,0.0000000000
118,70,2,0,0.0000000000
118,70,3,0,0.0000000000
118,71,1,0,0.0000000000
118,71,2,0,0.0000000000
118,71,3,0,0.0000000000
118,72,1,0,0.0000000000
118,72,2,0,0.0000000000
118,72,3,0,0.0000000000
118,73,1,0,0.0000000000
118,73,2,0,0.0000000000
118,73,3,0,0.0000000000
118,74,1,0,0.0000000000
118,74,2,0,0.0000000000
118,74,3,0,0.0000000000
118,75,1,0,0.0000000000
118,75,2,0,0.0000000000
118,75,3,0,0.0000000000
118,76,1,0,0.0000000000
118,76,2,0,0.0000000000
118,76,3,0,0.0000000000
118,77,1,0,0.0000000000
118,77,2,0,0.0000000000
118,77,3,0,0.0000000000
118,78,1,0,0.0000000000
118,78,2,0,0.0000000000
118,78,3,0,0.0000000000
118,79,1,0,0.0000000000
118,79,2,0,0.0000000000
118,79,3,0,0.0000000000
118,80,1,0,0.0000000000
118,80,2,0,0.0000000000
118,80,3,0,0.0000000000
118,81,1,0,0.0000000000
118,81,2,0,0.0000000000
118,81,3,0,0.0000000000
118,82,1,0,0.0000000000
118,82,2,0,0.0000000000
118,82,3,0,0.0000000000
118,83,1,0,0.0000000000
118,83,2,0,0.0000000000
118,83,3,0,0.0000000000
118,84,1,0,0.0000000000
118,84,2,0,0.0000000000
118,84,3,0,0.0000000000
118,85,1,0,0.0000000000
118,85,2,0,0.0000000000
118,85,3,0,0.0000000000
118,86,1,0,0.0000000000
118,86,2,0,0.0000000000
118,86,3,0,0.0000000000
118,87,1,0,0.0000000000
118,87,2,0,0.0000000000
118,87,3,0,0.0000000000
118,88,1,0,0.0000000000
118,88,2,0,0.0000000000
118,88,3,0,0.0000000000
118,89,1,0,0.0000000000
118,89,2,0,0.0000000000
118,89,3,0,0.0000000000
118,90,1,0,0.0000000000
118,90,2,0,0.0000000000
118,90,3,0,0.0000000000
118,91,1,0,0.0000000000
118,91,2,0,0.0000000000
118,91,3,0,0.0000000000
118,92,1,0,0.0000000000
118,92,2,0,0.0000000000
118,92,3,0,0.0000000000
118,93,1,0,0.0000000000
118,93,2,0,0.0000000000
118,93,3,0,0.0000000000
118,94,1,0,0.0000000000
118,94,2,0,0.0000000000
118,94,3,0,0.0000000000
118,95,1,0,0.0000000000
118,95,2,0,0.0000000000
118,95,3,0,0.0000000000
118,96,1,0,0.0000000000
118,96,2,0,0.0000000000
118,96,3,0,0.0000000000
118,97,1,0,0.0000000000
118,97,2,0,0.0000000000
118,97,3,0,0.0000000000
118,98,1,0,0.0000000000
118,98,2,0,0.0000000000
118,98,3,0,0.0000000000
118,99,1,0,0.0000000000
118,99,2,0,0.0000000000
118,99,3,0,0.0000000000
118,100,1,0,0.0000000000
118,100,2,0,0.0000000000
118,100,3,0,0.0000000000
118,101,1,0,0.0000000000
118,101,2,0,0.0000000000
118,101,3,0,0.0000000000
118,102,1,0,0.0000000000
118,102,2,0,0.0000000000
118,102,3,0,0.0000000000
118,103,1,0,0.0000000000
118,103,2,0,0.0000000000
118,103,3,0,0.0000000000
118,104,1,0,0.0000000000
118,104,2,0,0.0000000000
118,104,3,0,0.0000000000
118,105,1,0,0.0000000000
118,105,2,0,0.0000000000
118,105,3,0,0.0000000000
118,106,1,0,0.0000000000
118,106,2,0,0.0000000000
118,106,3,0,0.0000000000
118,107,1,0,0.0000000000
118,107,2,0,0.0000000000
118,107,3,0,0.0000000000
118,108,1,0,0.0000000000
118,108,2,0,0.0000000000
118,108,3,0,0.0000000000
118,109,1,0,0.0000000000
118,109,2,0,0.0000000000
118,109,3,0,0.0000000000
118,110,1,0,0.0000000000
118,110,2,0,0.0000000000
118,110,3,0,0.0000000000
118,111,1,0,0.0000000000
118,111,2,0,0.0000000000
118,111,3,0,0.0000000000
118,112,1,0,0.0000000000
118,112,2,0,0.0000000000
118,112,3,0,0.0000000000
118,113,1,0,0.0000000000
118,113,2,0,0.0000000000
118,113,3,0,0.0000000000
118,114,1,0,0.0000000000
118,114,2,0,0.0000000000
118,114,3,0,0.0000000000
118,115,1,0,0.0000000000
118,115,2,0,0.0000000000
118,115,3,0,0.0000000000
118,116,1,0,0.0000000000
118,116,2,0,0.0000000000
118,116,3,0,0.0000000000
118,117,1,0,0.0000000000
118,117,2,0,0.0000000000
118,117,3,0,0.0000000000
118,118,1,0,0.0000000000
118,118,2,0,0.0000000000
118,118,3,0,0.0000000000
118,119,1,0,0.0000000000
118,119,2,0,0.0000000000
118,119,3,0,0.0000000000
118,120,1,0,0.0000000000
118,120,2,0,0.0000000000
118,120,3,0,0.0000000000
118,121,1,0,0.0000000000
118,121,2,0,0.0000000000
118,121,3,0,0.0000000000
118,122,1,0,0.0000000000
118,122,2,0,0.0000000000
118,122,3,0,0.0000000000
118,123,1,0,0.0000000000
118,123,2,0,0.0000000000
118,123,3,0,0.0000000000
118,124,1,0,0.0000000000
118,124,2,0,0.0000000000
118,124,3,0,0.0000000000
118,125,1,0,0.0000000000
118,125,2,0,0.0000000000
118,125,3,0,0.0000000000
118,126,1,0,0.0000000000
118,126,2,0,0.0000000000
118,126,3,0,0.0000000000
118,127,1,0,0.0000000000
118,127,2,0,0.0000000000
118,127,3,0,0.0000000000
118,128,1,0,0.0000000000
118,128,2,0,0.0000000000
118,128,3,0,0.0000000000
118,129,1,0,0.0000000000
118,129,2,0,0.0000000000
118,129,3,0,0.0000000000
118,130,1,0,0.0000000000
118,130,2,0,0.0000000000
118,130,3,0,0.0000000000
118,131,1,0,0.0000000000
118,131,2,0,0.0000000000
118,131,3,0,0.0000000000
118,132,1,0,0.0000000000
118,132,2,0,0.0000000000
118,132,3,0,0.0000000000
118,133,1,0,0.0000000000
118,133,2,0,0.0000000000
118,133,3,0,0.0000000000
118,134,1,0,0.0000000000
118,134,2,0,0.0000000000
118,134,3,0,0.0000000000
118,135,1,0,0.0000000000
118,135,2,0,0.0000000000
118,135,3,0,0.0000000000
118,136,1,0,0.0000000000
118,136,2,0,0.0000000000
118,136,3,0,0.0000000000
118,137,1,0,0.0000000000
118,137,2,0,0.0000000000
118,137,3,0,0.0000000000
118,138,1,0,0.0000000000
118,138,2,0,0.0000000000
118,138,3,0,0.0000000000
118,139,1,0,0.0000000000
118,139,2,0,0.0000000000
118,139,3,0,0.0000000000
118,140,1,0,0.0000000000
118,140,2,0,0.0000000000
118,140,3,0,0.0000000000
118,141,1,0,0.0000000000
118,141,2,0,0.0000000000
118,141,3,0,0.0000000000
118,142,1,0,0.0000000000
118,142,2,0,0.0000000000
118,142,3,0,0.0000000000
118,143,1,0,0.0000000000
118,143,2,0,0.0000000000
118,143,3,0,0.0000000000
118,144,1,0,0.0000000000
118,144,2,0,0.0000000000
118,144,3,0,0.0000000000
118,145,1,0,0.0000000000
118,145,2,0,0.0000000000
118,145,3,0,0.0000000000
118,146,1,0,0.0000000000
118,146,2,0,0.0000000000
118,146,3,0,0.0000000000
118,147,1,0,0.0000000000
118,147,2,0,0.0000000000
118,147,3,0,0.0000000000
118,148,1,0,0.0000000000
118,148,2,0,0.0000000000
118,148,3,0,0.0000000000
118,149,1,0,0.0000000000
118,149,2,0,0.0000000000
118,149,3,0,0.0000000000
118,150,1,0,0.0000000000
118,150,2,0,0.0000000000
118,150,3,0,0.0000000000
118,151,1,0,0.0000000000
118,151,2,0,0.0000000000
118,151,3,0,0.0000000000
118,152,1,0,0.0000000000
118,152,2,0,0.0000000000
118,152,3,0,0.0000000000
118,153,1,0,0.0000000000
118,153,2,0,0.0000000000
118,153,3,0,0.0000000000
118,154,1,0,0.0000000000
118,154,2,0,0.0000000000
118,154,3,0,0.0000000000
118,155,1,0,0.0000000000
118,155,2,0,0.0000000000
118,155,3,0,0.0000000000
118,156,1,0,0.0000000000
118,156,2,0,0.0000000000
118,156,3,0,0.0000000000
118,157,1,0,0.0000000000
118,157,2,0,0.0000000000
118,157,3,0,0.0000000000
118,158,1,0,0.0000000000
118,158,2,0,0.0000000000
118,158,3,0,0.0000000000
118,159,1,0,0.0000000000
118,159,2,0,0.0000000000
118,159,3,0,0.0000000000
118,160,1,0,0.0000000000
118,160,2,0,0.0000000000
118,160,3,0,0.0000000000
118,161,1,0,0.0000000000
118,161,2,0,0.0000000000
118,161,3,0,0.0000000000
118,162,1,0,0.0000000000
118,162,2,0,0.0000000000
118,162,3,0,0.0000000000
118,163,1,0,0.0000000000
118,163,2,0,0.0000000000
118,163,3,0,0.0000000000
118,164,1,0,0.0000000000
118,164,2,0,0.0000000000
118,164,3,0,0.0000000000
118,165,1,0,0.0000000000
118,165,2,0,0.0000000000
118,165,3,0,0.0000000000
118,166,1,0,0.0000000000
118,166,2,0,0.0000000000
118,166,3,0,0.0000000000
118,167,1,0,0.0000000000
118,167,2,0,0.0000000000
118,167,3,0,0.0000000000
118,168,1,0,0.0000000000
118,168,2,0,0.0000000000
118,168,3,0,0.0000000000
