w,bus,zone,h,s,net_mw
4,4,1,1,1,274.7112569600
4,4,1,1,2,0.0000000000
4,4,1,1,3,291.9969411200
4,4,1,2,1,278.1726454400
4,4,1,2,2,256.6323635200
4,4,1,2,3,236.3516096000
4,4,1,3,1,307.4868067200
4,4,1,3,2,290.0178441600
4,4,1,3,3,211.4217219200
4,4,1,4,1,317.9810710400
4,4,1,4,2,307.7172067200
4,4,1,4,3,234.9308963200
4,4,1,5,1,251.4490140800
4,4,1,5,2,315.0000550400
4,4,1,5,3,260.3836160000
4,4,1,6,1,269.0638934400
4,4,1,6,2,0.0000000000
4,4,1,6,3,253.4359648000
4,4,1,7,1,279.2034928000
4,4,1,7,2,304.9126400000
4,4,1,7,3,182.1154710400
4,4,1,8,1,294.7367049600
4,4,1,8,2,157.5263459200
4,4,1,8,3,214.3253696000
4,4,1,9,1,275.4337843200
4,4,1,9,2,0.0000000000
4,4,1,9,3,275.2688595200
4,4,1,10,1,296.3963660800
4,4,1,10,2,303.4801897600
4,4,1,10,3,278.1071360000
4,4,1,11,1,314.5702400000
4,4,1,11,2,306.1278374400
4,4,1,11,3,0.0000000000
4,4,1,12,1,0.0000000000
4,4,1,12,2,0.0000000000
4,4,1,12,3,267.3603254400
4,4,1,13,1,310.5562035200
4,4,1,13,2,55.2491890933
4,4,1,13,3,287.9130902400
4,4,1,14,1,245.9854969600
4,4,1,14,2,293.9405475200
4,4,1,14,3,294.9007187200
4,4,1,15,1,265.3026928000
4,4,1,15,2,292.1855574400
4,4,1,15,3,271.7899945600
4,4,1,16,1,251.2399785600
4,4,1,16,2,294.7796611200
4,4,1,16,3,267.0383296000
4,4,1,17,1,212.3965180800
4,4,1,17,2,262.6953110400
4,4,1,17,3,286.5073030400
4,4,1,18,1,181.9871459200
4,4,1,18,2,217.3016080000
4,4,1,18,3,209.1610249600
4,4,1,19,1,187.2799673600
4,4,1,19,2,209.2170240000
4,4,1,19,3,164.3521065600
4,4,1,20,1,228.7087945600
4,4,1,20,2,227.1117884800
4,4,1,20,3,148.6126643200
4,4,1,21,1,195.7259520000
4,4,1,21,2,257.2292339200
4,4,1,21,3,188.0473600000
4,4,1,22,1,262.1926835200
4,4,1,22,2,276.6825004800
4,4,1,22,3,158.1581017600
4,4,1,23,1,293.0179036800
4,4,1,23,2,244.7099660800
4,4,1,23,3,172.0369897600
4,4,1,24,1,266.5906764800
4,4,1,24,2,238.2998185600
4,4,1,24,3,189.2710400000
4,4,1,25,1,280.0438236800
4,4,1,25,2,249.6741097600
4,4,1,25,3,172.9846236800
4,4,1,26,1,264.7112387200
4,4,1,26,2,239.9500582400
4,4,1,26,3,169.7370035200
4,4,1,27,1,274.2086291200
4,4,1,27,2,224.2703619200
4,4,1,27,3,145.7697625600
4,4,1,28,1,300.1686780800
4,4,1,28,2,250.2317126400
4,4,1,28,3,189.6962169600
4,4,1,29,1,170.6226134400
4,4,1,29,2,293.5539200000
4,4,1,29,3,228.5613654400
4,4,1,30,1,107.5145545600
4,4,1,30,2,298.3332880000
4,4,1,30,3,175.6202304000
4,4,1,31,1,137.3101558400
4,4,1,31,2,274.2871648000
4,4,1,31,3,177.5154982400
4,4,1,32,1,224.9755334400
4,4,1,32,2,278.5359404800
4,4,1,32,3,185.9836963200
4,4,1,33,1,218.7534320000
4,4,1,33,2,272.9206454400
4,4,1,33,3,242.3559376000
4,4,1,34,1,294.8172800000
4,4,1,34,2,294.3833600000
4,4,1,34,3,60.5169065600
4,4,1,35,1,264.3052908800
4,4,1,35,2,290.9524176000
4,4,1,35,3,253.0040188800
4,4,1,36,1,240.0537600000
4,4,1,36,2,294.2056134400
4,4,1,36,3,202.5552272000
4,4,1,37,1,260.3078291200
4,4,1,37,2,304.8079187200
4,4,1,37,3,205.0233273600
4,4,1,38,1,212.2720758400
4,4,1,38,2,264.4309478400
4,4,1,38,3,187.9229180800
4,4,1,39,1,220.3423145600
4,4,1,39,2,229.2139945600
4,4,1,39,3,165.6236800000
4,4,1,40,1,180.5558236800
4,4,1,40,2,190.4739795200
4,4,1,40,3,181.4935865600
4,4,1,41,1,158.6516611200
4,4,1,41,2,176.7751593600
4,4,1,41,3,200.7404473600
4,4,1,42,1,87.2928540800
4,4,1,42,2,212.4276284800
4,4,1,42,3,173.8236745600
4,4,1,43,1,164.7717964800
4,4,1,43,2,218.3801059200
4,4,1,43,3,147.7148800000
4,4,1,44,1,176.3010134400
4,4,1,44,2,207.5854505600
4,4,1,44,3,169.6736000000
4,4,1,45,1,182.3622508800
4,4,1,45,2,172.4219660800
4,4,1,45,3,153.7555526400
4,4,1,46,1,224.9547932800
4,4,1,46,2,216.1712595200
4,4,1,46,3,183.6060204800
4,4,1,47,1,251.9437884800
4,4,1,47,2,251.6139388800
4,4,1,47,3,172.2936406400
4,4,1,48,1,275.5751484800
4,4,1,48,2,253.6108374400
4,4,1,48,3,216.0084480000
4,4,1,49,1,243.7973910400
4,4,1,49,2,283.1773939200
4,4,1,49,3,156.2430915200
4,4,1,50,1,211.8157884800
4,4,1,50,2,251.4725750400
4,4,1,50,3,249.8861558400
4,4,1,51,1,210.0839702400
4,4,1,51,2,269.9205859200
4,4,1,51,3,256.6480704000
4,4,1,52,1,218.0171497600
4,4,1,52,2,258.1873680000
4,4,1,52,3,237.4612176000
4,4,1,53,1,193.3295785600
4,4,1,53,2,276.7247785600
4,4,1,53,3,218.3844265600
4,4,1,54,1,253.1218224000
4,4,1,54,2,297.1305219200
4,4,1,54,3,180.5558236800
4,4,1,55,1,304.1401491200
4,4,1,55,2,270.3289708800
4,4,1,55,3,191.4280352000
4,4,1,56,1,319.0107120000
4,4,1,56,2,296.6619120000
4,4,1,56,3,230.4717235200
4,4,1,57,1,318.4444745600
4,4,1,57,2,302.3399049600
4,4,1,57,3,256.3653424000
4,4,1,58,1,315.1252135151
4,4,1,58,2,282.0379734400
4,4,1,58,3,286.5711785600
4,4,1,59,1,316.5524611200
4,4,1,59,2,266.7084800000
4,4,1,59,3,297.0485152000
4,4,1,60,1,309.8650035200
4,4,1,60,2,267.7530035200
4,4,1,60,3,271.4049084800
4,4,1,61,1,302.1056000000
4,4,1,61,2,259.7188121600
4,4,1,61,3,199.5167673600
4,4,1,62,1,273.2583484800
4,4,1,62,2,246.6284473600
4,4,1,62,3,213.3090928000
4,4,1,63,1,238.3100160000
4,4,1,63,2,209.2680105600
4,4,1,63,3,218.9452800000
4,4,1,64,1,196.7271920000
4,4,1,64,2,150.3499932800
4,4,1,64,3,202.5552272000
4,4,1,65,1,229.5695187200
4,4,1,65,2,195.4412908800
4,4,1,65,3,213.9661683200
4,4,1,66,1,233.5309235200
4,4,1,66,2,188.0058793600
4,4,1,66,3,209.0262128000
4,4,1,67,1,226.5932800000
4,4,1,67,2,149.4566085223
4,4,1,67,3,244.6373750400
4,4,1,68,1,259.0321494400
4,4,1,68,2,201.1611305600
4,4,1,68,3,237.7412121600
4,4,1,69,1,259.3182806400
4,4,1,69,2,224.8510915200
4,4,1,69,3,237.5554134400
4,4,1,70,1,273.4625411200
4,4,1,70,2,258.4700963200
4,4,1,70,3,230.6894969600
4,4,1,71,1,252.5563660800
4,4,1,71,2,264.6115795200
4,4,1,71,3,201.4559891200
4,4,1,72,1,272.3708963200
4,4,1,72,2,294.9314208000
4,4,1,72,3,185.7451824000
4,4,1,73,1,268.4127024000
4,4,1,73,2,299.8601763200
4,4,1,73,3,205.5522060800
4,4,1,74,1,236.1856867200
4,4,1,74,2,300.9301696000
4,4,1,74,3,147.9414236800
4,4,1,75,1,212.0231920000
4,4,1,75,2,302.7968000000
4,4,1,75,3,162.0769625600
4,4,1,76,1,228.7917558400
4,4,1,76,2,268.6718697600
4,4,1,76,3,169.1842169600
4,4,1,77,1,231.8551040000
4,4,1,77,2,266.8046489600
4,4,1,77,3,182.3918643200
4,4,1,78,1,256.6794848000
4,4,1,78,2,279.9495811200
4,4,1,78,3,153.7950374400
4,4,1,79,1,275.0411065600
4,4,1,79,2,196.3953465600
4,4,1,79,3,162.0177356800
4,4,1,80,1,296.0956745600
4,4,1,80,2,160.2606643200
4,4,1,80,3,199.3404745600
4,4,1,81,1,285.4706332800
4,4,1,81,2,289.3667840000
4,4,1,81,3,200.6818560000
4,4,1,82,1,313.6755200000
4,4,1,82,2,302.9725289600
4,4,1,82,3,233.7901776000
4,4,1,83,1,316.8642169600
4,4,1,83,2,259.5957697910
4,4,1,83,3,211.2661696000
4,4,1,84,1,306.6433084800
4,4,1,84,2,0.0000000000
4,4,1,84,3,259.0669667200
4,4,1,85,1,282.8553980800
4,4,1,85,2,316.5713356800
4,4,1,85,3,259.3654019200
4,4,1,86,1,253.8462454400
4,4,1,86,2,305.6826576000
4,4,1,86,3,275.8752854400
4,4,1,87,1,258.6271673600
4,4,1,87,2,303.5348611200
4,4,1,87,3,251.0170684800
4,4,1,88,1,258.8627740800
4,4,1,88,2,303.0154848000
4,4,1,88,3,158.0791321600
4,4,1,89,1,232.9605641600
4,4,1,89,2,296.7296000000
4,4,1,89,3,166.0451795200
4,4,1,90,1,225.2347878400
4,4,1,90,2,28.4729972746
4,4,1,90,3,167.4970665600
4,4,1,91,1,216.3857494400
4,4,1,91,2,271.0279376000
4,4,1,91,3,196.2605340800
4,4,1,92,1,157.7533830400
4,4,1,92,2,247.9306195200
4,4,1,92,3,242.4077884800
4,4,1,93,1,197.8990211200
4,4,1,93,2,262.3104867200
4,4,1,93,3,276.3369436800
4,4,1,94,1,233.3546304000
4,4,1,94,2,264.0287145600
4,4,1,94,3,256.7580204800
4,4,1,95,1,266.8969654400
4,4,1,95,2,0.0000000000
4,4,1,95,3,284.2621014400
4,4,1,96,1,288.3782825600
4,4,1,96,2,262.2005369600
4,4,1,96,3,279.5254889600
4,4,1,97,1,251.3469180800
4,4,1,97,2,296.0956745600
4,4,1,97,3,220.4541395200
4,4,1,98,1,208.6839974400
4,4,1,98,2,0.0000000000
4,4,1,98,3,234.9308963200
4,4,1,99,1,215.9223756800
4,4,1,99,2,0.0000000000
4,4,1,99,3,227.4747443200
4,4,1,100,1,235.2316310400
4,4,1,100,2,156.4405152000
4,4,1,100,3,274.0829721600
4,4,1,101,1,202.2726400000
4,4,1,101,2,178.6694400000
4,4,1,101,3,277.3966505600
4,4,1,102,1,216.9386521600
4,4,1,102,2,223.5859308800
4,4,1,102,3,309.9157696000
4,4,1,103,1,88.7658521600
4,4,1,103,2,166.4400272000
4,4,1,103,3,318.2778576000
4,4,1,104,1,77.0547417600
4,4,1,104,2,244.2951593600
4,4,1,104,3,320.0000000000
4,4,1,105,1,204.9889987200
4,4,1,105,2,240.7900419200
4,4,1,105,3,308.1548606899
4,4,1,106,1,232.3487241600
4,4,1,106,2,182.4065065600
4,4,1,106,3,314.4320000000
4,4,1,107,1,285.8711648000
4,4,1,107,2,209.7313843200
4,4,1,107,3,313.9747930775
4,4,1,108,1,294.2368540800
4,4,1,108,2,233.1575974400
4,4,1,108,3,317.0718374400
4,4,1,109,1,282.6017280000
4,4,1,109,2,284.3397206400
4,4,1,109,3,301.7385219200
4,4,1,110,1,262.4832649600
4,4,1,110,2,306.3426169600
4,4,1,110,3,0.0000000000
4,4,1,111,1,246.1514195200
4,4,1,111,2,316.2726400000
4,4,1,111,3,310.0544000000
4,4,1,112,1,273.0620096000
4,4,1,112,2,0.0000000000
4,4,1,112,3,299.7340691200
4,4,1,113,1,260.7947497600
4,4,1,113,2,316.5947660800
4,4,1,113,3,293.1239049600
4,4,1,114,1,227.2663040000
4,4,1,114,2,314.6370169600
4,4,1,114,3,312.7923200000
4,4,1,115,1,177.0219388800
4,4,1,115,2,289.7167008000
4,4,1,115,3,298.5988339200
4,4,1,116,1,216.7616441600
4,4,1,116,2,260.8340176000
4,4,1,116,3,314.7190236800
4,4,1,117,1,220.9519078400
4,4,1,117,2,197.9081814400
4,4,1,117,3,317.9303049600
4,4,1,118,1,197.1523689600
4,4,1,118,2,188.2443932800
4,4,1,118,3,313.0593625600
4,4,1,119,1,227.8377004800
4,4,1,119,2,260.5120217600
4,4,1,119,3,309.6012800000
4,4,1,120,1,270.7687702400
4,4,1,120,2,243.7559104000
4,4,1,120,3,308.8223459200
4,4,1,121,1,239.5041411200
4,4,1,121,2,258.3915606400
4,4,1,121,3,0.0000000000
4,4,1,122,1,224.7370195200
4,4,1,122,2,304.6009491200
4,4,1,122,3,302.0626441600
4,4,1,123,1,179.9240678400
4,4,1,123,2,316.1730169600
4,4,1,123,3,304.5814236800
4,4,1,124,1,143.1736406400
4,4,1,124,2,209.0573235200
4,4,1,124,3,316.7991321600
4,4,1,125,1,155.6064000000
4,4,1,125,2,218.6699520000
4,4,1,125,3,316.1811200000
4,4,1,126,1,125.9910726400
4,4,1,126,2,297.9232540800
4,4,1,126,3,318.3624678400
4,4,1,127,1,175.9064950400
4,4,1,127,2,298.4816812800
4,4,1,127,3,304.0464272000
4,4,1,128,1,184.6227526400
4,4,1,128,2,303.4255187200
4,4,1,128,3,294.3344812800
4,4,1,129,1,204.9851305600
4,4,1,129,2,295.1272134400
4,4,1,129,3,317.2469152000
4,4,1,130,1,213.9624134400
4,4,1,130,2,302.7123200000
4,4,1,130,3,265.9348273299
4,4,1,131,1,202.5759673600
4,4,1,131,2,290.1670617600
4,4,1,131,3,318.2017084800
4,4,1,132,1,245.5706902400
4,4,1,132,2,302.7577491200
4,4,1,132,3,318.8603660800
4,4,1,133,1,241.6241494400
4,4,1,133,2,281.5258390620
4,4,1,133,3,299.3251795200
4,4,1,134,1,189.2606697600
4,4,1,134,2,313.6334102400
4,4,1,134,3,284.0255782400
4,4,1,135,1,179.1343728000
4,4,1,135,2,299.7209600000
4,4,1,135,3,300.9036800000
4,4,1,136,1,190.8991564800
4,4,1,136,2,290.7717859200
4,4,1,136,3,274.9468636800
4,4,1,137,1,156.6478102400
4,4,1,137,2,279.9781516800
4,4,1,137,3,286.3423782400
4,4,1,138,1,150.9083734400
4,4,1,138,2,259.6190720000
4,4,1,138,3,247.7892556800
4,4,1,139,1,185.8799945600
4,4,1,139,2,259.4203769600
4,4,1,139,3,236.2139366400
4,4,1,140,1,222.8800441600
4,4,1,140,2,255.5878400000
4,4,1,140,3,253.9307388800
4,4,1,141,1,282.1407241600
4,4,1,141,2,0.0000000000
4,4,1,141,3,235.5427363200
4,4,1,142,1,193.7509532800
4,4,1,142,2,276.3447974400
4,4,1,142,3,234.1635036800
4,4,1,143,1,212.1232640000
4,4,1,143,2,279.4277120000
4,4,1,143,3,206.8795878400
4,4,1,144,1,179.0554035200
4,4,1,144,2,260.9439673600
4,4,1,144,3,225.4214508800
4,4,1,145,1,147.7834848000
4,4,1,145,2,278.3474550400
4,4,1,145,3,220.3608080000
4,4,1,146,1,144.7234169600
4,4,1,146,2,317.2163254400
4,4,1,146,3,196.2605340800
4,4,1,147,1,133.5492339200
4,4,1,147,2,310.1149289600
4,4,1,147,3,170.2996611200
4,4,1,148,1,116.3445369600
4,4,1,148,2,264.9649897600
4,4,1,148,3,160.9615187200
4,4,1,149,1,151.8693334400
4,4,1,149,2,230.0705705600
4,4,1,149,3,139.0177065600
4,4,1,150,1,171.1203308800
4,4,1,150,2,210.8202521600
4,4,1,150,3,172.6884880000
4,4,1,151,1,155.0684204800
4,4,1,151,2,150.0439865600
4,4,1,151,3,151.2581424000
4,4,1,152,1,264.8786006400
4,4,1,152,2,171.7704678400
4,4,1,152,3,210.5402576000
4,4,1,153,1,199.3612150400
4,4,1,153,2,101.9667958400
4,4,1,153,3,221.3252339200
4,4,1,154,1,206.9210684800
4,4,1,154,2,34.4230400000
4,4,1,154,3,206.3923625600
4,4,1,155,1,247.7421340800
4,4,1,155,2,109.3397910400
4,4,1,155,3,185.1459254400
4,4,1,156,1,227.2968960000
4,4,1,156,2,176.7949017600
4,4,1,156,3,247.5379417600
4,4,1,157,1,225.0475788800
4,4,1,157,2,203.2603987200
4,4,1,157,3,287.5282659200
4,4,1,158,1,202.9804041600
4,4,1,158,2,248.9987036800
4,4,1,158,3,269.9598534400
4,4,1,159,1,189.0874880000
4,4,1,159,2,284.5282060800
4,4,1,159,3,255.7036800000
4,4,1,160,1,155.9370848000
4,4,1,160,2,294.1197017600
4,4,1,160,3,241.5470643200
4,4,1,161,1,184.3068745600
4,4,1,161,2,273.7688297600
4,4,1,161,3,215.4246073600
4,4,1,162,1,144.1410169600
4,4,1,162,2,263.3471564800
4,4,1,162,3,218.3386249600
4,4,1,163,1,168.1765334400
4,4,1,163,2,266.5076905600
4,4,1,163,3,218.5667689600
4,4,1,164,1,128.4754441600
4,4,1,164,2,229.6317395200
4,4,1,164,3,220.6176425600
4,4,1,165,1,161.9782508800
4,4,1,165,2,234.8894156800
4,4,1,165,3,183.2013017600
4,4,1,166,1,119.1384297600
4,4,1,166,2,281.0098115200
4,4,1,166,3,193.2058041600
4,4,1,167,1,153.7061964800
4,4,1,167,2,291.4786060800
4,4,1,167,3,186.3673926400
4,4,1,168,1,150.4715734400
4,4,1,168,2,307.6851200000
4,4,1,168,3,242.4181587200
8,8,1,1,1,219.3872868147
8,8,1,1,2,288.1329897600
8,8,1,1,3,236.3913049229
8,8,1,2,1,214.4022134806
8,8,1,2,2,256.6323635200
8,8,1,2,3,236.3516096000
8,8,1,3,1,93.1606116762
8,8,1,3,2,175.6146850916
8,8,1,3,3,211.4217219200
8,8,1,4,1,23.0809788017
8,8,1,4,2,0.0000000000
8,8,1,4,3,234.9308963200
8,8,1,5,1,251.4490140800
8,8,1,5,2,51.5438510994
8,8,1,5,3,260.3836160000
8,8,1,6,1,269.0638934400
8,8,1,6,2,285.0779552000
8,8,1,6,3,253.4359648000
8,8,1,7,1,279.2034928000
8,8,1,7,2,100.1406084099
8,8,1,7,3,182.1154710400
8,8,1,8,1,175.0738931754
8,8,1,8,2,157.5263459200
8,8,1,8,3,214.3253696000
8,8,1,9,1,101.9060762790
8,8,1,9,2,249.1793356800
8,8,1,9,3,232.0112974132
8,8,1,10,1,160.5159440944
8,8,1,10,2,149.2391364743
8,8,1,10,3,278.1071360000
8,8,1,11,1,110.3981574771
8,8,1,11,2,88.5624505010
8,8,1,11,3,270.1561926400
8,8,1,12,1,318.0090576000
8,8,1,12,2,54.8086128682
8,8,1,12,3,187.7865238239
8,8,1,13,1,0.0000000000
8,8,1,13,2,302.8749017600
8,8,1,13,3,207.9968355134
8,8,1,14,1,245.9854969600
8,8,1,14,2,156.0661387988
8,8,1,14,3,191.7627102323
8,8,1,15,1,265.3026928000
8,8,1,15,2,174.1191131116
8,8,1,15,3,271.7899945600
8,8,1,16,1,251.2399785600
8,8,1,16,2,212.1145250462
8,8,1,16,3,267.0383296000
8,8,1,17,1,212.3965180800
8,8,1,17,2,262.6953110400
8,8,1,17,3,217.1972629659
8,8,1,18,1,181.9871459200
8,8,1,18,2,217.3016080000
8,8,1,18,3,209.1610249600
8,8,1,19,1,187.2799673600
8,8,1,19,2,209.2170240000
8,8,1,19,3,164.3521065600
8,8,1,20,1,228.7087945600
8,8,1,20,2,227.1117884800
8,8,1,20,3,148.6126643200
8,8,1,21,1,195.7259520000
8,8,1,21,2,257.2292339200
8,8,1,21,3,188.0473600000
8,8,1,22,1,262.1926835200
8,8,1,22,2,107.3280390260
8,8,1,22,3,158.1581017600
8,8,1,23,1,157.1642141223
8,8,1,23,2,244.7099660800
8,8,1,23,3,172.0369897600
8,8,1,24,1,250.3058795536
8,8,1,24,2,238.2998185600
8,8,1,24,3,189.2710400000
8,8,1,25,1,0.0000000000
8,8,1,25,2,249.6741097600
8,8,1,25,3,172.9846236800
8,8,1,26,1,264.7112387200
8,8,1,26,2,239.9500582400
8,8,1,26,3,169.7370035200
8,8,1,27,1,260.0906576854
8,8,1,27,2,224.2703619200
8,8,1,27,3,145.7697625600
8,8,1,28,1,146.1015546466
8,8,1,28,2,0.0000000000
8,8,1,28,3,189.6962169600
8,8,1,29,1,170.6226134400
8,8,1,29,2,144.6745252083
8,8,1,29,3,228.5613654400
8,8,1,30,1,107.5145545600
8,8,1,30,2,205.4834830098
8,8,1,30,3,175.6202304000
8,8,1,31,1,137.3101558400
8,8,1,31,2,269.8857254879
8,8,1,31,3,177.5154982400
8,8,1,32,1,224.9755334400
8,8,1,32,2,206.7523807302
8,8,1,32,3,185.9836963200
8,8,1,33,1,218.7534320000
8,8,1,33,2,260.7892981863
8,8,1,33,3,242.3559376000
8,8,1,34,1,193.9827714604
8,8,1,34,2,173.4199407262
8,8,1,34,3,60.5169065600
8,8,1,35,1,237.2539357773
8,8,1,35,2,290.9524176000
8,8,1,35,3,253.0040188800
8,8,1,36,1,240.0537600000
8,8,1,36,2,294.2056134400
8,8,1,36,3,202.5552272000
8,8,1,37,1,260.3078291200
8,8,1,37,2,193.7856410730
8,8,1,37,3,205.0233273600
8,8,1,38,1,212.2720758400
8,8,1,38,2,253.3623708090
8,8,1,38,3,187.9229180800
8,8,1,39,1,220.3423145600
8,8,1,39,2,229.2139945600
8,8,1,39,3,165.6236800000
8,8,1,40,1,180.5558236800
8,8,1,40,2,190.4739795200
8,8,1,40,3,181.4935865600
8,8,1,41,1,158.6516611200
8,8,1,41,2,176.7751593600
8,8,1,41,3,200.7404473600
8,8,1,42,1,87.2928540800
8,8,1,42,2,212.4276284800
8,8,1,42,3,173.8236745600
8,8,1,43,1,164.7717964800
8,8,1,43,2,218.3801059200
8,8,1,43,3,147.7148800000
8,8,1,44,1,176.3010134400
8,8,1,44,2,207.5854505600
8,8,1,44,3,169.6736000000
8,8,1,45,1,182.3622508800
8,8,1,45,2,172.4219660800
8,8,1,45,3,153.7555526400
8,8,1,46,1,224.9547932800
8,8,1,46,2,216.1712595200
8,8,1,46,3,183.6060204800
8,8,1,47,1,251.9437884800
8,8,1,47,2,251.6139388800
8,8,1,47,3,172.2936406400
8,8,1,48,1,275.5751484800
8,8,1,48,2,253.6108374400
8,8,1,48,3,216.0084480000
8,8,1,49,1,243.7973910400
8,8,1,49,2,283.1773939200
8,8,1,49,3,156.2430915200
8,8,1,50,1,211.8157884800
8,8,1,50,2,251.4725750400
8,8,1,50,3,249.8861558400
8,8,1,51,1,210.0839702400
8,8,1,51,2,260.0332424372
8,8,1,51,3,256.6480704000
8,8,1,52,1,218.0171497600
8,8,1,52,2,258.1873680000
8,8,1,52,3,237.4612176000
8,8,1,53,1,193.3295785600
8,8,1,53,2,221.8713866048
8,8,1,53,3,218.3844265600
8,8,1,54,1,253.1218224000
8,8,1,54,2,131.1945543111
8,8,1,54,3,180.5558236800
8,8,1,55,1,156.9243632595
8,8,1,55,2,270.3289708800
8,8,1,55,3,191.4280352000
8,8,1,56,1,89.3939126609
8,8,1,56,2,181.6765501091
8,8,1,56,3,230.4717235200
8,8,1,57,1,44.2777141995
8,8,1,57,2,141.2606188544
8,8,1,57,3,239.6772403720
8,8,1,58,1,0.0000000000
8,8,1,58,2,180.5932634251
8,8,1,58,3,172.5739178062
8,8,1,59,1,35.5722844976
8,8,1,59,2,263.9168177566
8,8,1,59,3,26.8409411787
8,8,1,60,1,96.3316744856
8,8,1,60,2,214.2498496809
8,8,1,60,3,254.2963425846
8,8,1,61,1,106.8216148966
8,8,1,61,2,259.7188121600
8,8,1,61,3,199.5167673600
8,8,1,62,1,235.3321533833
8,8,1,62,2,246.6284473600
8,8,1,62,3,213.3090928000
8,8,1,63,1,238.3100160000
8,8,1,63,2,0.0000000000
8,8,1,63,3,218.9452800000
8,8,1,64,1,196.7271920000
8,8,1,64,2,150.3499932800
8,8,1,64,3,202.5552272000
8,8,1,65,1,229.5695187200
8,8,1,65,2,195.4412908800
8,8,1,65,3,213.9661683200
8,8,1,66,1,233.5309235200
8,8,1,66,2,188.0058793600
8,8,1,66,3,209.0262128000
8,8,1,67,1,226.5932800000
8,8,1,67,2,190.0799132800
8,8,1,67,3,244.6373750400
8,8,1,68,1,259.0321494400
8,8,1,68,2,201.1611305600
8,8,1,68,3,0.0000000000
8,8,1,69,1,259.3182806400
8,8,1,69,2,219.2634244540
8,8,1,69,3,237.5554134400
8,8,1,70,1,247.5207605925
8,8,1,70,2,258.4700963200
8,8,1,70,3,230.6894969600
8,8,1,71,1,252.5563660800
8,8,1,71,2,264.6115795200
8,8,1,71,3,201.4559891200
8,8,1,72,1,226.1377669352
8,8,1,72,2,186.8396170573
8,8,1,72,3,185.7451824000
8,8,1,73,1,256.9568180530
8,8,1,73,2,111.3667354162
8,8,1,73,3,205.5522060800
8,8,1,74,1,236.1856867200
8,8,1,74,2,145.5314495782
8,8,1,74,3,147.9414236800
8,8,1,75,1,212.0231920000
8,8,1,75,2,86.5907029068
8,8,1,75,3,162.0769625600
8,8,1,76,1,228.7917558400
8,8,1,76,2,268.6718697600
8,8,1,76,3,169.1842169600
8,8,1,77,1,231.8551040000
8,8,1,77,2,263.8688014902
8,8,1,77,3,182.3918643200
8,8,1,78,1,256.6794848000
8,8,1,78,2,229.8153153008
8,8,1,78,3,153.7950374400
8,8,1,79,1,275.0411065600
8,8,1,79,2,196.3953465600
8,8,1,79,3,162.0177356800
8,8,1,80,1,292.8929548698
8,8,1,80,2,160.2606643200
8,8,1,80,3,199.3404745600
8,8,1,81,1,217.5807813208
8,8,1,81,2,0.0000000000
8,8,1,81,3,200.6818560000
8,8,1,82,1,85.6039212753
8,8,1,82,2,84.9874974518
8,8,1,82,3,0.0000000000
8,8,1,83,1,50.8603794937
8,8,1,83,2,0.0000000000
8,8,1,83,3,0.0000000000
8,8,1,84,1,87.4204606726
8,8,1,84,2,319.9020800000
8,8,1,84,3,259.0669667200
8,8,1,85,1,185.8674256959
8,8,1,85,2,83.6937741186
8,8,1,85,3,259.3654019200
8,8,1,86,1,253.8462454400
8,8,1,86,2,116.7269147949
8,8,1,86,3,179.1643960289
8,8,1,87,1,258.6271673600
8,8,1,87,2,116.3367975808
8,8,1,87,3,251.0170684800
8,8,1,88,1,258.8627740800
8,8,1,88,2,246.3983638583
8,8,1,88,3,158.0791321600
8,8,1,89,1,232.9605641600
8,8,1,89,2,148.5563879803
8,8,1,89,3,166.0451795200
8,8,1,90,1,225.2347878400
8,8,1,90,2,303.5192406400
8,8,1,90,3,167.4970665600
8,8,1,91,1,216.3857494400
8,8,1,91,2,229.6680672554
8,8,1,91,3,196.2605340800
8,8,1,92,1,157.7533830400
8,8,1,92,2,69.5398950678
8,8,1,92,3,242.4077884800
8,8,1,93,1,197.8990211200
8,8,1,93,2,225.4786250789
8,8,1,93,3,180.0287265983
8,8,1,94,1,233.3546304000
8,8,1,94,2,243.9870476409
8,8,1,94,3,256.7580204800
8,8,1,95,1,266.8969654400
8,8,1,95,2,261.6664950400
8,8,1,95,3,159.0101436533
8,8,1,96,1,173.5116905324
8,8,1,96,2,262.2005369600
8,8,1,96,3,179.1083768234
8,8,1,97,1,251.3469180800
8,8,1,97,2,296.0956745600
8,8,1,97,3,220.4541395200
8,8,1,98,1,208.6839974400
8,8,1,98,2,317.2931254400
8,8,1,98,3,234.9308963200
8,8,1,99,1,215.9223756800
8,8,1,99,2,309.1347526400
8,8,1,99,3,227.4747443200
8,8,1,100,1,235.2316310400
8,8,1,100,2,156.4405152000
8,8,1,100,3,196.7904355581
8,8,1,101,1,202.2726400000
8,8,1,101,2,178.6694400000
8,8,1,101,3,195.1182796199
8,8,1,102,1,216.9386521600
8,8,1,102,2,223.5859308800
8,8,1,102,3,35.2958957656
8,8,1,103,1,88.7658521600
8,8,1,103,2,166.4400272000
8,8,1,103,3,24.6174846472
8,8,1,104,1,77.0547417600
8,8,1,104,2,244.2951593600
8,8,1,104,3,23.6001600037
8,8,1,105,1,204.9889987200
8,8,1,105,2,240.7900419200
8,8,1,105,3,0.0000000000
8,8,1,106,1,232.3487241600
8,8,1,106,2,182.4065065600
8,8,1,106,3,12.3955678112
8,8,1,107,1,214.8354507191
8,8,1,107,2,209.7313843200
8,8,1,107,3,0.0000000000
8,8,1,108,1,156.8919515867
8,8,1,108,2,233.1575974400
8,8,1,108,3,317.0718374400
8,8,1,109,1,205.3138792005
8,8,1,109,2,150.8184030266
8,8,1,109,3,155.0428599607
8,8,1,110,1,262.4832649600
8,8,1,110,2,113.4654083745
8,8,1,110,3,311.3567459200
8,8,1,111,1,246.1514195200
8,8,1,111,2,96.9119838326
8,8,1,111,3,310.0544000000
8,8,1,112,1,273.0620096000
8,8,1,112,2,317.7688950400
8,8,1,112,3,121.4820938885
8,8,1,113,1,260.7947497600
8,8,1,113,2,86.1485198778
8,8,1,113,3,145.1909835396
8,8,1,114,1,227.2663040000
8,8,1,114,2,66.8628009072
8,8,1,114,3,82.3399738501
8,8,1,115,1,177.0219388800
8,8,1,115,2,193.2187674004
8,8,1,115,3,144.0113709571
8,8,1,116,1,216.7616441600
8,8,1,116,2,260.8340176000
8,8,1,116,3,71.8773693302
8,8,1,117,1,220.9519078400
8,8,1,117,2,197.9081814400
8,8,1,117,3,69.5908322962
8,8,1,118,1,197.1523689600
8,8,1,118,2,0.0000000000
8,8,1,118,3,88.9067854489
8,8,1,119,1,227.8377004800
8,8,1,119,2,260.5120217600
8,8,1,119,3,119.2399718974
8,8,1,120,1,270.7687702400
8,8,1,120,2,243.7559104000
8,8,1,120,3,105.7536776389
8,8,1,121,1,239.5041411200
8,8,1,121,2,258.3915606400
8,8,1,121,3,310.0407321600
8,8,1,122,1,224.7370195200
8,8,1,122,2,85.9370418788
8,8,1,122,3,154.6072304500
8,8,1,123,1,179.9240678400
8,8,1,123,2,69.8213605975
8,8,1,123,3,166.0633541267
8,8,1,124,1,143.1736406400
8,8,1,124,2,209.0573235200
8,8,1,124,3,121.9027271087
8,8,1,125,1,155.6064000000
8,8,1,125,2,218.6699520000
8,8,1,125,3,138.6493312145
8,8,1,126,1,125.9910726400
8,8,1,126,2,26.0155503112
8,8,1,126,3,105.2342611515
8,8,1,127,1,175.9064950400
8,8,1,127,2,198.9685227756
8,8,1,127,3,192.7806947254
8,8,1,128,1,184.6227526400
8,8,1,128,2,189.9413739523
8,8,1,128,3,176.5966307070
8,8,1,129,1,204.9851305600
8,8,1,129,2,248.5167492738
8,8,1,129,3,317.2469152000
8,8,1,130,1,213.9624134400
8,8,1,130,2,259.4931277798
8,8,1,130,3,0.0000000000
8,8,1,131,1,202.5759673600
8,8,1,131,2,260.0900501306
8,8,1,131,3,10.8032763239
8,8,1,132,1,245.5706902400
8,8,1,132,2,101.6932530584
8,8,1,132,3,51.7856571506
8,8,1,133,1,241.6241494400
8,8,1,133,2,0.0000000000
8,8,1,133,3,150.3075258665
8,8,1,134,1,189.2606697600
8,8,1,134,2,73.1632704297
8,8,1,134,3,284.0255782400
8,8,1,135,1,179.1343728000
8,8,1,135,2,265.3538214411
8,8,1,135,3,164.1136764772
8,8,1,136,1,190.8991564800
8,8,1,136,2,290.7717859200
8,8,1,136,3,274.9468636800
8,8,1,137,1,156.6478102400
8,8,1,137,2,200.0812126836
8,8,1,137,3,64.4154237502
8,8,1,138,1,150.9083734400
8,8,1,138,2,259.6190720000
8,8,1,138,3,247.7892556800
8,8,1,139,1,185.8799945600
8,8,1,139,2,259.4203769600
8,8,1,139,3,236.2139366400
8,8,1,140,1,222.8800441600
8,8,1,140,2,255.5878400000
8,8,1,140,3,253.9307388800
8,8,1,141,1,265.2644298426
8,8,1,141,2,250.4830265600
8,8,1,141,3,235.5427363200
8,8,1,142,1,193.7509532800
8,8,1,142,2,222.6762840291
8,8,1,142,3,234.1635036800
8,8,1,143,1,212.1232640000
8,8,1,143,2,232.0144880382
8,8,1,143,3,206.8795878400
8,8,1,144,1,179.0554035200
8,8,1,144,2,260.9439673600
8,8,1,144,3,225.4214508800
8,8,1,145,1,147.7834848000
8,8,1,145,2,209.8416452564
8,8,1,145,3,220.3608080000
8,8,1,146,1,144.7234169600
8,8,1,146,2,99.5172071413
8,8,1,146,3,196.2605340800
8,8,1,147,1,133.5492339200
8,8,1,147,2,109.2871013054
8,8,1,147,3,170.2996611200
8,8,1,148,1,116.3445369600
8,8,1,148,2,0.0000000000
8,8,1,148,3,160.9615187200
8,8,1,149,1,151.8693334400
8,8,1,149,2,230.0705705600
8,8,1,149,3,139.0177065600
8,8,1,150,1,171.1203308800
8,8,1,150,2,210.8202521600
8,8,1,150,3,172.6884880000
8,8,1,151,1,155.0684204800
8,8,1,151,2,150.0439865600
8,8,1,151,3,151.2581424000
8,8,1,152,1,254.0601292161
8,8,1,152,2,171.7704678400
8,8,1,152,3,210.5402576000
8,8,1,153,1,199.3612150400
8,8,1,153,2,101.9667958400
8,8,1,153,3,221.3252339200
8,8,1,154,1,206.9210684800
8,8,1,154,2,34.4230400000
8,8,1,154,3,206.3923625600
8,8,1,155,1,247.7421340800
8,8,1,155,2,109.3397910400
8,8,1,155,3,185.1459254400
8,8,1,156,1,227.2968960000
8,8,1,156,2,176.7949017600
8,8,1,156,3,247.5379417600
8,8,1,157,1,225.0475788800
8,8,1,157,2,203.2603987200
8,8,1,157,3,167.7422456980
8,8,1,158,1,202.9804041600
8,8,1,158,2,248.9987036800
8,8,1,158,3,236.4892720553
8,8,1,159,1,189.0874880000
8,8,1,159,2,187.4208441527
8,8,1,159,3,255.7036800000
8,8,1,160,1,155.9370848000
8,8,1,160,2,176.7977203321
8,8,1,160,3,241.5470643200
8,8,1,161,1,184.3068745600
8,8,1,161,2,235.9686661853
8,8,1,161,3,215.4246073600
8,8,1,162,1,144.1410169600
8,8,1,162,2,167.4295739346
8,8,1,162,3,218.3386249600
8,8,1,163,1,168.1765334400
8,8,1,163,2,176.3270200979
8,8,1,163,3,218.5667689600
8,8,1,164,1,128.4754441600
8,8,1,164,2,229.6317395200
8,8,1,164,3,220.6176425600
8,8,1,165,1,161.9782508800
8,8,1,165,2,234.8894156800
8,8,1,165,3,183.2013017600
8,8,1,166,1,119.1384297600
8,8,1,166,2,197.6929518184
8,8,1,166,3,193.2058041600
8,8,1,167,1,153.7061964800
8,8,1,167,2,167.1041430898
8,8,1,167,3,186.3673926400
8,8,1,168,1,150.4715734400
8,8,1,168,2,105.4284352334
8,8,1,168,3,242.4181587200
18,18,1,1,1,274.7112569600
18,18,1,1,2,288.1329897600
18,18,1,1,3,291.9969411200
18,18,1,2,1,278.1726454400
18,18,1,2,2,256.6323635200
18,18,1,2,3,236.3516096000
18,18,1,3,1,307.4868067200
18,18,1,3,2,290.0178441600
18,18,1,3,3,211.4217219200
18,18,1,4,1,317.9810710400
18,18,1,4,2,307.7172067200
18,18,1,4,3,234.9308963200
18,18,1,5,1,251.4490140800
18,18,1,5,2,315.0000550400
18,18,1,5,3,260.3836160000
18,18,1,6,1,269.0638934400
18,18,1,6,2,285.0779552000
18,18,1,6,3,253.4359648000
18,18,1,7,1,279.2034928000
18,18,1,7,2,304.9126400000
18,18,1,7,3,182.1154710400
18,18,1,8,1,294.7367049600
18,18,1,8,2,157.5263459200
18,18,1,8,3,214.3253696000
18,18,1,9,1,275.4337843200
18,18,1,9,2,249.1793356800
18,18,1,9,3,275.2688595200
18,18,1,10,1,296.3963660800
18,18,1,10,2,303.4801897600
18,18,1,10,3,278.1071360000
18,18,1,11,1,314.5702400000
18,18,1,11,2,306.1278374400
18,18,1,11,3,270.1561926400
18,18,1,12,1,86.6834810570
18,18,1,12,2,313.1417600000
18,18,1,12,3,267.3603254400
18,18,1,13,1,310.5562035200
18,18,1,13,2,0.0000000000
18,18,1,13,3,287.9130902400
18,18,1,14,1,245.9854969600
18,18,1,14,2,293.9405475200
18,18,1,14,3,294.9007187200
18,18,1,15,1,265.3026928000
18,18,1,15,2,292.1855574400
18,18,1,15,3,271.7899945600
18,18,1,16,1,251.2399785600
18,18,1,16,2,294.7796611200
18,18,1,16,3,267.0383296000
18,18,1,17,1,212.3965180800
18,18,1,17,2,262.6953110400
18,18,1,17,3,286.5073030400
18,18,1,18,1,181.9871459200
18,18,1,18,2,217.3016080000
18,18,1,18,3,209.1610249600
18,18,1,19,1,187.2799673600
18,18,1,19,2,209.2170240000
18,18,1,19,3,164.3521065600
18,18,1,20,1,228.7087945600
18,18,1,20,2,227.1117884800
18,18,1,20,3,148.6126643200
18,18,1,21,1,195.7259520000
18,18,1,21,2,257.2292339200
18,18,1,21,3,188.0473600000
18,18,1,22,1,262.1926835200
18,18,1,22,2,276.6825004800
18,18,1,22,3,158.1581017600
18,18,1,23,1,293.0179036800
18,18,1,23,2,244.7099660800
18,18,1,23,3,172.0369897600
18,18,1,24,1,266.5906764800
18,18,1,24,2,238.2998185600
18,18,1,24,3,189.2710400000
18,18,1,25,1,280.0438236800
18,18,1,25,2,249.6741097600
18,18,1,25,3,172.9846236800
18,18,1,26,1,264.7112387200
18,18,1,26,2,239.9500582400
18,18,1,26,3,169.7370035200
18,18,1,27,1,274.2086291200
18,18,1,27,2,0.0000000000
18,18,1,27,3,145.7697625600
18,18,1,28,1,300.1686780800
18,18,1,28,2,250.2317126400
18,18,1,28,3,189.6962169600
18,18,1,29,1,170.6226134400
18,18,1,29,2,293.5539200000
18,18,1,29,3,228.5613654400
18,18,1,30,1,107.5145545600
18,18,1,30,2,298.3332880000
18,18,1,30,3,175.6202304000
18,18,1,31,1,137.3101558400
18,18,1,31,2,274.2871648000
18,18,1,31,3,177.5154982400
18,18,1,32,1,224.9755334400
18,18,1,32,2,278.5359404800
18,18,1,32,3,185.9836963200
18,18,1,33,1,218.7534320000
18,18,1,33,2,272.9206454400
18,18,1,33,3,242.3559376000
18,18,1,34,1,294.8172800000
18,18,1,34,2,294.3833600000
18,18,1,34,3,60.5169065600
18,18,1,35,1,264.3052908800
18,18,1,35,2,290.9524176000
18,18,1,35,3,253.0040188800
18,18,1,36,1,240.0537600000
18,18,1,36,2,0.0000000000
18,18,1,36,3,202.5552272000
18,18,1,37,1,260.3078291200
18,18,1,37,2,304.8079187200
18,18,1,37,3,205.0233273600
18,18,1,38,1,212.2720758400
18,18,1,38,2,264.4309478400
18,18,1,38,3,187.9229180800
18,18,1,39,1,220.3423145600
18,18,1,39,2,229.2139945600
18,18,1,39,3,165.6236800000
18,18,1,40,1,180.5558236800
18,18,1,40,2,190.4739795200
18,18,1,40,3,181.4935865600
18,18,1,41,1,158.6516611200
18,18,1,41,2,176.7751593600
18,18,1,41,3,200.7404473600
18,18,1,42,1,87.2928540800
18,18,1,42,2,212.4276284800
18,18,1,42,3,173.8236745600
18,18,1,43,1,164.7717964800
18,18,1,43,2,218.3801059200
18,18,1,43,3,147.7148800000
18,18,1,44,1,176.3010134400
18,18,1,44,2,207.5854505600
18,18,1,44,3,169.6736000000
18,18,1,45,1,182.3622508800
18,18,1,45,2,172.4219660800
18,18,1,45,3,153.7555526400
18,18,1,46,1,224.9547932800
18,18,1,46,2,216.1712595200
18,18,1,46,3,183.6060204800
18,18,1,47,1,251.9437884800
18,18,1,47,2,251.6139388800
18,18,1,47,3,172.2936406400
18,18,1,48,1,275.5751484800
18,18,1,48,2,253.6108374400
18,18,1,48,3,216.0084480000
18,18,1,49,1,243.7973910400
18,18,1,49,2,283.1773939200
18,18,1,49,3,156.2430915200
18,18,1,50,1,211.8157884800
18,18,1,50,2,251.4725750400
18,18,1,50,3,249.8861558400
18,18,1,51,1,210.0839702400
18,18,1,51,2,269.9205859200
18,18,1,51,3,256.6480704000
18,18,1,52,1,218.0171497600
18,18,1,52,2,258.1873680000
18,18,1,52,3,237.4612176000
18,18,1,53,1,193.3295785600
18,18,1,53,2,276.7247785600
18,18,1,53,3,218.3844265600
18,18,1,54,1,253.1218224000
18,18,1,54,2,297.1305219200
18,18,1,54,3,180.5558236800
18,18,1,55,1,304.1401491200
18,18,1,55,2,270.3289708800
18,18,1,55,3,191.4280352000
18,18,1,56,1,319.0107120000
18,18,1,56,2,296.6619120000
18,18,1,56,3,230.4717235200
18,18,1,57,1,318.4444745600
18,18,1,57,2,302.3399049600
18,18,1,57,3,256.3653424000
18,18,1,58,1,319.2569600000
18,18,1,58,2,282.0379734400
18,18,1,58,3,286.5711785600
18,18,1,59,1,316.5524611200
18,18,1,59,2,266.7084800000
18,18,1,59,3,297.0485152000
18,18,1,60,1,309.8650035200
18,18,1,60,2,267.7530035200
18,18,1,60,3,271.4049084800
18,18,1,61,1,302.1056000000
18,18,1,61,2,259.7188121600
18,18,1,61,3,199.5167673600
18,18,1,62,1,273.2583484800
18,18,1,62,2,246.6284473600
18,18,1,62,3,213.3090928000
18,18,1,63,1,238.3100160000
18,18,1,63,2,209.2680105600
18,18,1,63,3,218.9452800000
18,18,1,64,1,196.7271920000
18,18,1,64,2,150.3499932800
18,18,1,64,3,202.5552272000
18,18,1,65,1,229.5695187200
18,18,1,65,2,195.4412908800
18,18,1,65,3,213.9661683200
18,18,1,66,1,233.5309235200
18,18,1,66,2,188.0058793600
18,18,1,66,3,209.0262128000
18,18,1,67,1,226.5932800000
18,18,1,67,2,190.0799132800
18,18,1,67,3,244.6373750400
18,18,1,68,1,259.0321494400
18,18,1,68,2,201.1611305600
18,18,1,68,3,237.7412121600
18,18,1,69,1,259.3182806400
18,18,1,69,2,224.8510915200
18,18,1,69,3,237.5554134400
18,18,1,70,1,273.4625411200
18,18,1,70,2,258.4700963200
18,18,1,70,3,230.6894969600
18,18,1,71,1,252.5563660800
18,18,1,71,2,264.6115795200
18,18,1,71,3,201.4559891200
18,18,1,72,1,272.3708963200
18,18,1,72,2,294.9314208000
18,18,1,72,3,185.7451824000
18,18,1,73,1,268.4127024000
18,18,1,73,2,299.8601763200
18,18,1,73,3,205.5522060800
18,18,1,74,1,236.1856867200
18,18,1,74,2,300.9301696000
18,18,1,74,3,147.9414236800
18,18,1,75,1,212.0231920000
18,18,1,75,2,302.7968000000
18,18,1,75,3,162.0769625600
18,18,1,76,1,228.7917558400
18,18,1,76,2,268.6718697600
18,18,1,76,3,169.1842169600
18,18,1,77,1,231.8551040000
18,18,1,77,2,266.8046489600
18,18,1,77,3,182.3918643200
18,18,1,78,1,256.6794848000
18,18,1,78,2,279.9495811200
18,18,1,78,3,153.7950374400
18,18,1,79,1,275.0411065600
18,18,1,79,2,196.3953465600
18,18,1,79,3,162.0177356800
18,18,1,80,1,296.0956745600
18,18,1,80,2,160.2606643200
18,18,1,80,3,0.0000000000
18,18,1,81,1,285.4706332800
18,18,1,81,2,289.3667840000
18,18,1,81,3,200.6818560000
18,18,1,82,1,313.6755200000
18,18,1,82,2,302.9725289600
18,18,1,82,3,233.7901776000
18,18,1,83,1,316.8642169600
18,18,1,83,2,317.1908412800
18,18,1,83,3,211.2661696000
18,18,1,84,1,306.6433084800
18,18,1,84,2,319.9020800000
18,18,1,84,3,259.0669667200
18,18,1,85,1,282.8553980800
18,18,1,85,2,316.5713356800
18,18,1,85,3,259.3654019200
18,18,1,86,1,253.8462454400
18,18,1,86,2,305.6826576000
18,18,1,86,3,275.8752854400
18,18,1,87,1,258.6271673600
18,18,1,87,2,303.5348611200
18,18,1,87,3,251.0170684800
18,18,1,88,1,258.8627740800
18,18,1,88,2,303.0154848000
18,18,1,88,3,158.0791321600
18,18,1,89,1,232.9605641600
18,18,1,89,2,296.7296000000
18,18,1,89,3,166.0451795200
18,18,1,90,1,225.2347878400
18,18,1,90,2,0.0000000000
18,18,1,90,3,167.4970665600
18,18,1,91,1,216.3857494400
18,18,1,91,2,271.0279376000
18,18,1,91,3,196.2605340800
18,18,1,92,1,157.7533830400
18,18,1,92,2,247.9306195200
18,18,1,92,3,242.4077884800
18,18,1,93,1,197.8990211200
18,18,1,93,2,262.3104867200
18,18,1,93,3,276.3369436800
18,18,1,94,1,233.3546304000
18,18,1,94,2,264.0287145600
18,18,1,94,3,256.7580204800
18,18,1,95,1,266.8969654400
18,18,1,95,2,261.6664950400
18,18,1,95,3,284.2621014400
18,18,1,96,1,288.3782825600
18,18,1,96,2,262.2005369600
18,18,1,96,3,279.5254889600
18,18,1,97,1,251.3469180800
18,18,1,97,2,296.0956745600
18,18,1,97,3,220.4541395200
18,18,1,98,1,208.6839974400
18,18,1,98,2,317.2931254400
18,18,1,98,3,234.9308963200
18,18,1,99,1,215.9223756800
18,18,1,99,2,309.1347526400
18,18,1,99,3,227.4747443200
18,18,1,100,1,235.2316310400
18,18,1,100,2,156.4405152000
18,18,1,100,3,274.0829721600
18,18,1,101,1,202.2726400000
18,18,1,101,2,178.6694400000
18,18,1,101,3,277.3966505600
18,18,1,102,1,216.9386521600
18,18,1,102,2,223.5859308800
18,18,1,102,3,309.9157696000
18,18,1,103,1,88.7658521600
18,18,1,103,2,166.4400272000
18,18,1,103,3,318.2778576000
18,18,1,104,1,77.0547417600
18,18,1,104,2,244.2951593600
18,18,1,104,3,320.0000000000
18,18,1,105,1,204.9889987200
18,18,1,105,2,240.7900419200
18,18,1,105,3,320.0000000000
18,18,1,106,1,232.3487241600
18,18,1,106,2,182.4065065600
18,18,1,106,3,314.4320000000
18,18,1,107,1,285.8711648000
18,18,1,107,2,209.7313843200
18,18,1,107,3,318.8135049600
18,18,1,108,1,294.2368540800
18,18,1,108,2,233.1575974400
18,18,1,108,3,317.0718374400
18,18,1,109,1,282.6017280000
18,18,1,109,2,284.3397206400
18,18,1,109,3,301.7385219200
18,18,1,110,1,262.4832649600
18,18,1,110,2,306.3426169600
18,18,1,110,3,311.3567459200
18,18,1,111,1,246.1514195200
18,18,1,111,2,316.2726400000
18,18,1,111,3,48.8161931075
18,18,1,112,1,273.0620096000
18,18,1,112,2,317.7688950400
18,18,1,112,3,299.7340691200
18,18,1,113,1,260.7947497600
18,18,1,113,2,316.5947660800
18,18,1,113,3,293.1239049600
18,18,1,114,1,227.2663040000
18,18,1,114,2,314.6370169600
18,18,1,114,3,312.7923200000
18,18,1,115,1,177.0219388800
18,18,1,115,2,289.7167008000
18,18,1,115,3,298.5988339200
18,18,1,116,1,216.7616441600
18,18,1,116,2,260.8340176000
18,18,1,116,3,314.7190236800
18,18,1,117,1,220.9519078400
18,18,1,117,2,197.9081814400
18,18,1,117,3,317.9303049600
18,18,1,118,1,197.1523689600
18,18,1,118,2,188.2443932800
18,18,1,118,3,313.0593625600
18,18,1,119,1,227.8377004800
18,18,1,119,2,224.4192645432
18,18,1,119,3,309.6012800000
18,18,1,120,1,270.7687702400
18,18,1,120,2,243.7559104000
18,18,1,120,3,308.8223459200
18,18,1,121,1,239.5041411200
18,18,1,121,2,258.3915606400
18,18,1,121,3,310.0407321600
18,18,1,122,1,224.7370195200
18,18,1,122,2,304.6009491200
18,18,1,122,3,302.0626441600
18,18,1,123,1,179.9240678400
18,18,1,123,2,316.1730169600
18,18,1,123,3,304.5814236800
18,18,1,124,1,143.1736406400
18,18,1,124,2,209.0573235200
18,18,1,124,3,316.7991321600
18,18,1,125,1,155.6064000000
18,18,1,125,2,218.6699520000
18,18,1,125,3,316.1811200000
18,18,1,126,1,125.9910726400
18,18,1,126,2,297.9232540800
18,18,1,126,3,318.3624678400
18,18,1,127,1,175.9064950400
18,18,1,127,2,298.4816812800
18,18,1,127,3,304.0464272000
18,18,1,128,1,184.6227526400
18,18,1,128,2,303.4255187200
18,18,1,128,3,294.3344812800
18,18,1,129,1,204.9851305600
18,18,1,129,2,295.1272134400
18,18,1,129,3,317.2469152000
18,18,1,130,1,213.9624134400
18,18,1,130,2,302.7123200000
18,18,1,130,3,318.3712000000
18,18,1,131,1,202.5759673600
18,18,1,131,2,290.1670617600
18,18,1,131,3,318.2017084800
18,18,1,132,1,0.0000000000
18,18,1,132,2,302.7577491200
18,18,1,132,3,318.8603660800
18,18,1,133,1,241.6241494400
18,18,1,133,2,316.1209491200
18,18,1,133,3,299.3251795200
18,18,1,134,1,189.2606697600
18,18,1,134,2,313.6334102400
18,18,1,134,3,284.0255782400
18,18,1,135,1,179.1343728000
18,18,1,135,2,299.7209600000
18,18,1,135,3,300.9036800000
18,18,1,136,1,190.8991564800
18,18,1,136,2,290.7717859200
18,18,1,136,3,0.0000000000
18,18,1,137,1,156.6478102400
18,18,1,137,2,279.9781516800
18,18,1,137,3,286.3423782400
18,18,1,138,1,150.9083734400
18,18,1,138,2,259.6190720000
18,18,1,138,3,247.7892556800
18,18,1,139,1,185.8799945600
18,18,1,139,2,259.4203769600
18,18,1,139,3,236.2139366400
18,18,1,140,1,222.8800441600
18,18,1,140,2,255.5878400000
18,18,1,140,3,253.9307388800
18,18,1,141,1,282.1407241600
18,18,1,141,2,250.4830265600
18,18,1,141,3,235.5427363200
18,18,1,142,1,193.7509532800
18,18,1,142,2,276.3447974400
18,18,1,142,3,234.1635036800
18,18,1,143,1,212.1232640000
18,18,1,143,2,279.4277120000
18,18,1,143,3,206.8795878400
18,18,1,144,1,179.0554035200
18,18,1,144,2,260.9439673600
18,18,1,144,3,225.4214508800
18,18,1,145,1,147.7834848000
18,18,1,145,2,278.3474550400
18,18,1,145,3,220.3608080000
18,18,1,146,1,144.7234169600
18,18,1,146,2,317.2163254400
18,18,1,146,3,196.2605340800
18,18,1,147,1,133.5492339200
18,18,1,147,2,310.1149289600
18,18,1,147,3,170.2996611200
18,18,1,148,1,116.3445369600
18,18,1,148,2,264.9649897600
18,18,1,148,3,160.9615187200
18,18,1,149,1,151.8693334400
18,18,1,149,2,230.0705705600
18,18,1,149,3,139.0177065600
18,18,1,150,1,171.1203308800
18,18,1,150,2,0.0000000000
18,18,1,150,3,172.6884880000
18,18,1,151,1,155.0684204800
18,18,1,151,2,150.0439865600
18,18,1,151,3,151.2581424000
18,18,1,152,1,264.8786006400
18,18,1,152,2,171.7704678400
18,18,1,152,3,210.5402576000
18,18,1,153,1,199.3612150400
18,18,1,153,2,101.9667958400
18,18,1,153,3,221.3252339200
18,18,1,154,1,206.9210684800
18,18,1,154,2,34.4230400000
18,18,1,154,3,206.3923625600
18,18,1,155,1,247.7421340800
18,18,1,155,2,109.3397910400
18,18,1,155,3,185.1459254400
18,18,1,156,1,227.2968960000
18,18,1,156,2,176.7949017600
18,18,1,156,3,247.5379417600
18,18,1,157,1,225.0475788800
18,18,1,157,2,203.2603987200
18,18,1,157,3,287.5282659200
18,18,1,158,1,202.9804041600
18,18,1,158,2,248.9987036800
18,18,1,158,3,269.9598534400
18,18,1,159,1,189.0874880000
18,18,1,159,2,284.5282060800
18,18,1,159,3,255.7036800000
18,18,1,160,1,155.9370848000
18,18,1,160,2,294.1197017600
18,18,1,160,3,241.5470643200
18,18,1,161,1,184.3068745600
18,18,1,161,2,273.7688297600
18,18,1,161,3,215.4246073600
18,18,1,162,1,144.1410169600
18,18,1,162,2,263.3471564800
18,18,1,162,3,218.3386249600
18,18,1,163,1,168.1765334400
18,18,1,163,2,266.5076905600
18,18,1,163,3,218.5667689600
18,18,1,164,1,128.4754441600
18,18,1,164,2,229.6317395200
18,18,1,164,3,220.6176425600
18,18,1,165,1,161.9782508800
18,18,1,165,2,234.8894156800
18,18,1,165,3,183.2013017600
18,18,1,166,1,119.1384297600
18,18,1,166,2,281.0098115200
18,18,1,166,3,193.2058041600
18,18,1,167,1,153.7061964800
18,18,1,167,2,291.4786060800
18,18,1,167,3,186.3673926400
18,18,1,168,1,150.4715734400
18,18,1,168,2,307.6851200000
18,18,1,168,3,242.4181587200
24,24,1,1,1,274.7112569600
24,24,1,1,2,288.1329897600
24,24,1,1,3,291.9969411200
24,24,1,2,1,278.1726454400
24,24,1,2,2,256.6323635200
24,24,1,2,3,236.3516096000
24,24,1,3,1,307.4868067200
24,24,1,3,2,290.0178441600
24,24,1,3,3,211.4217219200
24,24,1,4,1,317.9810710400
24,24,1,4,2,307.7172067200
24,24,1,4,3,234.9308963200
24,24,1,5,1,251.4490140800
24,24,1,5,2,315.0000550400
24,24,1,5,3,260.3836160000
24,24,1,6,1,269.0638934400
24,24,1,6,2,285.0779552000
24,24,1,6,3,253.4359648000
24,24,1,7,1,279.2034928000
24,24,1,7,2,304.9126400000
24,24,1,7,3,182.1154710400
24,24,1,8,1,294.7367049600
24,24,1,8,2,157.5263459200
24,24,1,8,3,214.3253696000
24,24,1,9,1,275.4337843200
24,24,1,9,2,249.1793356800
24,24,1,9,3,275.2688595200
24,24,1,10,1,296.3963660800
24,24,1,10,2,303.4801897600
24,24,1,10,3,278.1071360000
24,24,1,11,1,314.5702400000
24,24,1,11,2,306.1278374400
24,24,1,11,3,270.1561926400
24,24,1,12,1,318.0090576000
24,24,1,12,2,313.1417600000
24,24,1,12,3,267.3603254400
24,24,1,13,1,310.5562035200
24,24,1,13,2,302.8749017600
24,24,1,13,3,287.9130902400
24,24,1,14,1,245.9854969600
24,24,1,14,2,293.9405475200
24,24,1,14,3,294.9007187200
24,24,1,15,1,265.3026928000
24,24,1,15,2,292.1855574400
24,24,1,15,3,271.7899945600
24,24,1,16,1,251.2399785600
24,24,1,16,2,294.7796611200
24,24,1,16,3,267.0383296000
24,24,1,17,1,212.3965180800
24,24,1,17,2,262.6953110400
24,24,1,17,3,286.5073030400
24,24,1,18,1,181.9871459200
24,24,1,18,2,217.3016080000
24,24,1,18,3,209.1610249600
24,24,1,19,1,187.2799673600
24,24,1,19,2,209.2170240000
24,24,1,19,3,164.3521065600
24,24,1,20,1,228.7087945600
24,24,1,20,2,227.1117884800
24,24,1,20,3,148.6126643200
24,24,1,21,1,195.7259520000
24,24,1,21,2,257.2292339200
24,24,1,21,3,188.0473600000
24,24,1,22,1,262.1926835200
24,24,1,22,2,276.6825004800
24,24,1,22,3,158.1581017600
24,24,1,23,1,293.0179036800
24,24,1,23,2,244.7099660800
24,24,1,23,3,172.0369897600
24,24,1,24,1,266.5906764800
24,24,1,24,2,238.2998185600
24,24,1,24,3,189.2710400000
24,24,1,25,1,280.0438236800
24,24,1,25,2,0.0000000000
24,24,1,25,3,172.9846236800
24,24,1,26,1,264.7112387200
24,24,1,26,2,239.9500582400
24,24,1,26,3,169.7370035200
24,24,1,27,1,274.2086291200
24,24,1,27,2,224.2703619200
24,24,1,27,3,145.7697625600
24,24,1,28,1,300.1686780800
24,24,1,28,2,250.2317126400
24,24,1,28,3,189.6962169600
24,24,1,29,1,170.6226134400
24,24,1,29,2,293.5539200000
24,24,1,29,3,228.5613654400
24,24,1,30,1,107.5145545600
24,24,1,30,2,0.0000000000
24,24,1,30,3,175.6202304000
24,24,1,31,1,137.3101558400
24,24,1,31,2,274.2871648000
24,24,1,31,3,177.5154982400
24,24,1,32,1,224.9755334400
24,24,1,32,2,278.5359404800
24,24,1,32,3,185.9836963200
24,24,1,33,1,218.7534320000
24,24,1,33,2,272.9206454400
24,24,1,33,3,242.3559376000
24,24,1,34,1,294.8172800000
24,24,1,34,2,294.3833600000
24,24,1,34,3,60.5169065600
24,24,1,35,1,264.3052908800
24,24,1,35,2,0.0000000000
24,24,1,35,3,253.0040188800
24,24,1,36,1,240.0537600000
24,24,1,36,2,294.2056134400
24,24,1,36,3,202.5552272000
24,24,1,37,1,260.3078291200
24,24,1,37,2,304.8079187200
24,24,1,37,3,205.0233273600
24,24,1,38,1,212.2720758400
24,24,1,38,2,264.4309478400
24,24,1,38,3,187.9229180800
24,24,1,39,1,220.3423145600
24,24,1,39,2,229.2139945600
24,24,1,39,3,165.6236800000
24,24,1,40,1,180.5558236800
24,24,1,40,2,190.4739795200
24,24,1,40,3,181.4935865600
24,24,1,41,1,158.6516611200
24,24,1,41,2,176.7751593600
24,24,1,41,3,200.7404473600
24,24,1,42,1,87.2928540800
24,24,1,42,2,212.4276284800
24,24,1,42,3,173.8236745600
24,24,1,43,1,164.7717964800
24,24,1,43,2,218.3801059200
24,24,1,43,3,147.7148800000
24,24,1,44,1,176.3010134400
24,24,1,44,2,207.5854505600
24,24,1,44,3,169.6736000000
24,24,1,45,1,182.3622508800
24,24,1,45,2,172.4219660800
24,24,1,45,3,153.7555526400
24,24,1,46,1,224.9547932800
24,24,1,46,2,216.1712595200
24,24,1,46,3,183.6060204800
24,24,1,47,1,251.9437884800
24,24,1,47,2,251.6139388800
24,24,1,47,3,172.2936406400
24,24,1,48,1,0.0000000000
24,24,1,48,2,253.6108374400
24,24,1,48,3,216.0084480000
24,24,1,49,1,243.7973910400
24,24,1,49,2,283.1773939200
24,24,1,49,3,156.2430915200
24,24,1,50,1,211.8157884800
24,24,1,50,2,251.4725750400
24,24,1,50,3,249.8861558400
24,24,1,51,1,210.0839702400
24,24,1,51,2,269.9205859200
24,24,1,51,3,256.6480704000
24,24,1,52,1,218.0171497600
24,24,1,52,2,258.1873680000
24,24,1,52,3,237.4612176000
24,24,1,53,1,193.3295785600
24,24,1,53,2,276.7247785600
24,24,1,53,3,218.3844265600
24,24,1,54,1,253.1218224000
24,24,1,54,2,297.1305219200
24,24,1,54,3,180.5558236800
24,24,1,55,1,304.1401491200
24,24,1,55,2,270.3289708800
24,24,1,55,3,191.4280352000
24,24,1,56,1,319.0107120000
24,24,1,56,2,296.6619120000
24,24,1,56,3,230.4717235200
24,24,1,57,1,318.4444745600
24,24,1,57,2,302.3399049600
24,24,1,57,3,256.3653424000
24,24,1,58,1,319.2569600000
24,24,1,58,2,282.0379734400
24,24,1,58,3,286.5711785600
24,24,1,59,1,316.5524611200
24,24,1,59,2,266.7084800000
24,24,1,59,3,297.0485152000
24,24,1,60,1,309.8650035200
24,24,1,60,2,267.7530035200
24,24,1,60,3,271.4049084800
24,24,1,61,1,302.1056000000
24,24,1,61,2,259.7188121600
24,24,1,61,3,199.5167673600
24,24,1,62,1,273.2583484800
24,24,1,62,2,246.6284473600
24,24,1,62,3,213.3090928000
24,24,1,63,1,238.3100160000
24,24,1,63,2,209.2680105600
24,24,1,63,3,175.6417668996
24,24,1,64,1,196.7271920000
24,24,1,64,2,150.3499932800
24,24,1,64,3,202.5552272000
24,24,1,65,1,229.5695187200
24,24,1,65,2,195.4412908800
24,24,1,65,3,213.9661683200
24,24,1,66,1,233.5309235200
24,24,1,66,2,188.0058793600
24,24,1,66,3,209.0262128000
24,24,1,67,1,226.5932800000
24,24,1,67,2,190.0799132800
24,24,1,67,3,244.6373750400
24,24,1,68,1,259.0321494400
24,24,1,68,2,201.1611305600
24,24,1,68,3,237.7412121600
24,24,1,69,1,259.3182806400
24,24,1,69,2,224.8510915200
24,24,1,69,3,237.5554134400
24,24,1,70,1,273.4625411200
24,24,1,70,2,258.4700963200
24,24,1,70,3,230.6894969600
24,24,1,71,1,252.5563660800
24,24,1,71,2,0.0000000000
24,24,1,71,3,201.4559891200
24,24,1,72,1,272.3708963200
24,24,1,72,2,294.9314208000
24,24,1,72,3,185.7451824000
24,24,1,73,1,268.4127024000
24,24,1,73,2,299.8601763200
24,24,1,73,3,205.5522060800
24,24,1,74,1,236.1856867200
24,24,1,74,2,300.9301696000
24,24,1,74,3,147.9414236800
24,24,1,75,1,212.0231920000
24,24,1,75,2,302.7968000000
24,24,1,75,3,162.0769625600
24,24,1,76,1,228.7917558400
24,24,1,76,2,268.6718697600
24,24,1,76,3,169.1842169600
24,24,1,77,1,231.8551040000
24,24,1,77,2,266.8046489600
24,24,1,77,3,182.3918643200
24,24,1,78,1,256.6794848000
24,24,1,78,2,279.9495811200
24,24,1,78,3,153.7950374400
24,24,1,79,1,275.0411065600
24,24,1,79,2,196.3953465600
24,24,1,79,3,162.0177356800
24,24,1,80,1,296.0956745600
24,24,1,80,2,160.2606643200
24,24,1,80,3,199.3404745600
24,24,1,81,1,285.4706332800
24,24,1,81,2,289.3667840000
24,24,1,81,3,200.6818560000
24,24,1,82,1,313.6755200000
24,24,1,82,2,302.9725289600
24,24,1,82,3,233.7901776000
24,24,1,83,1,316.8642169600
24,24,1,83,2,317.1908412800
24,24,1,83,3,211.2661696000
24,24,1,84,1,306.6433084800
24,24,1,84,2,319.9020800000
24,24,1,84,3,259.0669667200
24,24,1,85,1,282.8553980800
24,24,1,85,2,316.5713356800
24,24,1,85,3,259.3654019200
24,24,1,86,1,253.8462454400
24,24,1,86,2,305.6826576000
24,24,1,86,3,275.8752854400
24,24,1,87,1,258.6271673600
24,24,1,87,2,303.5348611200
24,24,1,87,3,251.0170684800
24,24,1,88,1,258.8627740800
24,24,1,88,2,303.0154848000
24,24,1,88,3,158.0791321600
24,24,1,89,1,232.9605641600
24,24,1,89,2,296.7296000000
24,24,1,89,3,166.0451795200
24,24,1,90,1,225.2347878400
24,24,1,90,2,303.5192406400
24,24,1,90,3,167.4970665600
24,24,1,91,1,216.3857494400
24,24,1,91,2,271.0279376000
24,24,1,91,3,196.2605340800
24,24,1,92,1,157.7533830400
24,24,1,92,2,247.9306195200
24,24,1,92,3,242.4077884800
24,24,1,93,1,197.8990211200
24,24,1,93,2,262.3104867200
24,24,1,93,3,276.3369436800
24,24,1,94,1,233.3546304000
24,24,1,94,2,264.0287145600
24,24,1,94,3,256.7580204800
24,24,1,95,1,266.8969654400
24,24,1,95,2,261.6664950400
24,24,1,95,3,284.2621014400
24,24,1,96,1,288.3782825600
24,24,1,96,2,262.2005369600
24,24,1,96,3,279.5254889600
24,24,1,97,1,251.3469180800
24,24,1,97,2,0.0000000000
24,24,1,97,3,220.4541395200
24,24,1,98,1,208.6839974400
24,24,1,98,2,317.2931254400
24,24,1,98,3,234.9308963200
24,24,1,99,1,215.9223756800
24,24,1,99,2,309.1347526400
24,24,1,99,3,227.4747443200
24,24,1,100,1,235.2316310400
24,24,1,100,2,156.4405152000
24,24,1,100,3,274.0829721600
24,24,1,101,1,202.2726400000
24,24,1,101,2,178.6694400000
24,24,1,101,3,277.3966505600
24,24,1,102,1,216.9386521600
24,24,1,102,2,223.5859308800
24,24,1,102,3,309.9157696000
24,24,1,103,1,88.7658521600
24,24,1,103,2,166.4400272000
24,24,1,103,3,318.2778576000
24,24,1,104,1,77.0547417600
24,24,1,104,2,244.2951593600
24,24,1,104,3,320.0000000000
24,24,1,105,1,204.9889987200
24,24,1,105,2,240.7900419200
24,24,1,105,3,320.0000000000
24,24,1,106,1,232.3487241600
24,24,1,106,2,182.4065065600
24,24,1,106,3,314.4320000000
24,24,1,107,1,285.8711648000
24,24,1,107,2,209.7313843200
24,24,1,107,3,318.8135049600
24,24,1,108,1,294.2368540800
24,24,1,108,2,233.1575974400
24,24,1,108,3,0.0000000000
24,24,1,109,1,282.6017280000
24,24,1,109,2,284.3397206400
24,24,1,109,3,301.7385219200
24,24,1,110,1,262.4832649600
24,24,1,110,2,306.3426169600
24,24,1,110,3,311.3567459200
24,24,1,111,1,246.1514195200
24,24,1,111,2,316.2726400000
24,24,1,111,3,310.0544000000
24,24,1,112,1,273.0620096000
24,24,1,112,2,317.7688950400
24,24,1,112,3,299.7340691200
24,24,1,113,1,260.7947497600
24,24,1,113,2,316.5947660800
24,24,1,113,3,293.1239049600
24,24,1,114,1,227.2663040000
24,24,1,114,2,314.6370169600
24,24,1,114,3,312.7923200000
24,24,1,115,1,177.0219388800
24,24,1,115,2,289.7167008000
24,24,1,115,3,298.5988339200
24,24,1,116,1,216.7616441600
24,24,1,116,2,260.8340176000
24,24,1,116,3,314.7190236800
24,24,1,117,1,220.9519078400
24,24,1,117,2,197.9081814400
24,24,1,117,3,317.9303049600
24,24,1,118,1,197.1523689600
24,24,1,118,2,188.2443932800
24,24,1,118,3,313.0593625600
24,24,1,119,1,227.8377004800
24,24,1,119,2,0.0000000000
24,24,1,119,3,309.6012800000
24,24,1,120,1,270.7687702400
24,24,1,120,2,243.7559104000
24,24,1,120,3,308.8223459200
24,24,1,121,1,239.5041411200
24,24,1,121,2,258.3915606400
24,24,1,121,3,310.0407321600
24,24,1,122,1,224.7370195200
24,24,1,122,2,304.6009491200
24,24,1,122,3,302.0626441600
24,24,1,123,1,179.9240678400
24,24,1,123,2,316.1730169600
24,24,1,123,3,304.5814236800
24,24,1,124,1,143.1736406400
24,24,1,124,2,209.0573235200
24,24,1,124,3,316.7991321600
24,24,1,125,1,155.6064000000
24,24,1,125,2,218.6699520000
24,24,1,125,3,316.1811200000
24,24,1,126,1,125.9910726400
24,24,1,126,2,297.9232540800
24,24,1,126,3,318.3624678400
24,24,1,127,1,175.9064950400
24,24,1,127,2,298.4816812800
24,24,1,127,3,304.0464272000
24,24,1,128,1,184.6227526400
24,24,1,128,2,303.4255187200
24,24,1,128,3,294.3344812800
24,24,1,129,1,204.9851305600
24,24,1,129,2,295.1272134400
24,24,1,129,3,317.2469152000
24,24,1,130,1,213.9624134400
24,24,1,130,2,302.7123200000
24,24,1,130,3,318.3712000000
24,24,1,131,1,202.5759673600
24,24,1,131,2,290.1670617600
24,24,1,131,3,318.2017084800
24,24,1,132,1,245.5706902400
24,24,1,132,2,302.7577491200
24,24,1,132,3,318.8603660800
24,24,1,133,1,241.6241494400
24,24,1,133,2,316.1209491200
24,24,1,133,3,299.3251795200
24,24,1,134,1,189.2606697600
24,24,1,134,2,313.6334102400
24,24,1,134,3,284.0255782400
24,24,1,135,1,179.1343728000
24,24,1,135,2,299.7209600000
24,24,1,135,3,300.9036800000
24,24,1,136,1,190.8991564800
24,24,1,136,2,290.7717859200
24,24,1,136,3,274.9468636800
24,24,1,137,1,156.6478102400
24,24,1,137,2,279.9781516800
24,24,1,137,3,286.3423782400
24,24,1,138,1,150.9083734400
24,24,1,138,2,259.6190720000
24,24,1,138,3,247.7892556800
24,24,1,139,1,185.8799945600
24,24,1,139,2,259.4203769600
24,24,1,139,3,236.2139366400
24,24,1,140,1,222.8800441600
24,24,1,140,2,255.5878400000
24,24,1,140,3,253.9307388800
24,24,1,141,1,282.1407241600
24,24,1,141,2,250.4830265600
24,24,1,141,3,235.5427363200
24,24,1,142,1,193.7509532800
24,24,1,142,2,276.3447974400
24,24,1,142,3,234.1635036800
24,24,1,143,1,212.1232640000
24,24,1,143,2,279.4277120000
24,24,1,143,3,206.8795878400
24,24,1,144,1,179.0554035200
24,24,1,144,2,260.9439673600
24,24,1,144,3,225.4214508800
24,24,1,145,1,147.7834848000
24,24,1,145,2,278.3474550400
24,24,1,145,3,220.3608080000
24,24,1,146,1,144.7234169600
24,24,1,146,2,317.2163254400
24,24,1,146,3,196.2605340800
24,24,1,147,1,133.5492339200
24,24,1,147,2,310.1149289600
24,24,1,147,3,170.2996611200
24,24,1,148,1,116.3445369600
24,24,1,148,2,264.9649897600
24,24,1,148,3,160.9615187200
24,24,1,149,1,151.8693334400
24,24,1,149,2,230.0705705600
24,24,1,149,3,139.0177065600
24,24,1,150,1,171.1203308800
24,24,1,150,2,210.8202521600
24,24,1,150,3,172.6884880000
24,24,1,151,1,155.0684204800
24,24,1,151,2,150.0439865600
24,24,1,151,3,151.2581424000
24,24,1,152,1,264.8786006400
24,24,1,152,2,171.7704678400
24,24,1,152,3,210.5402576000
24,24,1,153,1,199.3612150400
24,24,1,153,2,101.9667958400
24,24,1,153,3,221.3252339200
24,24,1,154,1,206.9210684800
24,24,1,154,2,34.4230400000
24,24,1,154,3,206.3923625600
24,24,1,155,1,247.7421340800
24,24,1,155,2,109.3397910400
24,24,1,155,3,185.1459254400
24,24,1,156,1,227.2968960000
24,24,1,156,2,176.7949017600
24,24,1,156,3,247.5379417600
24,24,1,157,1,225.0475788800
24,24,1,157,2,203.2603987200
24,24,1,157,3,287.5282659200
24,24,1,158,1,202.9804041600
24,24,1,158,2,248.9987036800
24,24,1,158,3,269.9598534400
24,24,1,159,1,189.0874880000
24,24,1,159,2,284.5282060800
24,24,1,159,3,255.7036800000
24,24,1,160,1,155.9370848000
24,24,1,160,2,294.1197017600
24,24,1,160,3,241.5470643200
24,24,1,161,1,184.3068745600
24,24,1,161,2,273.7688297600
24,24,1,161,3,215.4246073600
24,24,1,162,1,144.1410169600
24,24,1,162,2,263.3471564800
24,24,1,162,3,218.3386249600
24,24,1,163,1,168.1765334400
24,24,1,163,2,266.5076905600
24,24,1,163,3,218.5667689600
24,24,1,164,1,128.4754441600
24,24,1,164,2,229.6317395200
24,24,1,164,3,220.6176425600
24,24,1,165,1,161.9782508800
24,24,1,165,2,234.8894156800
24,24,1,165,3,183.2013017600
24,24,1,166,1,119.1384297600
24,24,1,166,2,281.0098115200
24,24,1,166,3,193.2058041600
24,24,1,167,1,153.7061964800
24,24,1,167,2,291.4786060800
24,24,1,167,3,186.3673926400
24,24,1,168,1,150.4715734400
24,24,1,168,2,307.6851200000
24,24,1,168,3,242.4181587200
32,32,1,1,1,274.7112569600
32,32,1,1,2,288.1329897600
32,32,1,1,3,291.9969411200
32,32,1,2,1,278.1726454400
32,32,1,2,2,256.6323635200
32,32,1,2,3,236.3516096000
32,32,1,3,1,307.4868067200
32,32,1,3,2,290.0178441600
32,32,1,3,3,211.4217219200
32,32,1,4,1,317.9810710400
32,32,1,4,2,307.7172067200
32,32,1,4,3,234.9308963200
32,32,1,5,1,251.4490140800
32,32,1,5,2,315.0000550400
32,32,1,5,3,260.3836160000
32,32,1,6,1,269.0638934400
32,32,1,6,2,285.0779552000
32,32,1,6,3,253.4359648000
32,32,1,7,1,279.2034928000
32,32,1,7,2,304.9126400000
32,32,1,7,3,182.1154710400
32,32,1,8,1,294.7367049600
32,32,1,8,2,157.5263459200
32,32,1,8,3,214.3253696000
32,32,1,9,1,275.4337843200
32,32,1,9,2,249.1793356800
32,32,1,9,3,275.2688595200
32,32,1,10,1,296.3963660800
32,32,1,10,2,303.4801897600
32,32,1,10,3,278.1071360000
32,32,1,11,1,314.5702400000
32,32,1,11,2,306.1278374400
32,32,1,11,3,270.1561926400
32,32,1,12,1,318.0090576000
32,32,1,12,2,313.1417600000
32,32,1,12,3,267.3603254400
32,32,1,13,1,310.5562035200
32,32,1,13,2,302.8749017600
32,32,1,13,3,287.9130902400
32,32,1,14,1,245.9854969600
32,32,1,14,2,293.9405475200
32,32,1,14,3,294.9007187200
32,32,1,15,1,265.3026928000
32,32,1,15,2,292.1855574400
32,32,1,15,3,271.7899945600
32,32,1,16,1,251.2399785600
32,32,1,16,2,294.7796611200
32,32,1,16,3,267.0383296000
32,32,1,17,1,212.3965180800
32,32,1,17,2,262.6953110400
32,32,1,17,3,286.5073030400
32,32,1,18,1,181.9871459200
32,32,1,18,2,217.3016080000
32,32,1,18,3,209.1610249600
32,32,1,19,1,187.2799673600
32,32,1,19,2,209.2170240000
32,32,1,19,3,164.3521065600
32,32,1,20,1,228.7087945600
32,32,1,20,2,227.1117884800
32,32,1,20,3,148.6126643200
32,32,1,21,1,195.7259520000
32,32,1,21,2,257.2292339200
32,32,1,21,3,188.0473600000
32,32,1,22,1,262.1926835200
32,32,1,22,2,276.6825004800
32,32,1,22,3,158.1581017600
32,32,1,23,1,293.0179036800
32,32,1,23,2,244.7099660800
32,32,1,23,3,172.0369897600
32,32,1,24,1,266.5906764800
32,32,1,24,2,238.2998185600
32,32,1,24,3,189.2710400000
32,32,1,25,1,280.0438236800
32,32,1,25,2,249.6741097600
32,32,1,25,3,172.9846236800
32,32,1,26,1,264.7112387200
32,32,1,26,2,239.9500582400
32,32,1,26,3,169.7370035200
32,32,1,27,1,274.2086291200
32,32,1,27,2,224.2703619200
32,32,1,27,3,145.7697625600
32,32,1,28,1,300.1686780800
32,32,1,28,2,250.2317126400
32,32,1,28,3,189.6962169600
32,32,1,29,1,170.6226134400
32,32,1,29,2,293.5539200000
32,32,1,29,3,228.5613654400
32,32,1,30,1,107.5145545600
32,32,1,30,2,298.3332880000
32,32,1,30,3,175.6202304000
32,32,1,31,1,137.3101558400
32,32,1,31,2,274.2871648000
32,32,1,31,3,177.5154982400
32,32,1,32,1,224.9755334400
32,32,1,32,2,278.5359404800
32,32,1,32,3,185.9836963200
32,32,1,33,1,218.7534320000
32,32,1,33,2,272.9206454400
32,32,1,33,3,242.3559376000
32,32,1,34,1,294.8172800000
32,32,1,34,2,294.3833600000
32,32,1,34,3,60.5169065600
32,32,1,35,1,264.3052908800
32,32,1,35,2,290.9524176000
32,32,1,35,3,253.0040188800
32,32,1,36,1,240.0537600000
32,32,1,36,2,294.2056134400
32,32,1,36,3,202.5552272000
32,32,1,37,1,260.3078291200
32,32,1,37,2,304.8079187200
32,32,1,37,3,205.0233273600
32,32,1,38,1,212.2720758400
32,32,1,38,2,264.4309478400
32,32,1,38,3,187.9229180800
32,32,1,39,1,220.3423145600
32,32,1,39,2,229.2139945600
32,32,1,39,3,165.6236800000
32,32,1,40,1,180.5558236800
32,32,1,40,2,190.4739795200
32,32,1,40,3,181.4935865600
32,32,1,41,1,158.6516611200
32,32,1,41,2,176.7751593600
32,32,1,41,3,200.7404473600
32,32,1,42,1,87.2928540800
32,32,1,42,2,212.4276284800
32,32,1,42,3,173.8236745600
32,32,1,43,1,164.7717964800
32,32,1,43,2,218.3801059200
32,32,1,43,3,147.7148800000
32,32,1,44,1,176.3010134400
32,32,1,44,2,207.5854505600
32,32,1,44,3,169.6736000000
32,32,1,45,1,182.3622508800
32,32,1,45,2,172.4219660800
32,32,1,45,3,153.7555526400
32,32,1,46,1,224.9547932800
32,32,1,46,2,216.1712595200
32,32,1,46,3,183.6060204800
32,32,1,47,1,0.0000000000
32,32,1,47,2,251.6139388800
32,32,1,47,3,172.2936406400
32,32,1,48,1,275.5751484800
32,32,1,48,2,253.6108374400
32,32,1,48,3,216.0084480000
32,32,1,49,1,243.7973910400
32,32,1,49,2,195.9132829721
32,32,1,49,3,156.2430915200
32,32,1,50,1,211.8157884800
32,32,1,50,2,251.4725750400
32,32,1,50,3,249.8861558400
32,32,1,51,1,210.0839702400
32,32,1,51,2,269.9205859200
32,32,1,51,3,256.6480704000
32,32,1,52,1,218.0171497600
32,32,1,52,2,258.1873680000
32,32,1,52,3,237.4612176000
32,32,1,53,1,193.3295785600
32,32,1,53,2,276.7247785600
32,32,1,53,3,218.3844265600
32,32,1,54,1,253.1218224000
32,32,1,54,2,297.1305219200
32,32,1,54,3,180.5558236800
32,32,1,55,1,304.1401491200
32,32,1,55,2,270.3289708800
32,32,1,55,3,191.4280352000
32,32,1,56,1,319.0107120000
32,32,1,56,2,296.6619120000
32,32,1,56,3,230.4717235200
32,32,1,57,1,318.4444745600
32,32,1,57,2,302.3399049600
32,32,1,57,3,256.3653424000
32,32,1,58,1,319.2569600000
32,32,1,58,2,282.0379734400
32,32,1,58,3,286.5711785600
32,32,1,59,1,316.5524611200
32,32,1,59,2,266.7084800000
32,32,1,59,3,297.0485152000
32,32,1,60,1,309.8650035200
32,32,1,60,2,267.7530035200
32,32,1,60,3,271.4049084800
32,32,1,61,1,302.1056000000
32,32,1,61,2,259.7188121600
32,32,1,61,3,199.5167673600
32,32,1,62,1,273.2583484800
32,32,1,62,2,246.6284473600
32,32,1,62,3,213.3090928000
32,32,1,63,1,238.3100160000
32,32,1,63,2,209.2680105600
32,32,1,63,3,218.9452800000
32,32,1,64,1,196.7271920000
32,32,1,64,2,150.3499932800
32,32,1,64,3,202.5552272000
32,32,1,65,1,229.5695187200
32,32,1,65,2,195.4412908800
32,32,1,65,3,213.9661683200
32,32,1,66,1,233.5309235200
32,32,1,66,2,0.0000000000
32,32,1,66,3,209.0262128000
32,32,1,67,1,226.5932800000
32,32,1,67,2,190.0799132800
32,32,1,67,3,244.6373750400
32,32,1,68,1,259.0321494400
32,32,1,68,2,201.1611305600
32,32,1,68,3,237.7412121600
32,32,1,69,1,259.3182806400
32,32,1,69,2,224.8510915200
32,32,1,69,3,237.5554134400
32,32,1,70,1,273.4625411200
32,32,1,70,2,258.4700963200
32,32,1,70,3,230.6894969600
32,32,1,71,1,252.5563660800
32,32,1,71,2,199.2310563991
32,32,1,71,3,201.4559891200
32,32,1,72,1,272.3708963200
32,32,1,72,2,294.9314208000
32,32,1,72,3,185.7451824000
32,32,1,73,1,268.4127024000
32,32,1,73,2,299.8601763200
32,32,1,73,3,205.5522060800
32,32,1,74,1,236.1856867200
32,32,1,74,2,300.9301696000
32,32,1,74,3,147.9414236800
32,32,1,75,1,212.0231920000
32,32,1,75,2,302.7968000000
32,32,1,75,3,162.0769625600
32,32,1,76,1,228.7917558400
32,32,1,76,2,268.6718697600
32,32,1,76,3,169.1842169600
32,32,1,77,1,231.8551040000
32,32,1,77,2,266.8046489600
32,32,1,77,3,182.3918643200
32,32,1,78,1,256.6794848000
32,32,1,78,2,279.9495811200
32,32,1,78,3,153.7950374400
32,32,1,79,1,275.0411065600
32,32,1,79,2,196.3953465600
32,32,1,79,3,162.0177356800
32,32,1,80,1,296.0956745600
32,32,1,80,2,160.2606643200
32,32,1,80,3,199.3404745600
32,32,1,81,1,285.4706332800
32,32,1,81,2,289.3667840000
32,32,1,81,3,200.6818560000
32,32,1,82,1,313.6755200000
32,32,1,82,2,302.9725289600
32,32,1,82,3,0.0000000000
32,32,1,83,1,316.8642169600
32,32,1,83,2,317.1908412800
32,32,1,83,3,211.2661696000
32,32,1,84,1,306.6433084800
32,32,1,84,2,319.9020800000
32,32,1,84,3,259.0669667200
32,32,1,85,1,282.8553980800
32,32,1,85,2,316.5713356800
32,32,1,85,3,259.3654019200
32,32,1,86,1,253.8462454400
32,32,1,86,2,305.6826576000
32,32,1,86,3,275.8752854400
32,32,1,87,1,258.6271673600
32,32,1,87,2,303.5348611200
32,32,1,87,3,251.0170684800
32,32,1,88,1,258.8627740800
32,32,1,88,2,303.0154848000
32,32,1,88,3,158.0791321600
32,32,1,89,1,232.9605641600
32,32,1,89,2,296.7296000000
32,32,1,89,3,166.0451795200
32,32,1,90,1,225.2347878400
32,32,1,90,2,303.5192406400
32,32,1,90,3,167.4970665600
32,32,1,91,1,216.3857494400
32,32,1,91,2,271.0279376000
32,32,1,91,3,196.2605340800
32,32,1,92,1,157.7533830400
32,32,1,92,2,247.9306195200
32,32,1,92,3,242.4077884800
32,32,1,93,1,197.8990211200
32,32,1,93,2,262.3104867200
32,32,1,93,3,276.3369436800
32,32,1,94,1,233.3546304000
32,32,1,94,2,264.0287145600
32,32,1,94,3,256.7580204800
32,32,1,95,1,266.8969654400
32,32,1,95,2,261.6664950400
32,32,1,95,3,284.2621014400
32,32,1,96,1,288.3782825600
32,32,1,96,2,262.2005369600
32,32,1,96,3,279.5254889600
32,32,1,97,1,251.3469180800
32,32,1,97,2,296.0956745600
32,32,1,97,3,220.4541395200
32,32,1,98,1,208.6839974400
32,32,1,98,2,317.2931254400
32,32,1,98,3,234.9308963200
32,32,1,99,1,215.9223756800
32,32,1,99,2,309.1347526400
32,32,1,99,3,227.4747443200
32,32,1,100,1,235.2316310400
32,32,1,100,2,156.4405152000
32,32,1,100,3,274.0829721600
32,32,1,101,1,202.2726400000
32,32,1,101,2,178.6694400000
32,32,1,101,3,277.3966505600
32,32,1,102,1,216.9386521600
32,32,1,102,2,223.5859308800
32,32,1,102,3,309.9157696000
32,32,1,103,1,88.7658521600
32,32,1,103,2,166.4400272000
32,32,1,103,3,318.2778576000
32,32,1,104,1,77.0547417600
32,32,1,104,2,244.2951593600
32,32,1,104,3,320.0000000000
32,32,1,105,1,204.9889987200
32,32,1,105,2,240.7900419200
32,32,1,105,3,320.0000000000
32,32,1,106,1,232.3487241600
32,32,1,106,2,182.4065065600
32,32,1,106,3,314.4320000000
32,32,1,107,1,285.8711648000
32,32,1,107,2,209.7313843200
32,32,1,107,3,318.8135049600
32,32,1,108,1,294.2368540800
32,32,1,108,2,233.1575974400
32,32,1,108,3,198.5822058813
32,32,1,109,1,282.6017280000
32,32,1,109,2,284.3397206400
32,32,1,109,3,301.7385219200
32,32,1,110,1,262.4832649600
32,32,1,110,2,306.3426169600
32,32,1,110,3,311.3567459200
32,32,1,111,1,246.1514195200
32,32,1,111,2,316.2726400000
32,32,1,111,3,310.0544000000
32,32,1,112,1,273.0620096000
32,32,1,112,2,317.7688950400
32,32,1,112,3,299.7340691200
32,32,1,113,1,260.7947497600
32,32,1,113,2,316.5947660800
32,32,1,113,3,293.1239049600
32,32,1,114,1,227.2663040000
32,32,1,114,2,314.6370169600
32,32,1,114,3,312.7923200000
32,32,1,115,1,177.0219388800
32,32,1,115,2,289.7167008000
32,32,1,115,3,298.5988339200
32,32,1,116,1,216.7616441600
32,32,1,116,2,260.8340176000
32,32,1,116,3,314.7190236800
32,32,1,117,1,220.9519078400
32,32,1,117,2,197.9081080000
32,32,1,117,3,317.9303049600
32,32,1,118,1,197.1523689600
32,32,1,118,2,188.2443932800
32,32,1,118,3,313.0593625600
32,32,1,119,1,227.8377004800
32,32,1,119,2,260.5120217600
32,32,1,119,3,309.6012800000
32,32,1,120,1,270.7687702400
32,32,1,120,2,243.7559104000
32,32,1,120,3,308.8223459200
32,32,1,121,1,239.5041411200
32,32,1,121,2,258.3915606400
32,32,1,121,3,310.0407321600
32,32,1,122,1,224.7370195200
32,32,1,122,2,304.6009491200
32,32,1,122,3,302.0626441600
32,32,1,123,1,179.9240678400
32,32,1,123,2,316.1730169600
32,32,1,123,3,304.5814236800
32,32,1,124,1,143.1736406400
32,32,1,124,2,209.0573235200
32,32,1,124,3,316.7991321600
32,32,1,125,1,155.6064000000
32,32,1,125,2,218.6699520000
32,32,1,125,3,316.1811200000
32,32,1,126,1,125.9910726400
32,32,1,126,2,297.9232540800
32,32,1,126,3,318.3624678400
32,32,1,127,1,175.9064950400
32,32,1,127,2,298.4816812800
32,32,1,127,3,304.0464272000
32,32,1,128,1,184.6227526400
32,32,1,128,2,303.4255187200
32,32,1,128,3,294.3344812800
32,32,1,129,1,204.9851305600
32,32,1,129,2,295.1272134400
32,32,1,129,3,0.0000000000
32,32,1,130,1,213.9624134400
32,32,1,130,2,302.7123200000
32,32,1,130,3,318.3712000000
32,32,1,131,1,0.0000000000
32,32,1,131,2,290.1670617600
32,32,1,131,3,318.2017084800
32,32,1,132,1,245.5706902400
32,32,1,132,2,302.7577491200
32,32,1,132,3,318.8603660800
32,32,1,133,1,241.6241494400
32,32,1,133,2,316.1209491200
32,32,1,133,3,299.3251795200
32,32,1,134,1,189.2606697600
32,32,1,134,2,313.6334102400
32,32,1,134,3,0.0000000000
32,32,1,135,1,179.1343728000
32,32,1,135,2,299.7209600000
32,32,1,135,3,300.9036800000
32,32,1,136,1,190.8991564800
32,32,1,136,2,0.0000000000
32,32,1,136,3,274.9468636800
32,32,1,137,1,156.6478102400
32,32,1,137,2,279.9781516800
32,32,1,137,3,286.3423782400
32,32,1,138,1,150.9083734400
32,32,1,138,2,259.6190720000
32,32,1,138,3,247.7892556800
32,32,1,139,1,185.8799945600
32,32,1,139,2,259.4203769600
32,32,1,139,3,236.2139366400
32,32,1,140,1,222.8800441600
32,32,1,140,2,255.5878400000
32,32,1,140,3,253.9307388800
32,32,1,141,1,282.1407241600
32,32,1,141,2,250.4830265600
32,32,1,141,3,235.5427363200
32,32,1,142,1,193.7509532800
32,32,1,142,2,276.3447974400
32,32,1,142,3,234.1635036800
32,32,1,143,1,212.1232640000
32,32,1,143,2,279.4277120000
32,32,1,143,3,206.8795878400
32,32,1,144,1,179.0554035200
32,32,1,144,2,260.9439673600
32,32,1,144,3,225.4214508800
32,32,1,145,1,147.7834848000
32,32,1,145,2,278.3474550400
32,32,1,145,3,220.3608080000
32,32,1,146,1,144.7234169600
32,32,1,146,2,317.2163254400
32,32,1,146,3,196.2605340800
32,32,1,147,1,133.5492339200
32,32,1,147,2,310.1149289600
32,32,1,147,3,170.2996611200
32,32,1,148,1,116.3445369600
32,32,1,148,2,264.9649897600
32,32,1,148,3,160.9615187200
32,32,1,149,1,151.8693334400
32,32,1,149,2,230.0705705600
32,32,1,149,3,139.0177065600
32,32,1,150,1,171.1203308800
32,32,1,150,2,210.8202521600
32,32,1,150,3,172.6884880000
32,32,1,151,1,155.0684204800
32,32,1,151,2,150.0439865600
32,32,1,151,3,151.2581424000
32,32,1,152,1,264.8786006400
32,32,1,152,2,171.7704678400
32,32,1,152,3,210.5402576000
32,32,1,153,1,199.3612150400
32,32,1,153,2,101.9667958400
32,32,1,153,3,221.3252339200
32,32,1,154,1,206.9210684800
32,32,1,154,2,34.4230400000
32,32,1,154,3,206.3923625600
32,32,1,155,1,247.7421340800
32,32,1,155,2,109.3397910400
32,32,1,155,3,185.1459254400
32,32,1,156,1,227.2968960000
32,32,1,156,2,176.7949017600
32,32,1,156,3,247.5379417600
32,32,1,157,1,225.0475788800
32,32,1,157,2,203.2603987200
32,32,1,157,3,287.5282659200
32,32,1,158,1,202.9804041600
32,32,1,158,2,248.9987036800
32,32,1,158,3,269.9598534400
32,32,1,159,1,189.0874880000
32,32,1,159,2,284.5282060800
32,32,1,159,3,255.7036800000
32,32,1,160,1,155.9370848000
32,32,1,160,2,294.1197017600
32,32,1,160,3,241.5470643200
32,32,1,161,1,184.3068745600
32,32,1,161,2,273.7688297600
32,32,1,161,3,215.4246073600
32,32,1,162,1,144.1410169600
32,32,1,162,2,263.3471564800
32,32,1,162,3,218.3386249600
32,32,1,163,1,168.1765334400
32,32,1,163,2,266.5076905600
32,32,1,163,3,218.5667689600
32,32,1,164,1,128.4754441600
32,32,1,164,2,229.6317395200
32,32,1,164,3,220.6176425600
32,32,1,165,1,161.9782508800
32,32,1,165,2,234.8894156800
32,32,1,165,3,183.2013017600
32,32,1,166,1,119.1384297600
32,32,1,166,2,281.0098115200
32,32,1,166,3,193.2058041600
32,32,1,167,1,153.7061964800
32,32,1,167,2,291.4786060800
32,32,1,167,3,186.3673926400
32,32,1,168,1,150.4715734400
32,32,1,168,2,307.6851200000
32,32,1,168,3,242.4181587200
36,36,2,1,1,280.0438236800
36,36,2,1,2,249.6741097600
36,36,2,1,3,172.9846236800
36,36,2,2,1,264.7112387200
36,36,2,2,2,239.9500582400
36,36,2,2,3,169.7370035200
36,36,2,3,1,274.2086291200
36,36,2,3,2,224.2703619200
36,36,2,3,3,145.7697625600
36,36,2,4,1,300.1686780800
36,36,2,4,2,250.2317126400
36,36,2,4,3,189.6962169600
36,36,2,5,1,170.6226134400
36,36,2,5,2,285.1759139211
36,36,2,5,3,228.5613654400
36,36,2,6,1,107.5145545600
36,36,2,6,2,298.3332880000
36,36,2,6,3,175.6202304000
36,36,2,7,1,137.3101558400
36,36,2,7,2,274.2871648000
36,36,2,7,3,177.5154982400
36,36,2,8,1,224.9755334400
36,36,2,8,2,278.5359404800
36,36,2,8,3,185.9836963200
36,36,2,9,1,218.7534320000
36,36,2,9,2,272.9206454400
36,36,2,9,3,242.3559376000
36,36,2,10,1,294.8172800000
36,36,2,10,2,294.3833600000
36,36,2,10,3,60.5169065600
36,36,2,11,1,264.3052908800
36,36,2,11,2,288.9529984853
36,36,2,11,3,237.2709208883
36,36,2,12,1,240.0537600000
36,36,2,12,2,294.2056134400
36,36,2,12,3,202.5552272000
36,36,2,13,1,260.3078291200
36,36,2,13,2,304.8079187200
36,36,2,13,3,205.0233273600
36,36,2,14,1,212.2720758400
36,36,2,14,2,264.4309478400
36,36,2,14,3,187.9229180800
36,36,2,15,1,220.3423145600
36,36,2,15,2,229.2139945600
36,36,2,15,3,165.6236800000
36,36,2,16,1,180.5558236800
36,36,2,16,2,190.4739795200
36,36,2,16,3,181.4935865600
36,36,2,17,1,158.6516611200
36,36,2,17,2,176.7751593600
36,36,2,17,3,200.7404473600
36,36,2,18,1,87.2928540800
36,36,2,18,2,212.4276284800
36,36,2,18,3,173.8236745600
36,36,2,19,1,164.7717964800
36,36,2,19,2,218.3801059200
36,36,2,19,3,147.7148800000
36,36,2,20,1,176.3010134400
36,36,2,20,2,207.5854505600
36,36,2,20,3,169.6736000000
36,36,2,21,1,182.3622508800
36,36,2,21,2,172.4219660800
36,36,2,21,3,153.7555526400
36,36,2,22,1,224.9547932800
36,36,2,22,2,216.1712595200
36,36,2,22,3,183.6060204800
36,36,2,23,1,251.9437884800
36,36,2,23,2,119.4159720859
36,36,2,23,3,172.2936406400
36,36,2,24,1,275.5751484800
36,36,2,24,2,253.6108374400
36,36,2,24,3,216.0084480000
36,36,2,25,1,243.7973910400
36,36,2,25,2,283.1773939200
36,36,2,25,3,156.2430915200
36,36,2,26,1,211.8157884800
36,36,2,26,2,0.0000000000
36,36,2,26,3,249.8861558400
36,36,2,27,1,210.0839702400
36,36,2,27,2,269.9205859200
36,36,2,27,3,256.6480704000
36,36,2,28,1,218.0171497600
36,36,2,28,2,258.1873680000
36,36,2,28,3,237.4612176000
36,36,2,29,1,193.3295785600
36,36,2,29,2,276.7247785600
36,36,2,29,3,218.3844265600
36,36,2,30,1,253.1218224000
36,36,2,30,2,0.0000000000
36,36,2,30,3,180.5558236800
36,36,2,31,1,304.1401491200
36,36,2,31,2,270.3289708800
36,36,2,31,3,191.4280352000
36,36,2,32,1,319.0107120000
36,36,2,32,2,296.6619120000
36,36,2,32,3,230.4717235200
36,36,2,33,1,318.4444745600
36,36,2,33,2,302.3399049600
36,36,2,33,3,256.3653424000
36,36,2,34,1,298.7535561597
36,36,2,34,2,282.0379734400
36,36,2,34,3,286.5711785600
36,36,2,35,1,306.5865924618
36,36,2,35,2,0.0000000000
36,36,2,35,3,297.0485152000
36,36,2,36,1,309.8650035200
36,36,2,36,2,267.7530035200
36,36,2,36,3,271.4049084800
36,36,2,37,1,302.1056000000
36,36,2,37,2,259.7188121600
36,36,2,37,3,199.5167673600
36,36,2,38,1,273.2583484800
36,36,2,38,2,0.0000000000
36,36,2,38,3,213.3090928000
36,36,2,39,1,238.3100160000
36,36,2,39,2,209.2680105600
36,36,2,39,3,218.9452800000
36,36,2,40,1,196.7271920000
36,36,2,40,2,150.3499932800
36,36,2,40,3,202.5552272000
36,36,2,41,1,229.5695187200
36,36,2,41,2,195.4412908800
36,36,2,41,3,213.9661683200
36,36,2,42,1,233.5309235200
36,36,2,42,2,188.0058793600
36,36,2,42,3,209.0262128000
36,36,2,43,1,226.5932800000
36,36,2,43,2,190.0799132800
36,36,2,43,3,244.6373750400
36,36,2,44,1,259.0321494400
36,36,2,44,2,201.1611305600
36,36,2,44,3,237.7412121600
36,36,2,45,1,259.3182806400
36,36,2,45,2,224.8510915200
36,36,2,45,3,237.5554134400
36,36,2,46,1,273.4625411200
36,36,2,46,2,258.4700963200
36,36,2,46,3,230.6894969600
36,36,2,47,1,252.5563660800
36,36,2,47,2,264.6115795200
36,36,2,47,3,201.4559891200
36,36,2,48,1,272.3708963200
36,36,2,48,2,294.9314208000
36,36,2,48,3,185.7451824000
36,36,2,49,1,268.4127024000
36,36,2,49,2,299.8601763200
36,36,2,49,3,205.5522060800
36,36,2,50,1,236.1856867200
36,36,2,50,2,300.9301696000
36,36,2,50,3,147.9414236800
36,36,2,51,1,212.0231920000
36,36,2,51,2,302.7968000000
36,36,2,51,3,162.0769625600
36,36,2,52,1,228.7917558400
36,36,2,52,2,268.6718697600
36,36,2,52,3,169.1842169600
36,36,2,53,1,231.8551040000
36,36,2,53,2,266.8046489600
36,36,2,53,3,182.3918643200
36,36,2,54,1,256.6794848000
36,36,2,54,2,279.9495811200
36,36,2,54,3,153.7950374400
36,36,2,55,1,275.0411065600
36,36,2,55,2,196.3953465600
36,36,2,55,3,162.0177356800
36,36,2,56,1,296.0956745600
36,36,2,56,2,160.2606643200
36,36,2,56,3,199.3404745600
36,36,2,57,1,285.4706332800
36,36,2,57,2,289.3667840000
36,36,2,57,3,200.6818560000
36,36,2,58,1,313.6755200000
36,36,2,58,2,302.9725289600
36,36,2,58,3,19.4811069701
36,36,2,59,1,283.0044512873
36,36,2,59,2,317.1908412800
36,36,2,59,3,211.2661696000
36,36,2,60,1,291.7938784549
36,36,2,60,2,319.9020800000
36,36,2,60,3,259.0669667200
36,36,2,61,1,282.8553980800
36,36,2,61,2,316.5713356800
36,36,2,61,3,259.3654019200
36,36,2,62,1,253.8462454400
36,36,2,62,2,305.6826576000
36,36,2,62,3,275.8752854400
36,36,2,63,1,258.6271673600
36,36,2,63,2,303.5348611200
36,36,2,63,3,251.0170684800
36,36,2,64,1,258.8627740800
36,36,2,64,2,303.0154848000
36,36,2,64,3,158.0791321600
36,36,2,65,1,232.9605641600
36,36,2,65,2,296.7296000000
36,36,2,65,3,166.0451795200
36,36,2,66,1,225.2347878400
36,36,2,66,2,303.5192406400
36,36,2,66,3,167.4970665600
36,36,2,67,1,216.3857494400
36,36,2,67,2,271.0279376000
36,36,2,67,3,196.2605340800
36,36,2,68,1,157.7533830400
36,36,2,68,2,247.9306195200
36,36,2,68,3,122.4970265833
36,36,2,69,1,197.8990211200
36,36,2,69,2,262.3104867200
36,36,2,69,3,135.9120800687
36,36,2,70,1,233.3546304000
36,36,2,70,2,264.0287145600
36,36,2,70,3,256.7580204800
36,36,2,71,1,266.8969654400
36,36,2,71,2,261.6664950400
36,36,2,71,3,284.2621014400
36,36,2,72,1,288.3782825600
36,36,2,72,2,262.2005369600
36,36,2,72,3,279.5254889600
36,36,2,73,1,251.3469180800
36,36,2,73,2,291.0671595769
36,36,2,73,3,220.4541395200
36,36,2,74,1,208.6839974400
36,36,2,74,2,285.8530231197
36,36,2,74,3,234.9308963200
36,36,2,75,1,215.9223756800
36,36,2,75,2,291.4274381372
36,36,2,75,3,227.4747443200
36,36,2,76,1,235.2316310400
36,36,2,76,2,156.4405152000
36,36,2,76,3,274.0829721600
36,36,2,77,1,202.2726400000
36,36,2,77,2,178.6694400000
36,36,2,77,3,277.3966505600
36,36,2,78,1,216.9386521600
36,36,2,78,2,223.5859308800
36,36,2,78,3,309.9157696000
36,36,2,79,1,88.7658521600
36,36,2,79,2,166.4400272000
36,36,2,79,3,318.2778576000
36,36,2,80,1,77.0547417600
36,36,2,80,2,244.2951593600
36,36,2,80,3,320.0000000000
36,36,2,81,1,204.9889987200
36,36,2,81,2,165.8160113716
36,36,2,81,3,320.0000000000
36,36,2,82,1,232.3487241600
36,36,2,82,2,182.4065065600
36,36,2,82,3,314.4320000000
36,36,2,83,1,285.8711648000
36,36,2,83,2,209.7313843200
36,36,2,83,3,318.8135049600
36,36,2,84,1,288.6946954008
36,36,2,84,2,233.1575974400
36,36,2,84,3,317.0718374400
36,36,2,85,1,282.6017280000
36,36,2,85,2,284.3397206400
36,36,2,85,3,301.7385219200
36,36,2,86,1,262.4832649600
36,36,2,86,2,290.8786018159
36,36,2,86,3,0.0000000000
36,36,2,87,1,246.1514195200
36,36,2,87,2,293.9057398557
36,36,2,87,3,310.0544000000
36,36,2,88,1,273.0620096000
36,36,2,88,2,303.4852355653
36,36,2,88,3,299.7340691200
36,36,2,89,1,260.7947497600
36,36,2,89,2,294.1006164976
36,36,2,89,3,293.1239049600
36,36,2,90,1,227.2663040000
36,36,2,90,2,314.6370169600
36,36,2,90,3,312.7923200000
36,36,2,91,1,177.0219388800
36,36,2,91,2,289.7167008000
36,36,2,91,3,298.5988339200
36,36,2,92,1,216.7616441600
36,36,2,92,2,260.8340176000
36,36,2,92,3,314.7190236800
36,36,2,93,1,220.9519078400
36,36,2,93,2,197.9081814400
36,36,2,93,3,317.9303049600
36,36,2,94,1,197.1523689600
36,36,2,94,2,188.2443932800
36,36,2,94,3,313.0593625600
36,36,2,95,1,227.8377004800
36,36,2,95,2,260.5120217600
36,36,2,95,3,309.6012800000
36,36,2,96,1,270.7687702400
36,36,2,96,2,243.7559104000
36,36,2,96,3,308.8223459200
36,36,2,97,1,239.5041411200
36,36,2,97,2,258.3915606400
36,36,2,97,3,310.0407321600
36,36,2,98,1,224.7370195200
36,36,2,98,2,304.6009491200
36,36,2,98,3,302.0626441600
36,36,2,99,1,179.9240678400
36,36,2,99,2,316.1730169600
36,36,2,99,3,304.5814236800
36,36,2,100,1,143.1736406400
36,36,2,100,2,209.0573235200
36,36,2,100,3,316.7991321600
36,36,2,101,1,155.6064000000
36,36,2,101,2,218.6699520000
36,36,2,101,3,316.1811200000
36,36,2,102,1,125.9910726400
36,36,2,102,2,297.9232540800
36,36,2,102,3,318.3624678400
36,36,2,103,1,175.9064950400
36,36,2,103,2,298.4816812800
36,36,2,103,3,304.0464272000
36,36,2,104,1,184.6227526400
36,36,2,104,2,303.4255187200
36,36,2,104,3,294.3344812800
36,36,2,105,1,204.9851305600
36,36,2,105,2,295.1272134400
36,36,2,105,3,317.2469152000
36,36,2,106,1,213.9624134400
36,36,2,106,2,302.7123200000
36,36,2,106,3,318.3712000000
36,36,2,107,1,202.5759673600
36,36,2,107,2,290.1670617600
36,36,2,107,3,318.2017084800
36,36,2,108,1,245.5706902400
36,36,2,108,2,302.7577491200
36,36,2,108,3,302.6836892491
36,36,2,109,1,241.6241494400
36,36,2,109,2,316.1209491200
36,36,2,109,3,295.0047741148
36,36,2,110,1,189.2606697600
36,36,2,110,2,290.4712830329
36,36,2,110,3,284.0255782400
36,36,2,111,1,179.1343728000
36,36,2,111,2,289.1729790475
36,36,2,111,3,300.9036800000
36,36,2,112,1,190.8991564800
36,36,2,112,2,290.7717859200
36,36,2,112,3,274.9468636800
36,36,2,113,1,156.6478102400
36,36,2,113,2,279.9781516800
36,36,2,113,3,286.3423782400
36,36,2,114,1,150.9083734400
36,36,2,114,2,259.6190720000
36,36,2,114,3,247.7892556800
36,36,2,115,1,185.8799945600
36,36,2,115,2,34.1538404821
36,36,2,115,3,236.2139366400
36,36,2,116,1,222.8800441600
36,36,2,116,2,255.5878400000
36,36,2,116,3,253.9307388800
36,36,2,117,1,282.1407241600
36,36,2,117,2,250.4830265600
36,36,2,117,3,235.5427363200
36,36,2,118,1,193.7509532800
36,36,2,118,2,276.3447974400
36,36,2,118,3,234.1635036800
36,36,2,119,1,212.1232640000
36,36,2,119,2,279.4277120000
36,36,2,119,3,206.8795878400
36,36,2,120,1,179.0554035200
36,36,2,120,2,260.9439673600
36,36,2,120,3,225.4214508800
36,36,2,121,1,147.7834848000
36,36,2,121,2,139.7923203014
36,36,2,121,3,220.3608080000
36,36,2,122,1,144.7234169600
36,36,2,122,2,288.1653737483
36,36,2,122,3,196.2605340800
36,36,2,123,1,133.5492339200
36,36,2,123,2,289.2534380637
36,36,2,123,3,170.2996611200
36,36,2,124,1,116.3445369600
36,36,2,124,2,0.0000000000
36,36,2,124,3,160.9615187200
36,36,2,125,1,151.8693334400
36,36,2,125,2,230.0705705600
36,36,2,125,3,139.0177065600
36,36,2,126,1,171.1203308800
36,36,2,126,2,210.8202521600
36,36,2,126,3,172.6884880000
36,36,2,127,1,155.0684204800
36,36,2,127,2,150.0439865600
36,36,2,127,3,151.2581424000
36,36,2,128,1,264.8786006400
36,36,2,128,2,171.7704678400
36,36,2,128,3,210.5402576000
36,36,2,129,1,199.3612150400
36,36,2,129,2,101.9667958400
36,36,2,129,3,221.3252339200
36,36,2,130,1,206.9210684800
36,36,2,130,2,34.4230400000
36,36,2,130,3,206.3923625600
36,36,2,131,1,247.7421340800
36,36,2,131,2,109.3397910400
36,36,2,131,3,185.1459254400
36,36,2,132,1,227.2968960000
36,36,2,132,2,176.7949017600
36,36,2,132,3,247.5379417600
36,36,2,133,1,225.0475788800
36,36,2,133,2,203.2603987200
36,36,2,133,3,287.5282659200
36,36,2,134,1,202.9804041600
36,36,2,134,2,248.9987036800
36,36,2,134,3,269.9598534400
36,36,2,135,1,189.0874880000
36,36,2,135,2,284.5282060800
36,36,2,135,3,255.7036800000
36,36,2,136,1,155.9370848000
36,36,2,136,2,294.1197017600
36,36,2,136,3,241.5470643200
36,36,2,137,1,184.3068745600
36,36,2,137,2,273.7688297600
36,36,2,137,3,215.4246073600
36,36,2,138,1,144.1410169600
36,36,2,138,2,263.3471564800
36,36,2,138,3,218.3386249600
36,36,2,139,1,168.1765334400
36,36,2,139,2,266.5076905600
36,36,2,139,3,218.5667689600
36,36,2,140,1,128.4754441600
36,36,2,140,2,229.6317395200
36,36,2,140,3,220.6176425600
36,36,2,141,1,161.9782508800
36,36,2,141,2,234.8894156800
36,36,2,141,3,183.2013017600
36,36,2,142,1,119.1384297600
36,36,2,142,2,281.0098115200
36,36,2,142,3,193.2058041600
36,36,2,143,1,153.7061964800
36,36,2,143,2,291.4786060800
36,36,2,143,3,186.3673926400
36,36,2,144,1,150.4715734400
36,36,2,144,2,307.6851200000
36,36,2,144,3,242.4181587200
36,36,2,145,1,274.7112569600
36,36,2,145,2,288.1329897600
36,36,2,145,3,291.9969411200
36,36,2,146,1,278.1726454400
36,36,2,146,2,256.6323635200
36,36,2,146,3,236.3516096000
36,36,2,147,1,307.4868067200
36,36,2,147,2,290.0178441600
36,36,2,147,3,211.4217219200
36,36,2,148,1,317.9810710400
36,36,2,148,2,307.7172067200
36,36,2,148,3,234.9308963200
36,36,2,149,1,251.4490140800
36,36,2,149,2,315.0000550400
36,36,2,149,3,260.3836160000
36,36,2,150,1,269.0638934400
36,36,2,150,2,285.0779552000
36,36,2,150,3,253.4359648000
36,36,2,151,1,279.2034928000
36,36,2,151,2,304.9126400000
36,36,2,151,3,182.1154710400
36,36,2,152,1,294.7367049600
36,36,2,152,2,157.5263459200
36,36,2,152,3,214.3253696000
36,36,2,153,1,275.4337843200
36,36,2,153,2,249.1793356800
36,36,2,153,3,275.2688595200
36,36,2,154,1,296.3963660800
36,36,2,154,2,303.4801897600
36,36,2,154,3,278.1071360000
36,36,2,155,1,314.5702400000
36,36,2,155,2,306.1278374400
36,36,2,155,3,270.1561926400
36,36,2,156,1,318.0090576000
36,36,2,156,2,313.1417600000
36,36,2,156,3,267.3603254400
36,36,2,157,1,310.5562035200
36,36,2,157,2,302.8749017600
36,36,2,157,3,287.9130902400
36,36,2,158,1,245.9854969600
36,36,2,158,2,293.9405475200
36,36,2,158,3,294.9007187200
36,36,2,159,1,265.3026928000
36,36,2,159,2,292.1855574400
36,36,2,159,3,271.7899945600
36,36,2,160,1,251.2399785600
36,36,2,160,2,294.7796611200
36,36,2,160,3,267.0383296000
36,36,2,161,1,212.3965180800
36,36,2,161,2,262.6953110400
36,36,2,161,3,286.5073030400
36,36,2,162,1,181.9871459200
36,36,2,162,2,217.3016080000
36,36,2,162,3,209.1610249600
36,36,2,163,1,187.2799673600
36,36,2,163,2,209.2170240000
36,36,2,163,3,164.3521065600
36,36,2,164,1,228.7087945600
36,36,2,164,2,227.1117884800
36,36,2,164,3,148.6126643200
36,36,2,165,1,195.7259520000
36,36,2,165,2,257.2292339200
36,36,2,165,3,188.0473600000
36,36,2,166,1,262.1926835200
36,36,2,166,2,276.6825004800
36,36,2,166,3,158.1581017600
36,36,2,167,1,293.0179036800
36,36,2,167,2,244.7099660800
36,36,2,167,3,172.0369897600
36,36,2,168,1,266.5906764800
36,36,2,168,2,238.2998185600
36,36,2,168,3,189.2710400000
42,42,2,1,1,21.6283183540
42,42,2,1,2,0.0000000000
42,42,2,1,3,131.8598566122
42,42,2,2,1,36.5180997759
42,42,2,2,2,119.2941235038
42,42,2,2,3,169.7370035200
42,42,2,3,1,15.2550889256
42,42,2,3,2,0.0000000000
42,42,2,3,3,145.7697625600
42,42,2,4,1,0.0000000000
42,42,2,4,2,151.2559636243
42,42,2,4,3,189.6962169600
42,42,2,5,1,170.6226134400
42,42,2,5,2,0.0000000000
42,42,2,5,3,119.9607189495
42,42,2,6,1,107.5145545600
42,42,2,6,2,197.0471650149
42,42,2,6,3,175.6202304000
42,42,2,7,1,137.3101558400
42,42,2,7,2,15.7825390751
42,42,2,7,3,177.5154982400
42,42,2,8,1,72.5123880165
42,42,2,8,2,278.5359404800
42,42,2,8,3,185.9836963200
42,42,2,9,1,218.7534320000
42,42,2,9,2,3.3128819100
42,42,2,9,3,60.3808000241
42,42,2,10,1,0.7169957998
42,42,2,10,2,0.1500502587
42,42,2,10,3,60.5169065600
42,42,2,11,1,26.3561285896
42,42,2,11,2,0.0000000000
42,42,2,11,3,0.0000000000
42,42,2,12,1,0.0000000000
42,42,2,12,2,294.2056134400
42,42,2,12,3,202.5552272000
42,42,2,13,1,147.7230141197
42,42,2,13,2,304.8079187200
42,42,2,13,3,95.2758717130
42,42,2,14,1,212.2720758400
42,42,2,14,2,31.0454539571
42,42,2,14,3,110.5727355268
42,42,2,15,1,107.0205348492
42,42,2,15,2,68.3017595206
42,42,2,15,3,165.6236800000
42,42,2,16,1,180.5558236800
42,42,2,16,2,112.2291234202
42,42,2,16,3,170.7422501754
42,42,2,17,1,158.6516611200
42,42,2,17,2,176.7751593600
42,42,2,17,3,100.5005758484
42,42,2,18,1,87.2928540800
42,42,2,18,2,212.4276284800
42,42,2,18,3,173.8236745600
42,42,2,19,1,164.7717964800
42,42,2,19,2,218.3801059200
42,42,2,19,3,147.7148800000
42,42,2,20,1,176.3010134400
42,42,2,20,2,207.5854505600
42,42,2,20,3,169.6736000000
42,42,2,21,1,182.3622508800
42,42,2,21,2,172.4219660800
42,42,2,21,3,153.7555526400
42,42,2,22,1,122.4024054183
42,42,2,22,2,216.1712595200
42,42,2,22,3,183.6060204800
42,42,2,23,1,43.5471806759
42,42,2,23,2,0.0000000000
42,42,2,23,3,172.2936406400
42,42,2,24,1,0.0000000000
42,42,2,24,2,10.3726084508
42,42,2,24,3,216.0084480000
42,42,2,25,1,79.9219658401
42,42,2,25,2,283.1773939200
42,42,2,25,3,156.2430915200
42,42,2,26,1,125.7031690011
42,42,2,26,2,110.7480918498
42,42,2,26,3,249.8861558400
42,42,2,27,1,95.4206076591
42,42,2,27,2,95.9754443754
42,42,2,27,3,256.6480704000
42,42,2,28,1,76.3216619555
42,42,2,28,2,154.3270864374
42,42,2,28,3,237.4612176000
42,42,2,29,1,193.3295785600
42,42,2,29,2,17.6831384997
42,42,2,29,3,218.3844265600
42,42,2,30,1,253.1218224000
42,42,2,30,2,0.0000000000
42,42,2,30,3,180.5558236800
42,42,2,31,1,284.0543796184
42,42,2,31,2,35.9266069490
42,42,2,31,3,191.4280352000
42,42,2,32,1,0.0000000000
42,42,2,32,2,4.0493615931
42,42,2,32,3,230.4717235200
42,42,2,33,1,0.0000000000
42,42,2,33,2,0.0000000000
42,42,2,33,3,173.8498517160
42,42,2,34,1,0.0000000000
42,42,2,34,2,16.6915259007
42,42,2,34,3,286.5711785600
42,42,2,35,1,0.0000000000
42,42,2,35,2,34.1636174840
42,42,2,35,3,59.3603203075
42,42,2,36,1,142.5244041693
42,42,2,36,2,120.8850516214
42,42,2,36,3,271.4049084800
42,42,2,37,1,0.0000000000
42,42,2,37,2,39.7539278791
42,42,2,37,3,199.5167673600
42,42,2,38,1,263.5144049189
42,42,2,38,2,5.5134309035
42,42,2,38,3,213.3090928000
42,42,2,39,1,238.3100160000
42,42,2,39,2,209.2680105600
42,42,2,39,3,218.9452800000
42,42,2,40,1,196.7271920000
42,42,2,40,2,150.3499932800
42,42,2,40,3,202.5552272000
42,42,2,41,1,229.5695187200
42,42,2,41,2,195.4412908800
42,42,2,41,3,213.9661683200
42,42,2,42,1,233.5309235200
42,42,2,42,2,188.0058793600
42,42,2,42,3,209.0262128000
42,42,2,43,1,226.5932800000
42,42,2,43,2,190.0799132800
42,42,2,43,3,244.6373750400
42,42,2,44,1,259.0321494400
42,42,2,44,2,201.1611305600
42,42,2,44,3,237.7412121600
42,42,2,45,1,259.3182806400
42,42,2,45,2,224.8510915200
42,42,2,45,3,237.5554134400
42,42,2,46,1,236.5909178085
42,42,2,46,2,0.0000000000
42,42,2,46,3,230.6894969600
42,42,2,47,1,194.2362689151
42,42,2,47,2,109.6626361228
42,42,2,47,3,201.4559891200
42,42,2,48,1,0.0000000000
42,42,2,48,2,55.4503612387
42,42,2,48,3,185.7451824000
42,42,2,49,1,158.2528267592
42,42,2,49,2,8.4725445151
42,42,2,49,3,205.5522060800
42,42,2,50,1,236.1856867200
42,42,2,50,2,0.0000000000
42,42,2,50,3,147.9414236800
42,42,2,51,1,212.0231920000
42,42,2,51,2,5.1173217947
42,42,2,51,3,162.0769625600
42,42,2,52,1,228.7917558400
42,42,2,52,2,84.4638674361
42,42,2,52,3,169.1842169600
42,42,2,53,1,231.8551040000
42,42,2,53,2,35.2581375833
42,42,2,53,3,182.3918643200
42,42,2,54,1,116.3117196937
42,42,2,54,2,13.1964983952
42,42,2,54,3,153.7950374400
42,42,2,55,1,24.4691364743
42,42,2,55,2,140.6230707118
42,42,2,55,3,162.0177356800
42,42,2,56,1,0.0000000000
42,42,2,56,2,160.2606643200
42,42,2,56,3,199.3404745600
42,42,2,57,1,0.0000000000
42,42,2,57,2,0.0000000000
42,42,2,57,3,200.6818560000
42,42,2,58,1,0.0000000000
42,42,2,58,2,0.0000000000
42,42,2,58,3,0.0000000000
42,42,2,59,1,0.0000000000
42,42,2,59,2,0.0000000000
42,42,2,59,3,211.2661696000
42,42,2,60,1,0.0000000000
42,42,2,60,2,0.0000000000
42,42,2,60,3,47.4884112036
42,42,2,61,1,7.8553053423
42,42,2,61,2,0.0000000000
42,42,2,61,3,48.8025346004
42,42,2,62,1,49.2790578470
42,42,2,62,2,0.0000000000
42,42,2,62,3,40.6191802405
42,42,2,63,1,187.7214736407
42,42,2,63,2,67.2012663533
42,42,2,63,3,0.0000000000
42,42,2,64,1,258.8627740800
42,42,2,64,2,170.3039044864
42,42,2,64,3,158.0791321600
42,42,2,65,1,232.9605641600
42,42,2,65,2,0.0000000000
42,42,2,65,3,166.0451795200
42,42,2,66,1,225.2347878400
42,42,2,66,2,303.3389816411
42,42,2,66,3,167.4970665600
42,42,2,67,1,216.3857494400
42,42,2,67,2,271.0279376000
42,42,2,67,3,196.2605340800
42,42,2,68,1,157.7533830400
42,42,2,68,2,103.9388651214
42,42,2,68,3,242.4077884800
42,42,2,69,1,180.4865636368
42,42,2,69,2,262.3104867200
42,42,2,69,3,0.0000000000
42,42,2,70,1,71.0343689828
42,42,2,70,2,80.4735487445
42,42,2,70,3,0.0000000000
42,42,2,71,1,103.6340017438
42,42,2,71,2,261.6664950400
42,42,2,71,3,37.0296613564
42,42,2,72,1,14.0032810805
42,42,2,72,2,35.7889592230
42,42,2,72,3,191.3910897299
42,42,2,73,1,53.8964312459
42,42,2,73,2,0.0000000000
42,42,2,73,3,220.4541395200
42,42,2,74,1,208.6839974400
42,42,2,74,2,0.0000000000
42,42,2,74,3,234.9308963200
42,42,2,75,1,215.9223756800
42,42,2,75,2,0.0000000000
42,42,2,75,3,227.4747443200
42,42,2,76,1,235.2316310400
42,42,2,76,2,156.4405152000
42,42,2,76,3,161.3729281271
42,42,2,77,1,202.2726400000
42,42,2,77,2,178.6694400000
42,42,2,77,3,78.6841702820
42,42,2,78,1,198.6306921957
42,42,2,78,2,79.1272977092
42,42,2,78,3,134.9301083931
42,42,2,79,1,88.7658521600
42,42,2,79,2,166.4400272000
42,42,2,79,3,146.5913779515
42,42,2,80,1,77.0547417600
42,42,2,80,2,244.2951593600
42,42,2,80,3,133.2068756493
42,42,2,81,1,96.2246490490
42,42,2,81,2,0.0000000000
42,42,2,81,3,124.1574967421
42,42,2,82,1,56.2229331444
42,42,2,82,2,182.4065065600
42,42,2,82,3,154.6467812460
42,42,2,83,1,0.0000000000
42,42,2,83,2,209.7313843200
42,42,2,83,3,114.1871291946
42,42,2,84,1,0.0000000000
42,42,2,84,2,0.0000000000
42,42,2,84,3,0.0000000000
42,42,2,85,1,15.8223820132
42,42,2,85,2,3.6446797602
42,42,2,85,3,0.0000000000
42,42,2,86,1,106.5420342564
42,42,2,86,2,0.0000000000
42,42,2,86,3,0.0000000000
42,42,2,87,1,106.1270628530
42,42,2,87,2,0.0000000000
42,42,2,87,3,0.0000000000
42,42,2,88,1,65.2313646373
42,42,2,88,2,0.0000000000
42,42,2,88,3,158.3658077153
42,42,2,89,1,228.1379556389
42,42,2,89,2,0.0000000000
42,42,2,89,3,121.1161411582
42,42,2,90,1,227.2663040000
42,42,2,90,2,314.6370169600
42,42,2,90,3,113.0580294030
42,42,2,91,1,177.0219388800
42,42,2,91,2,13.0052365026
42,42,2,91,3,0.0000000000
42,42,2,92,1,216.7616441600
42,42,2,92,2,260.8340176000
42,42,2,92,3,0.0000000000
42,42,2,93,1,220.9519078400
42,42,2,93,2,197.9081814400
42,42,2,93,3,0.0000000000
42,42,2,94,1,197.1523689600
42,42,2,94,2,188.2443932800
42,42,2,94,3,16.1729523880
42,42,2,95,1,87.2995323713
42,42,2,95,2,0.0000000000
42,42,2,95,3,0.0000000000
42,42,2,96,1,26.5984488601
42,42,2,96,2,2.9772179827
42,42,2,96,3,0.0000000000
42,42,2,97,1,173.1200652859
42,42,2,97,2,118.5083801836
42,42,2,97,3,208.3887480465
42,42,2,98,1,224.7370195200
42,42,2,98,2,126.6915421950
42,42,2,98,3,146.9536510946
42,42,2,99,1,179.9240678400
42,42,2,99,2,94.5534948761
42,42,2,99,3,184.1032776127
42,42,2,100,1,143.1736406400
42,42,2,100,2,209.0573235200
42,42,2,100,3,0.0000000000
42,42,2,101,1,155.6064000000
42,42,2,101,2,218.6699520000
42,42,2,101,3,0.0000000000
42,42,2,102,1,125.9910726400
42,42,2,102,2,210.4012410977
42,42,2,102,3,0.0000000000
42,42,2,103,1,175.9064950400
42,42,2,103,2,298.4816812800
42,42,2,103,3,0.0000000000
42,42,2,104,1,184.6227526400
42,42,2,104,2,98.5831149507
42,42,2,104,3,0.0000000000
42,42,2,105,1,204.9851305600
42,42,2,105,2,172.6695495488
42,42,2,105,3,0.0000000000
42,42,2,106,1,213.9624134400
42,42,2,106,2,302.7123200000
42,42,2,106,3,0.0000000000
42,42,2,107,1,98.2171335808
42,42,2,107,2,290.1670617600
42,42,2,107,3,0.0000000000
42,42,2,108,1,49.9472010437
42,42,2,108,2,156.7667138477
42,42,2,108,3,0.0000000000
42,42,2,109,1,58.6009961292
42,42,2,109,2,0.0000000000
42,42,2,109,3,0.0000000000
42,42,2,110,1,180.7456258962
42,42,2,110,2,0.0000000000
42,42,2,110,3,0.0000000000
42,42,2,111,1,179.1343728000
42,42,2,111,2,0.0000000000
42,42,2,111,3,33.8407653961
42,42,2,112,1,143.7098665548
42,42,2,112,2,67.8595654282
42,42,2,112,3,17.1826780252
42,42,2,113,1,156.6478102400
42,42,2,113,2,10.2536861722
42,42,2,113,3,8.2128383893
42,42,2,114,1,150.9083734400
42,42,2,114,2,27.1004423498
42,42,2,114,3,40.5049641662
42,42,2,115,1,185.8799945600
42,42,2,115,2,259.4203769600
42,42,2,115,3,58.0436700170
42,42,2,116,1,222.8800441600
42,42,2,116,2,78.2758464462
42,42,2,116,3,33.3593118385
42,42,2,117,1,252.4948687196
42,42,2,117,2,250.4830265600
42,42,2,117,3,51.5729009523
42,42,2,118,1,193.7509532800
42,42,2,118,2,231.1991991013
42,42,2,118,3,54.7980026805
42,42,2,119,1,212.1232640000
42,42,2,119,2,0.0000000000
42,42,2,119,3,84.8555790206
42,42,2,120,1,179.0554035200
42,42,2,120,2,6.0509886746
42,42,2,120,3,65.0029332743
42,42,2,121,1,147.7834848000
42,42,2,121,2,0.0000000000
42,42,2,121,3,166.0453705136
42,42,2,122,1,144.7234169600
42,42,2,122,2,0.0000000000
42,42,2,122,3,98.6466075942
42,42,2,123,1,133.5492339200
42,42,2,123,2,0.0000000000
42,42,2,123,3,125.5139994361
42,42,2,124,1,116.3445369600
42,42,2,124,2,245.2690958119
42,42,2,124,3,130.3903207463
42,42,2,125,1,151.8693334400
42,42,2,125,2,230.0705705600
42,42,2,125,3,139.0177065600
42,42,2,126,1,171.1203308800
42,42,2,126,2,210.8202521600
42,42,2,126,3,117.1155430458
42,42,2,127,1,155.0684204800
42,42,2,127,2,150.0439865600
42,42,2,127,3,147.9397837298
42,42,2,128,1,105.8013339458
42,42,2,128,2,128.4522496858
42,42,2,128,3,86.7236599491
42,42,2,129,1,199.3612150400
42,42,2,129,2,101.9667958400
42,42,2,129,3,97.2354398452
42,42,2,130,1,206.9210684800
42,42,2,130,2,34.4230400000
42,42,2,130,3,206.3923625600
42,42,2,131,1,230.4941307644
42,42,2,131,2,109.3397910400
42,42,2,131,3,185.1459254400
42,42,2,132,1,128.7662404318
42,42,2,132,2,176.7949017600
42,42,2,132,3,0.0000000000
42,42,2,133,1,220.1727580028
42,42,2,133,2,203.2603987200
42,42,2,133,3,9.1512153392
42,42,2,134,1,202.9804041600
42,42,2,134,2,39.3490630298
42,42,2,134,3,0.0000000000
42,42,2,135,1,189.0874880000
42,42,2,135,2,20.2171119378
42,42,2,135,3,39.9649098629
42,42,2,136,1,155.9370848000
42,42,2,136,2,0.0000000000
42,42,2,136,3,132.6251102880
42,42,2,137,1,184.3068745600
42,42,2,137,2,25.9943005954
42,42,2,137,3,215.4246073600
42,42,2,138,1,144.1410169600
42,42,2,138,2,75.0810098318
42,42,2,138,3,205.3831511346
42,42,2,139,1,168.1765334400
42,42,2,139,2,70.4250675837
42,42,2,139,3,218.5667689600
42,42,2,140,1,128.4754441600
42,42,2,140,2,144.0159598354
42,42,2,140,3,191.4494800126
42,42,2,141,1,143.4769887590
42,42,2,141,2,102.0443484424
42,42,2,141,3,183.2013017600
42,42,2,142,1,119.1384297600
42,42,2,142,2,20.9364242094
42,42,2,142,3,193.2058041600
42,42,2,143,1,153.7061964800
42,42,2,143,2,13.3741836554
42,42,2,143,3,186.3673926400
42,42,2,144,1,150.4715734400
42,42,2,144,2,0.7035101906
42,42,2,144,3,242.4181587200
42,42,2,145,1,274.7112169600
42,42,2,145,2,12.5161678942
42,42,2,145,3,238.7902521454
42,42,2,146,1,278.1726454400
42,42,2,146,2,32.8694531067
42,42,2,146,3,236.3516096000
42,42,2,147,1,303.4486768549
42,42,2,147,2,2.9025707266
42,42,2,147,3,211.4217219200
42,42,2,148,1,306.6725943168
42,42,2,148,2,252.2308875968
42,42,2,148,3,234.9308963200
42,42,2,149,1,251.4490140800
42,42,2,149,2,222.7771558254
42,42,2,149,3,260.3836160000
42,42,2,150,1,269.0638934400
42,42,2,150,2,106.6314931652
42,42,2,150,3,253.4359648000
42,42,2,151,1,279.2034928000
42,42,2,151,2,304.9126400000
42,42,2,151,3,182.1154710400
42,42,2,152,1,10.4181143121
42,42,2,152,2,157.5263459200
42,42,2,152,3,214.3253696000
42,42,2,153,1,275.4337843200
42,42,2,153,2,249.1793356800
42,42,2,153,3,252.0240729675
42,42,2,154,1,0.0000000000
42,42,2,154,2,303.4801897600
42,42,2,154,3,278.1071360000
42,42,2,155,1,57.5685199655
42,42,2,155,2,306.1278374400
42,42,2,155,3,270.1561926400
42,42,2,156,1,159.8631311979
42,42,2,156,2,86.1436676597
42,42,2,156,3,131.0645868881
42,42,2,157,1,182.6252966795
42,42,2,157,2,0.0000000000
42,42,2,157,3,8.8741455808
42,42,2,158,1,245.9854969600
42,42,2,158,2,0.0000000000
42,42,2,158,3,8.6547400112
42,42,2,159,1,265.3026928000
42,42,2,159,2,6.3270687895
42,42,2,159,3,85.6324427802
42,42,2,160,1,251.2399785600
42,42,2,160,2,2.5721480628
42,42,2,160,3,164.3030862200
42,42,2,161,1,212.3965180800
42,42,2,161,2,40.7626833697
42,42,2,161,3,269.9009351563
42,42,2,162,1,181.9871459200
42,42,2,162,2,217.3016080000
42,42,2,162,3,209.1610249600
42,42,2,163,1,187.2799673600
42,42,2,163,2,209.2170240000
42,42,2,163,3,164.3521065600
42,42,2,164,1,228.7087945600
42,42,2,164,2,227.1117884800
42,42,2,164,3,148.6126643200
42,42,2,165,1,195.7259520000
42,42,2,165,2,213.6253453558
42,42,2,165,3,188.0473600000
42,42,2,166,1,262.1926835200
42,42,2,166,2,22.9484762719
42,42,2,166,3,158.1581017600
42,42,2,167,1,202.9832741900
42,42,2,167,2,51.7801953073
42,42,2,167,3,172.0369897600
42,42,2,168,1,266.5906764800
42,42,2,168,2,52.2132801611
42,42,2,168,3,189.2710400000
56,56,2,1,1,280.0438236800
56,56,2,1,2,249.6741097600
56,56,2,1,3,172.9846236800
56,56,2,2,1,264.7112387200
56,56,2,2,2,239.9500582400
56,56,2,2,3,169.7370035200
56,56,2,3,1,274.2086291200
56,56,2,3,2,221.7247437617
56,56,2,3,3,145.7697625600
56,56,2,4,1,300.1686780800
56,56,2,4,2,250.2317126400
56,56,2,4,3,189.6962169600
56,56,2,5,1,170.6226134400
56,56,2,5,2,293.5539200000
56,56,2,5,3,228.5613654400
56,56,2,6,1,107.5145545600
56,56,2,6,2,220.1118876077
56,56,2,6,3,175.6202304000
56,56,2,7,1,137.3101558400
56,56,2,7,2,274.2871648000
56,56,2,7,3,177.5154982400
56,56,2,8,1,224.9755334400
56,56,2,8,2,278.5359404800
56,56,2,8,3,185.9836963200
56,56,2,9,1,218.1390456574
56,56,2,9,2,272.9206454400
56,56,2,9,3,242.3559376000
56,56,2,10,1,294.8172800000
56,56,2,10,2,294.3833600000
56,56,2,10,3,60.5169065600
56,56,2,11,1,264.3052908800
56,56,2,11,2,290.9524176000
56,56,2,11,3,222.1586995056
56,56,2,12,1,240.0537600000
56,56,2,12,2,294.2056134400
56,56,2,12,3,202.5552272000
56,56,2,13,1,222.0839439395
56,56,2,13,2,304.8079187200
56,56,2,13,3,205.0233273600
56,56,2,14,1,212.2720758400
56,56,2,14,2,264.4309478400
56,56,2,14,3,187.9229180800
56,56,2,15,1,220.3423145600
56,56,2,15,2,222.3256323708
56,56,2,15,3,165.6236800000
56,56,2,16,1,180.5558236800
56,56,2,16,2,190.4739795200
56,56,2,16,3,181.4935865600
56,56,2,17,1,158.6516611200
56,56,2,17,2,176.7751593600
56,56,2,17,3,200.7404473600
56,56,2,18,1,87.2928540800
56,56,2,18,2,212.4276284800
56,56,2,18,3,173.8236745600
56,56,2,19,1,164.7717964800
56,56,2,19,2,218.3801059200
56,56,2,19,3,147.7148800000
56,56,2,20,1,176.3010134400
56,56,2,20,2,207.5854505600
56,56,2,20,3,169.6736000000
56,56,2,21,1,182.3622508800
56,56,2,21,2,172.4219660800
56,56,2,21,3,153.7555526400
56,56,2,22,1,224.9547932800
56,56,2,22,2,216.1712595200
56,56,2,22,3,183.6060204800
56,56,2,23,1,251.9437884800
56,56,2,23,2,225.7476824691
56,56,2,23,3,172.2936406400
56,56,2,24,1,275.5751484800
56,56,2,24,2,253.6108374400
56,56,2,24,3,216.0084480000
56,56,2,25,1,243.7973910400
56,56,2,25,2,283.1773939200
56,56,2,25,3,156.2430915200
56,56,2,26,1,211.8157884800
56,56,2,26,2,251.4725750400
56,56,2,26,3,249.8861558400
56,56,2,27,1,210.0839702400
56,56,2,27,2,269.9205859200
56,56,2,27,3,256.6480704000
56,56,2,28,1,218.0171497600
56,56,2,28,2,258.1873680000
56,56,2,28,3,237.4612176000
56,56,2,29,1,193.3295785600
56,56,2,29,2,276.7247785600
56,56,2,29,3,218.3844265600
56,56,2,30,1,253.1218224000
56,56,2,30,2,297.1305219200
56,56,2,30,3,180.5558236800
56,56,2,31,1,304.1401491200
56,56,2,31,2,270.3289708800
56,56,2,31,3,191.4280352000
56,56,2,32,1,319.0107120000
56,56,2,32,2,296.6619120000
56,56,2,32,3,230.4717235200
56,56,2,33,1,318.4444745600
56,56,2,33,2,302.3399049600
56,56,2,33,3,256.3653424000
56,56,2,34,1,319.2569600000
56,56,2,34,2,223.0594364827
56,56,2,34,3,286.5711785600
56,56,2,35,1,216.8849664818
56,56,2,35,2,266.7084800000
56,56,2,35,3,297.0485152000
56,56,2,36,1,220.8150187024
56,56,2,36,2,220.7291946114
56,56,2,36,3,271.4049084800
56,56,2,37,1,302.1056000000
56,56,2,37,2,233.3672097948
56,56,2,37,3,199.5167673600
56,56,2,38,1,273.2583484800
56,56,2,38,2,246.6284473600
56,56,2,38,3,213.3090928000
56,56,2,39,1,238.3100160000
56,56,2,39,2,209.2680105600
56,56,2,39,3,218.9452800000
56,56,2,40,1,196.7271920000
56,56,2,40,2,150.3499932800
56,56,2,40,3,202.5552272000
56,56,2,41,1,229.5695187200
56,56,2,41,2,195.4412908800
56,56,2,41,3,213.9661683200
56,56,2,42,1,233.5309235200
56,56,2,42,2,188.0058793600
56,56,2,42,3,209.0262128000
56,56,2,43,1,226.5932800000
56,56,2,43,2,190.0799132800
56,56,2,43,3,244.6373750400
56,56,2,44,1,259.0321494400
56,56,2,44,2,201.1611305600
56,56,2,44,3,237.7412121600
56,56,2,45,1,259.3182806400
56,56,2,45,2,224.8510915200
56,56,2,45,3,237.5554134400
56,56,2,46,1,273.4625411200
56,56,2,46,2,258.4700963200
56,56,2,46,3,230.6894969600
56,56,2,47,1,252.5563660800
56,56,2,47,2,264.6115795200
56,56,2,47,3,201.4559891200
56,56,2,48,1,272.3708963200
56,56,2,48,2,294.9314208000
56,56,2,48,3,185.7451824000
56,56,2,49,1,268.4127024000
56,56,2,49,2,223.7400076163
56,56,2,49,3,205.5522060800
56,56,2,50,1,236.1856867200
56,56,2,50,2,300.9301696000
56,56,2,50,3,147.9414236800
56,56,2,51,1,212.0231920000
56,56,2,51,2,221.9845599357
56,56,2,51,3,162.0769625600
56,56,2,52,1,228.7917558400
56,56,2,52,2,268.6718697600
56,56,2,52,3,169.1842169600
56,56,2,53,1,231.8551040000
56,56,2,53,2,266.8046489600
56,56,2,53,3,182.3918643200
56,56,2,54,1,256.6794848000
56,56,2,54,2,279.9495811200
56,56,2,54,3,153.7950374400
56,56,2,55,1,275.0411065600
56,56,2,55,2,196.3953465600
56,56,2,55,3,162.0177356800
56,56,2,56,1,296.0956745600
56,56,2,56,2,160.2606643200
56,56,2,56,3,199.3404745600
56,56,2,57,1,285.4706332800
56,56,2,57,2,289.3667840000
56,56,2,57,3,200.6818560000
56,56,2,58,1,313.6755200000
56,56,2,58,2,302.9725289600
56,56,2,58,3,226.5351137357
56,56,2,59,1,316.8642169600
56,56,2,59,2,317.1908412800
56,56,2,59,3,211.2661696000
56,56,2,60,1,221.4354530526
56,56,2,60,2,319.9020800000
56,56,2,60,3,224.9566705511
56,56,2,61,1,282.8553980800
56,56,2,61,2,316.5713356800
56,56,2,61,3,259.3654019200
56,56,2,62,1,253.8462454400
56,56,2,62,2,223.6364862096
56,56,2,62,3,228.3310398115
56,56,2,63,1,258.6271673600
56,56,2,63,2,303.5348611200
56,56,2,63,3,251.0170684800
56,56,2,64,1,258.8627740800
56,56,2,64,2,303.0154848000
56,56,2,64,3,158.0791321600
56,56,2,65,1,232.9605641600
56,56,2,65,2,262.2348702391
56,56,2,65,3,166.0451795200
56,56,2,66,1,225.2347878400
56,56,2,66,2,303.5192406400
56,56,2,66,3,167.4970665600
56,56,2,67,1,216.3857494400
56,56,2,67,2,271.0279376000
56,56,2,67,3,196.2605340800
56,56,2,68,1,157.7533830400
56,56,2,68,2,224.0048132149
56,56,2,68,3,242.4077884800
56,56,2,69,1,197.8990211200
56,56,2,69,2,262.3104867200
56,56,2,69,3,223.4237029760
56,56,2,70,1,233.3546304000
56,56,2,70,2,264.0287145600
56,56,2,70,3,256.7580204800
56,56,2,71,1,266.8969654400
56,56,2,71,2,261.6664950400
56,56,2,71,3,284.2621014400
56,56,2,72,1,288.3782825600
56,56,2,72,2,262.2005369600
56,56,2,72,3,279.5254889600
56,56,2,73,1,251.3469180800
56,56,2,73,2,296.0956745600
56,56,2,73,3,220.4541395200
56,56,2,74,1,208.6839974400
56,56,2,74,2,317.2931254400
56,56,2,74,3,234.9308963200
56,56,2,75,1,215.9223756800
56,56,2,75,2,216.6655712793
56,56,2,75,3,227.4747443200
56,56,2,76,1,235.2316310400
56,56,2,76,2,156.4405152000
56,56,2,76,3,274.0829721600
56,56,2,77,1,202.2726400000
56,56,2,77,2,178.6694400000
56,56,2,77,3,277.3966505600
56,56,2,78,1,216.9386521600
56,56,2,78,2,223.5859308800
56,56,2,78,3,309.9157696000
56,56,2,79,1,88.7658521600
56,56,2,79,2,166.4400272000
56,56,2,79,3,318.2778576000
56,56,2,80,1,77.0547417600
56,56,2,80,2,244.2951593600
56,56,2,80,3,320.0000000000
56,56,2,81,1,204.9889987200
56,56,2,81,2,223.4082832996
56,56,2,81,3,320.0000000000
56,56,2,82,1,232.3487241600
56,56,2,82,2,182.4065065600
56,56,2,82,3,314.4320000000
56,56,2,83,1,285.8711648000
56,56,2,83,2,209.7313843200
56,56,2,83,3,318.8135049600
56,56,2,84,1,294.2368540800
56,56,2,84,2,233.1575974400
56,56,2,84,3,317.0718374400
56,56,2,85,1,282.6017280000
56,56,2,85,2,284.3397206400
56,56,2,85,3,301.7385219200
56,56,2,86,1,262.4832649600
56,56,2,86,2,306.3426169600
56,56,2,86,3,311.3567459200
56,56,2,87,1,246.1514195200
56,56,2,87,2,221.0077645439
56,56,2,87,3,310.0544000000
56,56,2,88,1,273.0620096000
56,56,2,88,2,227.3058893725
56,56,2,88,3,299.7340691200
56,56,2,89,1,260.7947497600
56,56,2,89,2,316.5947660800
56,56,2,89,3,293.1239049600
56,56,2,90,1,227.2663040000
56,56,2,90,2,314.6370169600
56,56,2,90,3,312.7923200000
56,56,2,91,1,177.0219388800
56,56,2,91,2,289.7167008000
56,56,2,91,3,298.5988339200
56,56,2,92,1,216.7616441600
56,56,2,92,2,260.8340176000
56,56,2,92,3,314.7190236800
56,56,2,93,1,220.9519078400
56,56,2,93,2,197.9081814400
56,56,2,93,3,317.9303049600
56,56,2,94,1,197.1523689600
56,56,2,94,2,188.2443932800
56,56,2,94,3,313.0593625600
56,56,2,95,1,227.8377004800
56,56,2,95,2,260.5120217600
56,56,2,95,3,309.6012800000
56,56,2,96,1,270.7687702400
56,56,2,96,2,243.7559104000
56,56,2,96,3,308.8223459200
56,56,2,97,1,239.5041411200
56,56,2,97,2,258.3915606400
56,56,2,97,3,310.0407321600
56,56,2,98,1,224.7370195200
56,56,2,98,2,223.0552446806
56,56,2,98,3,302.0626441600
56,56,2,99,1,179.9240678400
56,56,2,99,2,316.1730169600
56,56,2,99,3,304.5814236800
56,56,2,100,1,143.1736406400
56,56,2,100,2,209.0573235200
56,56,2,100,3,316.7991321600
56,56,2,101,1,155.6064000000
56,56,2,101,2,218.6699520000
56,56,2,101,3,316.1811200000
56,56,2,102,1,125.9910726400
56,56,2,102,2,297.9232540800
56,56,2,102,3,318.3624678400
56,56,2,103,1,175.9064950400
56,56,2,103,2,298.4816812800
56,56,2,103,3,304.0464272000
56,56,2,104,1,184.6227526400
56,56,2,104,2,303.4255187200
56,56,2,104,3,294.3344812800
56,56,2,105,1,204.9851305600
56,56,2,105,2,295.1272134400
56,56,2,105,3,317.2469152000
56,56,2,106,1,213.9624134400
56,56,2,106,2,302.7123200000
56,56,2,106,3,318.3712000000
56,56,2,107,1,202.5759673600
56,56,2,107,2,290.1670617600
56,56,2,107,3,318.2017084800
56,56,2,108,1,245.5706902400
56,56,2,108,2,302.7577491200
56,56,2,108,3,318.8603660800
56,56,2,109,1,241.6241494400
56,56,2,109,2,316.1209491200
56,56,2,109,3,299.3251795200
56,56,2,110,1,189.2606697600
56,56,2,110,2,313.6334102400
56,56,2,110,3,284.0255782400
56,56,2,111,1,179.1343728000
56,56,2,111,2,299.7209600000
56,56,2,111,3,300.9036800000
56,56,2,112,1,190.8991564800
56,56,2,112,2,221.3977750063
56,56,2,112,3,274.9468636800
56,56,2,113,1,156.6478102400
56,56,2,113,2,223.5899917314
56,56,2,113,3,286.3423782400
56,56,2,114,1,150.9083734400
56,56,2,114,2,259.6190720000
56,56,2,114,3,247.7892556800
56,56,2,115,1,185.8799945600
56,56,2,115,2,221.1319372476
56,56,2,115,3,236.2139366400
56,56,2,116,1,222.8800441600
56,56,2,116,2,255.5878400000
56,56,2,116,3,253.9307388800
56,56,2,117,1,282.1407241600
56,56,2,117,2,250.4830265600
56,56,2,117,3,235.5427363200
56,56,2,118,1,193.7509532800
56,56,2,118,2,276.3447974400
56,56,2,118,3,234.1635036800
56,56,2,119,1,212.1232640000
56,56,2,119,2,279.4277120000
56,56,2,119,3,206.8795878400
56,56,2,120,1,179.0554035200
56,56,2,120,2,227.7158100473
56,56,2,120,3,225.4214508800
56,56,2,121,1,147.7834848000
56,56,2,121,2,226.6691139097
56,56,2,121,3,219.1830667656
56,56,2,122,1,144.7234169600
56,56,2,122,2,317.2163254400
56,56,2,122,3,196.2605340800
56,56,2,123,1,133.5492339200
56,56,2,123,2,221.8673074278
56,56,2,123,3,170.2996611200
56,56,2,124,1,116.3445369600
56,56,2,124,2,264.9649897600
56,56,2,124,3,160.9615187200
56,56,2,125,1,151.8693334400
56,56,2,125,2,230.0705705600
56,56,2,125,3,139.0177065600
56,56,2,126,1,171.1203308800
56,56,2,126,2,210.8202521600
56,56,2,126,3,172.6884880000
56,56,2,127,1,155.0684204800
56,56,2,127,2,150.0439865600
56,56,2,127,3,151.2581424000
56,56,2,128,1,264.8786006400
56,56,2,128,2,171.7704678400
56,56,2,128,3,210.5402576000
56,56,2,129,1,199.3612150400
56,56,2,129,2,101.9667958400
56,56,2,129,3,221.1161977485
56,56,2,130,1,206.9210684800
56,56,2,130,2,34.4230400000
56,56,2,130,3,206.3923625600
56,56,2,131,1,247.7421340800
56,56,2,131,2,109.3397910400
56,56,2,131,3,185.1459254400
56,56,2,132,1,227.2968960000
56,56,2,132,2,176.7949017600
56,56,2,132,3,247.5379417600
56,56,2,133,1,225.0475788800
56,56,2,133,2,203.2603987200
56,56,2,133,3,222.5583451746
56,56,2,134,1,202.9804041600
56,56,2,134,2,219.2706782256
56,56,2,134,3,269.9598534400
56,56,2,135,1,189.0874880000
56,56,2,135,2,228.2535869077
56,56,2,135,3,255.7036800000
56,56,2,136,1,155.9370848000
56,56,2,136,2,294.1197017600
56,56,2,136,3,241.5470643200
56,56,2,137,1,184.3068745600
56,56,2,137,2,273.7688297600
56,56,2,137,3,215.4246073600
56,56,2,138,1,144.1410169600
56,56,2,138,2,263.3471564800
56,56,2,138,3,218.3386249600
56,56,2,139,1,168.1765334400
56,56,2,139,2,221.0205321762
56,56,2,139,3,218.5667689600
56,56,2,140,1,128.4754441600
56,56,2,140,2,221.6060658134
56,56,2,140,3,220.6176425600
56,56,2,141,1,161.9782508800
56,56,2,141,2,234.8894156800
56,56,2,141,3,183.2013017600
56,56,2,142,1,119.1384297600
56,56,2,142,2,281.0098115200
56,56,2,142,3,193.2058041600
56,56,2,143,1,153.7061964800
56,56,2,143,2,224.1303756083
56,56,2,143,3,186.3673926400
56,56,2,144,1,150.4715734400
56,56,2,144,2,307.6851200000
56,56,2,144,3,242.4181587200
56,56,2,145,1,274.7112569600
56,56,2,145,2,288.1329897600
56,56,2,145,3,291.9969411200
56,56,2,146,1,278.1726454400
56,56,2,146,2,256.6323635200
56,56,2,146,3,236.3516096000
56,56,2,147,1,307.4868067200
56,56,2,147,2,224.1886726108
56,56,2,147,3,211.4217219200
56,56,2,148,1,317.9810710400
56,56,2,148,2,307.7172067200
56,56,2,148,3,234.9308963200
56,56,2,149,1,251.4490140800
56,56,2,149,2,315.0000550400
56,56,2,149,3,260.3836160000
56,56,2,150,1,269.0638934400
56,56,2,150,2,285.0779552000
56,56,2,150,3,253.4359648000
56,56,2,151,1,279.2034928000
56,56,2,151,2,304.9126400000
56,56,2,151,3,182.1154710400
56,56,2,152,1,294.7367049600
56,56,2,152,2,157.5263459200
56,56,2,152,3,214.3253696000
56,56,2,153,1,275.4337843200
56,56,2,153,2,249.1793356800
56,56,2,153,3,275.2688595200
56,56,2,154,1,296.3963660800
56,56,2,154,2,303.4801897600
56,56,2,154,3,278.1071360000
56,56,2,155,1,314.5702400000
56,56,2,155,2,306.1278374400
56,56,2,155,3,270.1561926400
56,56,2,156,1,318.0090576000
56,56,2,156,2,313.1417600000
56,56,2,156,3,267.3603254400
56,56,2,157,1,310.5562035200
56,56,2,157,2,302.8749017600
56,56,2,157,3,287.9130902400
56,56,2,158,1,245.9854969600
56,56,2,158,2,218.8607455350
56,56,2,158,3,294.9007187200
56,56,2,159,1,265.3026928000
56,56,2,159,2,292.1855574400
56,56,2,159,3,271.7899945600
56,56,2,160,1,251.2399785600
56,56,2,160,2,294.7796611200
56,56,2,160,3,267.0383296000
56,56,2,161,1,212.3965180800
56,56,2,161,2,262.6953110400
56,56,2,161,3,286.5073030400
56,56,2,162,1,181.9871459200
56,56,2,162,2,217.3016080000
56,56,2,162,3,209.1610249600
56,56,2,163,1,187.2799673600
56,56,2,163,2,209.2170240000
56,56,2,163,3,164.3521065600
56,56,2,164,1,228.7087945600
56,56,2,164,2,227.1117884800
56,56,2,164,3,148.6126643200
56,56,2,165,1,195.7259520000
56,56,2,165,2,257.2292339200
56,56,2,165,3,188.0473600000
56,56,2,166,1,262.1926835200
56,56,2,166,2,276.6825004800
56,56,2,166,3,158.1581017600
56,56,2,167,1,293.0179036800
56,56,2,167,2,244.7099660800
56,56,2,167,3,172.0369897600
56,56,2,168,1,266.5906764800
56,56,2,168,2,238.2998185600
56,56,2,168,3,189.2710400000
70,70,2,1,1,280.0438236800
70,70,2,1,2,249.6741097600
70,70,2,1,3,172.9846236800
70,70,2,2,1,264.7112387200
70,70,2,2,2,239.9500582400
70,70,2,2,3,169.7370035200
70,70,2,3,1,274.2086291200
70,70,2,3,2,224.2703619200
70,70,2,3,3,145.7697625600
70,70,2,4,1,300.1686780800
70,70,2,4,2,250.2317126400
70,70,2,4,3,189.6962169600
70,70,2,5,1,170.6226134400
70,70,2,5,2,293.5539200000
70,70,2,5,3,228.5613654400
70,70,2,6,1,107.5145545600
70,70,2,6,2,298.3332880000
70,70,2,6,3,175.6202304000
70,70,2,7,1,137.3101558400
70,70,2,7,2,274.2871648000
70,70,2,7,3,177.5154982400
70,70,2,8,1,224.9755334400
70,70,2,8,2,278.5359404800
70,70,2,8,3,185.9836963200
70,70,2,9,1,218.7534320000
70,70,2,9,2,272.9206454400
70,70,2,9,3,242.3559376000
70,70,2,10,1,294.8172800000
70,70,2,10,2,0.0000000000
70,70,2,10,3,60.5169065600
70,70,2,11,1,0.0000000000
70,70,2,11,2,290.9524176000
70,70,2,11,3,253.0040188800
70,70,2,12,1,240.0537600000
70,70,2,12,2,294.2056134400
70,70,2,12,3,202.5552272000
70,70,2,13,1,260.3078291200
70,70,2,13,2,304.8079187200
70,70,2,13,3,205.0233273600
70,70,2,14,1,212.2720758400
70,70,2,14,2,264.4309478400
70,70,2,14,3,187.9229180800
70,70,2,15,1,220.3423145600
70,70,2,15,2,229.2139945600
70,70,2,15,3,165.6236800000
70,70,2,16,1,180.5558236800
70,70,2,16,2,190.4739795200
70,70,2,16,3,181.4935865600
70,70,2,17,1,158.6516611200
70,70,2,17,2,176.7751593600
70,70,2,17,3,200.7404473600
70,70,2,18,1,87.2928540800
70,70,2,18,2,212.4276284800
70,70,2,18,3,173.8236745600
70,70,2,19,1,164.7717964800
70,70,2,19,2,218.3801059200
70,70,2,19,3,147.7148800000
70,70,2,20,1,176.3010134400
70,70,2,20,2,207.5854505600
70,70,2,20,3,169.6736000000
70,70,2,21,1,182.3622508800
70,70,2,21,2,172.4219660800
70,70,2,21,3,153.7555526400
70,70,2,22,1,224.9547932800
70,70,2,22,2,216.1712595200
70,70,2,22,3,183.6060204800
70,70,2,23,1,251.9437884800
70,70,2,23,2,251.6139388800
70,70,2,23,3,172.2936406400
70,70,2,24,1,275.5751484800
70,70,2,24,2,253.6108374400
70,70,2,24,3,216.0084480000
70,70,2,25,1,243.7973910400
70,70,2,25,2,283.1773939200
70,70,2,25,3,156.2430915200
70,70,2,26,1,211.8157884800
70,70,2,26,2,251.4725750400
70,70,2,26,3,249.8861558400
70,70,2,27,1,210.0839702400
70,70,2,27,2,269.9205859200
70,70,2,27,3,256.6480704000
70,70,2,28,1,218.0171497600
70,70,2,28,2,258.1873680000
70,70,2,28,3,237.4612176000
70,70,2,29,1,193.3295785600
70,70,2,29,2,276.7247785600
70,70,2,29,3,218.3844265600
70,70,2,30,1,253.1218224000
70,70,2,30,2,297.1305219200
70,70,2,30,3,180.5558236800
70,70,2,31,1,304.1401491200
70,70,2,31,2,270.3289708800
70,70,2,31,3,191.4280352000
70,70,2,32,1,156.3382291622
70,70,2,32,2,296.6619120000
70,70,2,32,3,230.4717235200
70,70,2,33,1,291.4438652309
70,70,2,33,2,48.5246691994
70,70,2,33,3,256.3653424000
70,70,2,34,1,0.0000000000
70,70,2,34,2,282.0379734400
70,70,2,34,3,286.5711785600
70,70,2,35,1,316.5524611200
70,70,2,35,2,266.7084800000
70,70,2,35,3,297.0485152000
70,70,2,36,1,309.8650035200
70,70,2,36,2,267.7530035200
70,70,2,36,3,271.4049084800
70,70,2,37,1,302.1056000000
70,70,2,37,2,0.0000000000
70,70,2,37,3,199.5167673600
70,70,2,38,1,273.2583484800
70,70,2,38,2,246.6284473600
70,70,2,38,3,213.3090928000
70,70,2,39,1,238.3100160000
70,70,2,39,2,209.2680105600
70,70,2,39,3,218.9452800000
70,70,2,40,1,196.7271920000
70,70,2,40,2,150.3499932800
70,70,2,40,3,202.5552272000
70,70,2,41,1,229.5695187200
70,70,2,41,2,195.4412908800
70,70,2,41,3,213.9661683200
70,70,2,42,1,233.5309235200
70,70,2,42,2,188.0058793600
70,70,2,42,3,209.0262128000
70,70,2,43,1,226.5932800000
70,70,2,43,2,190.0799132800
70,70,2,43,3,244.6373750400
70,70,2,44,1,259.0321494400
70,70,2,44,2,201.1611305600
70,70,2,44,3,237.7412121600
70,70,2,45,1,259.3182806400
70,70,2,45,2,224.8510915200
70,70,2,45,3,237.5554134400
70,70,2,46,1,273.4625411200
70,70,2,46,2,258.4700963200
70,70,2,46,3,230.6894969600
70,70,2,47,1,252.5563660800
70,70,2,47,2,264.6115795200
70,70,2,47,3,201.4559891200
70,70,2,48,1,272.3708963200
70,70,2,48,2,294.9314208000
70,70,2,48,3,185.7451824000
70,70,2,49,1,268.4127024000
70,70,2,49,2,299.8601763200
70,70,2,49,3,205.5522060800
70,70,2,50,1,236.1856867200
70,70,2,50,2,300.9301696000
70,70,2,50,3,147.9414236800
70,70,2,51,1,212.0231920000
70,70,2,51,2,302.7968000000
70,70,2,51,3,162.0769625600
70,70,2,52,1,228.7917558400
70,70,2,52,2,268.6718697600
70,70,2,52,3,169.1842169600
70,70,2,53,1,231.8551040000
70,70,2,53,2,266.8046489600
70,70,2,53,3,182.3918643200
70,70,2,54,1,256.6794848000
70,70,2,54,2,279.9495811200
70,70,2,54,3,153.7950374400
70,70,2,55,1,275.0411065600
70,70,2,55,2,196.3953465600
70,70,2,55,3,162.0177356800
70,70,2,56,1,296.0956745600
70,70,2,56,2,160.2606643200
70,70,2,56,3,199.3404745600
70,70,2,57,1,285.4706332800
70,70,2,57,2,289.3667840000
70,70,2,57,3,200.6818560000
70,70,2,58,1,313.6755200000
70,70,2,58,2,302.9725289600
70,70,2,58,3,233.7901776000
70,70,2,59,1,316.8642169600
70,70,2,59,2,317.1908412800
70,70,2,59,3,211.2661696000
70,70,2,60,1,306.6433084800
70,70,2,60,2,319.9020800000
70,70,2,60,3,259.0669667200
70,70,2,61,1,282.8553980800
70,70,2,61,2,119.8599892271
70,70,2,61,3,259.3654019200
70,70,2,62,1,253.8462454400
70,70,2,62,2,305.6826576000
70,70,2,62,3,27.6497646576
70,70,2,63,1,258.6271673600
70,70,2,63,2,303.5348611200
70,70,2,63,3,251.0170684800
70,70,2,64,1,258.8627740800
70,70,2,64,2,303.0154848000
70,70,2,64,3,158.0791321600
70,70,2,65,1,232.9605641600
70,70,2,65,2,296.7296000000
70,70,2,65,3,166.0451795200
70,70,2,66,1,225.2347878400
70,70,2,66,2,303.5192406400
70,70,2,66,3,167.4970665600
70,70,2,67,1,216.3857494400
70,70,2,67,2,271.0279376000
70,70,2,67,3,196.2605340800
70,70,2,68,1,157.7533830400
70,70,2,68,2,247.9306195200
70,70,2,68,3,242.4077884800
70,70,2,69,1,197.8990211200
70,70,2,69,2,262.3104867200
70,70,2,69,3,276.3369436800
70,70,2,70,1,233.3546304000
70,70,2,70,2,264.0287145600
70,70,2,70,3,256.7580204800
70,70,2,71,1,266.8969654400
70,70,2,71,2,261.6664950400
70,70,2,71,3,284.2621014400
70,70,2,72,1,279.9514280778
70,70,2,72,2,262.2005369600
70,70,2,72,3,0.0000000000
70,70,2,73,1,251.3469180800
70,70,2,73,2,296.0956745600
70,70,2,73,3,220.4541395200
70,70,2,74,1,208.6839974400
70,70,2,74,2,317.2931254400
70,70,2,74,3,234.9308963200
70,70,2,75,1,215.9223756800
70,70,2,75,2,309.1347526400
70,70,2,75,3,227.4747443200
70,70,2,76,1,235.2316310400
70,70,2,76,2,156.4405152000
70,70,2,76,3,274.0829721600
70,70,2,77,1,202.2726400000
70,70,2,77,2,178.6694400000
70,70,2,77,3,277.3966505600
70,70,2,78,1,216.9386521600
70,70,2,78,2,223.5859308800
70,70,2,78,3,309.9157696000
70,70,2,79,1,88.7658521600
70,70,2,79,2,166.4400272000
70,70,2,79,3,318.2778576000
70,70,2,80,1,77.0547417600
70,70,2,80,2,244.2951593600
70,70,2,80,3,320.0000000000
70,70,2,81,1,204.9889987200
70,70,2,81,2,240.7900419200
70,70,2,81,3,320.0000000000
70,70,2,82,1,232.3487241600
70,70,2,82,2,182.4065065600
70,70,2,82,3,314.4320000000
70,70,2,83,1,285.8711648000
70,70,2,83,2,209.7313843200
70,70,2,83,3,318.8135049600
70,70,2,84,1,294.2368540800
70,70,2,84,2,233.1575974400
70,70,2,84,3,185.3647184136
70,70,2,85,1,282.6017280000
70,70,2,85,2,284.3397206400
70,70,2,85,3,282.8027091165
70,70,2,86,1,262.4832649600
70,70,2,86,2,306.3426169600
70,70,2,86,3,311.3567459200
70,70,2,87,1,246.1514195200
70,70,2,87,2,316.2726400000
70,70,2,87,3,289.2976499397
70,70,2,88,1,273.0620096000
70,70,2,88,2,317.7688950400
70,70,2,88,3,299.7340691200
70,70,2,89,1,260.7947497600
70,70,2,89,2,130.4337396876
70,70,2,89,3,293.1239049600
70,70,2,90,1,227.2663040000
70,70,2,90,2,314.6370169600
70,70,2,90,3,312.7923200000
70,70,2,91,1,177.0219388800
70,70,2,91,2,289.7167008000
70,70,2,91,3,298.5988339200
70,70,2,92,1,216.7616441600
70,70,2,92,2,260.8340176000
70,70,2,92,3,314.7190236800
70,70,2,93,1,220.9519078400
70,70,2,93,2,197.9081814400
70,70,2,93,3,317.9303049600
70,70,2,94,1,197.1523689600
70,70,2,94,2,188.2443932800
70,70,2,94,3,313.0593625600
70,70,2,95,1,227.8377004800
70,70,2,95,2,260.5120217600
70,70,2,95,3,309.6012800000
70,70,2,96,1,270.7687702400
70,70,2,96,2,243.7559104000
70,70,2,96,3,308.8223459200
70,70,2,97,1,239.5041411200
70,70,2,97,2,258.3915606400
70,70,2,97,3,310.0407321600
70,70,2,98,1,224.7370195200
70,70,2,98,2,304.6009491200
70,70,2,98,3,302.0626441600
70,70,2,99,1,179.9240678400
70,70,2,99,2,246.1379483567
70,70,2,99,3,304.5814236800
70,70,2,100,1,143.1736406400
70,70,2,100,2,209.0573235200
70,70,2,100,3,316.7991321600
70,70,2,101,1,155.6064000000
70,70,2,101,2,218.6699520000
70,70,2,101,3,316.1811200000
70,70,2,102,1,125.9910726400
70,70,2,102,2,297.9232540800
70,70,2,102,3,318.3624678400
70,70,2,103,1,175.9064950400
70,70,2,103,2,298.4816812800
70,70,2,103,3,304.0464272000
70,70,2,104,1,184.6227526400
70,70,2,104,2,303.4255187200
70,70,2,104,3,294.3344812800
70,70,2,105,1,204.9851305600
70,70,2,105,2,295.1272134400
70,70,2,105,3,317.2469152000
70,70,2,106,1,213.9624134400
70,70,2,106,2,302.7123200000
70,70,2,106,3,318.3712000000
70,70,2,107,1,202.5759673600
70,70,2,107,2,290.1670617600
70,70,2,107,3,318.2017084800
70,70,2,108,1,245.5706902400
70,70,2,108,2,302.7577491200
70,70,2,108,3,318.8603660800
70,70,2,109,1,241.6241494400
70,70,2,109,2,316.1209491200
70,70,2,109,3,0.0000000000
70,70,2,110,1,189.2606697600
70,70,2,110,2,313.6334102400
70,70,2,110,3,284.0255782400
70,70,2,111,1,179.1343728000
70,70,2,111,2,0.0000000000
70,70,2,111,3,300.9036800000
70,70,2,112,1,190.8991564800
70,70,2,112,2,290.7717859200
70,70,2,112,3,274.9468636800
70,70,2,113,1,156.6478102400
70,70,2,113,2,279.9781516800
70,70,2,113,3,286.3423782400
70,70,2,114,1,150.9083734400
70,70,2,114,2,259.6190720000
70,70,2,114,3,247.7892556800
70,70,2,115,1,185.8799945600
70,70,2,115,2,259.4203769600
70,70,2,115,3,236.2139366400
70,70,2,116,1,222.8800441600
70,70,2,116,2,255.5878400000
70,70,2,116,3,253.9307388800
70,70,2,117,1,282.1407241600
70,70,2,117,2,250.4830265600
70,70,2,117,3,235.5427363200
70,70,2,118,1,193.7509532800
70,70,2,118,2,276.3447974400
70,70,2,118,3,234.1635036800
70,70,2,119,1,212.1232640000
70,70,2,119,2,279.4277120000
70,70,2,119,3,206.8795878400
70,70,2,120,1,179.0554035200
70,70,2,120,2,0.0000000000
70,70,2,120,3,225.4214508800
70,70,2,121,1,147.7834848000
70,70,2,121,2,278.3474550400
70,70,2,121,3,220.3608080000
70,70,2,122,1,144.7234169600
70,70,2,122,2,317.2163254400
70,70,2,122,3,196.2605340800
70,70,2,123,1,133.5492339200
70,70,2,123,2,310.1149289600
70,70,2,123,3,170.2996611200
70,70,2,124,1,116.3445369600
70,70,2,124,2,264.9649897600
70,70,2,124,3,160.9615187200
70,70,2,125,1,151.8693334400
70,70,2,125,2,230.0705705600
70,70,2,125,3,139.0177065600
70,70,2,126,1,171.1203308800
70,70,2,126,2,210.8202521600
70,70,2,126,3,172.6884880000
70,70,2,127,1,155.0684204800
70,70,2,127,2,150.0439865600
70,70,2,127,3,151.2581424000
70,70,2,128,1,264.8786006400
70,70,2,128,2,171.7704678400
70,70,2,128,3,210.5402576000
70,70,2,129,1,199.3612150400
70,70,2,129,2,101.9667958400
70,70,2,129,3,221.3252339200
70,70,2,130,1,206.9210684800
70,70,2,130,2,34.4230400000
70,70,2,130,3,206.3923625600
70,70,2,131,1,247.7421340800
70,70,2,131,2,109.3397910400
70,70,2,131,3,185.1459254400
70,70,2,132,1,227.2968960000
70,70,2,132,2,176.7949017600
70,70,2,132,3,247.5379417600
70,70,2,133,1,225.0475788800
70,70,2,133,2,203.2603987200
70,70,2,133,3,287.5282659200
70,70,2,134,1,202.9804041600
70,70,2,134,2,248.9987036800
70,70,2,134,3,269.9598534400
70,70,2,135,1,189.0874880000
70,70,2,135,2,284.5282060800
70,70,2,135,3,255.7036800000
70,70,2,136,1,155.9370848000
70,70,2,136,2,294.1197017600
70,70,2,136,3,241.5470643200
70,70,2,137,1,184.3068745600
70,70,2,137,2,273.7688297600
70,70,2,137,3,215.4246073600
70,70,2,138,1,144.1410169600
70,70,2,138,2,263.3471564800
70,70,2,138,3,218.3386249600
70,70,2,139,1,168.1765334400
70,70,2,139,2,266.5076905600
70,70,2,139,3,218.5667689600
70,70,2,140,1,128.4754441600
70,70,2,140,2,229.6317395200
70,70,2,140,3,220.6176425600
70,70,2,141,1,161.9782508800
70,70,2,141,2,234.8894156800
70,70,2,141,3,183.2013017600
70,70,2,142,1,119.1384297600
70,70,2,142,2,218.3517527011
70,70,2,142,3,193.2058041600
70,70,2,143,1,153.7061964800
70,70,2,143,2,291.4786060800
70,70,2,143,3,186.3673926400
70,70,2,144,1,150.4715734400
70,70,2,144,2,307.6851200000
70,70,2,144,3,242.4181587200
70,70,2,145,1,274.7112569600
70,70,2,145,2,288.1329897600
70,70,2,145,3,291.9969411200
70,70,2,146,1,278.1726454400
70,70,2,146,2,256.6323635200
70,70,2,146,3,236.3516096000
70,70,2,147,1,307.4868067200
70,70,2,147,2,290.0178441600
70,70,2,147,3,211.4217219200
70,70,2,148,1,317.9810710400
70,70,2,148,2,307.7172067200
70,70,2,148,3,234.9308963200
70,70,2,149,1,251.4490140800
70,70,2,149,2,0.0000000000
70,70,2,149,3,260.3836160000
70,70,2,150,1,269.0638934400
70,70,2,150,2,285.0779552000
70,70,2,150,3,253.4359648000
70,70,2,151,1,279.2034928000
70,70,2,151,2,304.9126400000
70,70,2,151,3,182.1154710400
70,70,2,152,1,294.7367049600
70,70,2,152,2,157.5263459200
70,70,2,152,3,214.3253696000
70,70,2,153,1,275.4337843200
70,70,2,153,2,249.1793356800
70,70,2,153,3,275.2688595200
70,70,2,154,1,296.3963660800
70,70,2,154,2,303.4801897600
70,70,2,154,3,278.1071360000
70,70,2,155,1,314.5702400000
70,70,2,155,2,306.1278374400
70,70,2,155,3,270.1561926400
70,70,2,156,1,318.0090576000
70,70,2,156,2,313.1417600000
70,70,2,156,3,267.3603254400
70,70,2,157,1,310.5562035200
70,70,2,157,2,201.7741197921
70,70,2,157,3,287.9130902400
70,70,2,158,1,245.9854969600
70,70,2,158,2,293.9405475200
70,70,2,158,3,294.9007187200
70,70,2,159,1,265.3026928000
70,70,2,159,2,292.1855574400
70,70,2,159,3,271.7899945600
70,70,2,160,1,251.2399785600
70,70,2,160,2,294.7796611200
70,70,2,160,3,267.0383296000
70,70,2,161,1,212.3965180800
70,70,2,161,2,262.6953110400
70,70,2,161,3,286.5073030400
70,70,2,162,1,181.9871459200
70,70,2,162,2,217.3016080000
70,70,2,162,3,209.1610249600
70,70,2,163,1,187.2799673600
70,70,2,163,2,209.2170240000
70,70,2,163,3,164.3521065600
70,70,2,164,1,228.7087945600
70,70,2,164,2,227.1117884800
70,70,2,164,3,148.6126643200
70,70,2,165,1,195.7259520000
70,70,2,165,2,257.2292339200
70,70,2,165,3,188.0473600000
70,70,2,166,1,262.1926835200
70,70,2,166,2,276.6825004800
70,70,2,166,3,158.1581017600
70,70,2,167,1,293.0179036800
70,70,2,167,2,244.7099660800
70,70,2,167,3,172.0369897600
70,70,2,168,1,266.5906764800
70,70,2,168,2,238.2998185600
70,70,2,168,3,189.2710400000
72,72,2,1,1,280.0438236800
72,72,2,1,2,249.6741097600
72,72,2,1,3,172.9846236800
72,72,2,2,1,264.7112387200
72,72,2,2,2,239.9500582400
72,72,2,2,3,169.7370035200
72,72,2,3,1,274.2086291200
72,72,2,3,2,224.2703619200
72,72,2,3,3,145.7697625600
72,72,2,4,1,300.1686780800
72,72,2,4,2,250.2317126400
72,72,2,4,3,189.6962169600
72,72,2,5,1,170.6226134400
72,72,2,5,2,293.5539200000
72,72,2,5,3,228.5613654400
72,72,2,6,1,107.5145545600
72,72,2,6,2,298.3332880000
72,72,2,6,3,175.6202304000
72,72,2,7,1,137.3101558400
72,72,2,7,2,274.2871648000
72,72,2,7,3,177.5154982400
72,72,2,8,1,224.9755334400
72,72,2,8,2,117.0530678907
72,72,2,8,3,185.9836963200
72,72,2,9,1,218.7534320000
72,72,2,9,2,272.9206454400
72,72,2,9,3,242.3559376000
72,72,2,10,1,294.8172800000
72,72,2,10,2,294.3833600000
72,72,2,10,3,60.5169065600
72,72,2,11,1,264.3052908800
72,72,2,11,2,290.9524176000
72,72,2,11,3,253.0040188800
72,72,2,12,1,240.0537600000
72,72,2,12,2,294.2056134400
72,72,2,12,3,202.5552272000
72,72,2,13,1,260.3078291200
72,72,2,13,2,304.8079187200
72,72,2,13,3,205.0233273600
72,72,2,14,1,212.2720758400
72,72,2,14,2,264.4309478400
72,72,2,14,3,187.9229180800
72,72,2,15,1,220.3423145600
72,72,2,15,2,229.2139945600
72,72,2,15,3,165.6236800000
72,72,2,16,1,180.5558236800
72,72,2,16,2,190.4739795200
72,72,2,16,3,181.4935865600
72,72,2,17,1,158.6516611200
72,72,2,17,2,176.7751593600
72,72,2,17,3,200.7404473600
72,72,2,18,1,87.2928540800
72,72,2,18,2,212.4276284800
72,72,2,18,3,173.8236745600
72,72,2,19,1,164.7717964800
72,72,2,19,2,218.3801059200
72,72,2,19,3,147.7148800000
72,72,2,20,1,176.3010134400
72,72,2,20,2,207.5854505600
72,72,2,20,3,169.6736000000
72,72,2,21,1,182.3622508800
72,72,2,21,2,172.4219660800
72,72,2,21,3,153.7555526400
72,72,2,22,1,224.9547932800
72,72,2,22,2,216.1712595200
72,72,2,22,3,183.6060204800
72,72,2,23,1,251.9437884800
72,72,2,23,2,251.6139388800
72,72,2,23,3,172.2936406400
72,72,2,24,1,275.5751484800
72,72,2,24,2,253.6108374400
72,72,2,24,3,216.0084480000
72,72,2,25,1,243.7973910400
72,72,2,25,2,283.1773939200
72,72,2,25,3,156.2430915200
72,72,2,26,1,211.8157884800
72,72,2,26,2,251.4725750400
72,72,2,26,3,249.8861558400
72,72,2,27,1,210.0839702400
72,72,2,27,2,269.9205859200
72,72,2,27,3,256.6480704000
72,72,2,28,1,218.0171497600
72,72,2,28,2,258.1873680000
72,72,2,28,3,237.4612176000
72,72,2,29,1,193.3295785600
72,72,2,29,2,276.7247785600
72,72,2,29,3,218.3844265600
72,72,2,30,1,253.1218224000
72,72,2,30,2,297.1305219200
72,72,2,30,3,180.5558236800
72,72,2,31,1,304.1401491200
72,72,2,31,2,270.3289708800
72,72,2,31,3,191.4280352000
72,72,2,32,1,319.0107120000
72,72,2,32,2,296.6619120000
72,72,2,32,3,230.4717235200
72,72,2,33,1,318.4444745600
72,72,2,33,2,302.3399049600
72,72,2,33,3,256.3653424000
72,72,2,34,1,319.2569600000
72,72,2,34,2,282.0379734400
72,72,2,34,3,286.5711785600
72,72,2,35,1,316.5524611200
72,72,2,35,2,266.7084800000
72,72,2,35,3,297.0485152000
72,72,2,36,1,309.8650035200
72,72,2,36,2,267.7530035200
72,72,2,36,3,271.4049084800
72,72,2,37,1,302.1056000000
72,72,2,37,2,259.7188121600
72,72,2,37,3,199.5167673600
72,72,2,38,1,273.2583484800
72,72,2,38,2,246.6284473600
72,72,2,38,3,213.3090928000
72,72,2,39,1,238.3100160000
72,72,2,39,2,209.2680105600
72,72,2,39,3,218.9452800000
72,72,2,40,1,196.7271920000
72,72,2,40,2,150.3499932800
72,72,2,40,3,202.5552272000
72,72,2,41,1,229.5695187200
72,72,2,41,2,195.4412908800
72,72,2,41,3,213.9661683200
72,72,2,42,1,233.5309235200
72,72,2,42,2,188.0058793600
72,72,2,42,3,209.0262128000
72,72,2,43,1,226.5932800000
72,72,2,43,2,190.0799132800
72,72,2,43,3,244.6373750400
72,72,2,44,1,259.0321494400
72,72,2,44,2,201.1611305600
72,72,2,44,3,237.7412121600
72,72,2,45,1,259.3182806400
72,72,2,45,2,224.8510915200
72,72,2,45,3,237.5554134400
72,72,2,46,1,273.4625411200
72,72,2,46,2,258.4700963200
72,72,2,46,3,230.6894969600
72,72,2,47,1,252.5563660800
72,72,2,47,2,264.6115795200
72,72,2,47,3,201.4559891200
72,72,2,48,1,0.0000000000
72,72,2,48,2,294.9314208000
72,72,2,48,3,185.7451824000
72,72,2,49,1,221.2105751398
72,72,2,49,2,299.8601763200
72,72,2,49,3,205.5522060800
72,72,2,50,1,236.1856867200
72,72,2,50,2,157.5396868697
72,72,2,50,3,147.9414236800
72,72,2,51,1,212.0231920000
72,72,2,51,2,302.7968000000
72,72,2,51,3,162.0769625600
72,72,2,52,1,228.7917558400
72,72,2,52,2,268.6718697600
72,72,2,52,3,169.1842169600
72,72,2,53,1,231.8551040000
72,72,2,53,2,266.8046489600
72,72,2,53,3,182.3918643200
72,72,2,54,1,256.6794848000
72,72,2,54,2,279.9495811200
72,72,2,54,3,153.7950374400
72,72,2,55,1,275.0411065600
72,72,2,55,2,196.3953465600
72,72,2,55,3,162.0177356800
72,72,2,56,1,296.0956745600
72,72,2,56,2,160.2606643200
72,72,2,56,3,199.3404745600
72,72,2,57,1,285.4706332800
72,72,2,57,2,289.3667840000
72,72,2,57,3,200.6818560000
72,72,2,58,1,313.6755200000
72,72,2,58,2,302.9725289600
72,72,2,58,3,233.7901776000
72,72,2,59,1,316.8642169600
72,72,2,59,2,317.1908412800
72,72,2,59,3,211.2661696000
72,72,2,60,1,306.6433084800
72,72,2,60,2,319.9020800000
72,72,2,60,3,259.0669667200
72,72,2,61,1,282.8553980800
72,72,2,61,2,316.5713356800
72,72,2,61,3,259.3654019200
72,72,2,62,1,253.8462454400
72,72,2,62,2,305.6826576000
72,72,2,62,3,275.8752854400
72,72,2,63,1,258.6271673600
72,72,2,63,2,303.5348611200
72,72,2,63,3,251.0170684800
72,72,2,64,1,258.8627740800
72,72,2,64,2,303.0154848000
72,72,2,64,3,158.0791321600
72,72,2,65,1,232.9605641600
72,72,2,65,2,296.7296000000
72,72,2,65,3,166.0451795200
72,72,2,66,1,225.2347878400
72,72,2,66,2,303.5192406400
72,72,2,66,3,167.4970665600
72,72,2,67,1,216.3857494400
72,72,2,67,2,271.0279376000
72,72,2,67,3,196.2605340800
72,72,2,68,1,157.7533830400
72,72,2,68,2,247.9306195200
72,72,2,68,3,242.4077884800
72,72,2,69,1,197.8990211200
72,72,2,69,2,262.3104867200
72,72,2,69,3,276.3369436800
72,72,2,70,1,233.3546304000
72,72,2,70,2,264.0287145600
72,72,2,70,3,256.7580204800
72,72,2,71,1,266.8969654400
72,72,2,71,2,261.6664950400
72,72,2,71,3,284.2621014400
72,72,2,72,1,288.3782825600
72,72,2,72,2,262.2005369600
72,72,2,72,3,279.5254889600
72,72,2,73,1,251.3469180800
72,72,2,73,2,296.0956745600
72,72,2,73,3,220.4541395200
72,72,2,74,1,208.6839974400
72,72,2,74,2,317.2931254400
72,72,2,74,3,234.9308963200
72,72,2,75,1,215.9223756800
72,72,2,75,2,309.1347526400
72,72,2,75,3,227.4747443200
72,72,2,76,1,235.2316310400
72,72,2,76,2,156.4405152000
72,72,2,76,3,274.0829721600
72,72,2,77,1,202.2726400000
72,72,2,77,2,178.6694400000
72,72,2,77,3,277.3966505600
72,72,2,78,1,216.9386521600
72,72,2,78,2,223.5859308800
72,72,2,78,3,309.9157696000
72,72,2,79,1,88.7658521600
72,72,2,79,2,166.4400272000
72,72,2,79,3,318.2778576000
72,72,2,80,1,77.0547417600
72,72,2,80,2,244.2951593600
72,72,2,80,3,320.0000000000
72,72,2,81,1,204.9889987200
72,72,2,81,2,240.7900419200
72,72,2,81,3,320.0000000000
72,72,2,82,1,232.3487241600
72,72,2,82,2,182.4065065600
72,72,2,82,3,314.4320000000
72,72,2,83,1,285.8711648000
72,72,2,83,2,209.7313843200
72,72,2,83,3,318.8135049600
72,72,2,84,1,294.2368540800
72,72,2,84,2,233.1575974400
72,72,2,84,3,317.0718374400
72,72,2,85,1,282.6017280000
72,72,2,85,2,284.3397206400
72,72,2,85,3,301.7385219200
72,72,2,86,1,262.4832649600
72,72,2,86,2,306.3426169600
72,72,2,86,3,311.3567459200
72,72,2,87,1,246.1514195200
72,72,2,87,2,316.2726400000
72,72,2,87,3,310.0544000000
72,72,2,88,1,273.0620096000
72,72,2,88,2,0.0000000000
72,72,2,88,3,299.7340691200
72,72,2,89,1,260.7947497600
72,72,2,89,2,316.5947660800
72,72,2,89,3,293.1239049600
72,72,2,90,1,227.2663040000
72,72,2,90,2,314.6370169600
72,72,2,90,3,312.7923200000
72,72,2,91,1,177.0219388800
72,72,2,91,2,289.7167008000
72,72,2,91,3,298.5988339200
72,72,2,92,1,216.7616441600
72,72,2,92,2,260.8340176000
72,72,2,92,3,314.7190236800
72,72,2,93,1,220.9519078400
72,72,2,93,2,197.9081814400
72,72,2,93,3,317.9303049600
72,72,2,94,1,197.1523689600
72,72,2,94,2,188.2443932800
72,72,2,94,3,313.0593625600
72,72,2,95,1,227.8377004800
72,72,2,95,2,260.5120217600
72,72,2,95,3,309.6012800000
72,72,2,96,1,270.7687702400
72,72,2,96,2,243.7559104000
72,72,2,96,3,308.8223459200
72,72,2,97,1,239.5041411200
72,72,2,97,2,258.3915606400
72,72,2,97,3,310.0407321600
72,72,2,98,1,224.7370195200
72,72,2,98,2,0.0000000000
72,72,2,98,3,302.0626441600
72,72,2,99,1,179.9240678400
72,72,2,99,2,316.1730169600
72,72,2,99,3,304.5814236800
72,72,2,100,1,143.1736406400
72,72,2,100,2,209.0573235200
72,72,2,100,3,316.7991321600
72,72,2,101,1,155.6064000000
72,72,2,101,2,218.6699520000
72,72,2,101,3,316.1811200000
72,72,2,102,1,125.9910726400
72,72,2,102,2,297.9232540800
72,72,2,102,3,318.3624678400
72,72,2,103,1,175.9064950400
72,72,2,103,2,298.4816812800
72,72,2,103,3,304.0464272000
72,72,2,104,1,184.6227526400
72,72,2,104,2,303.4255187200
72,72,2,104,3,294.3344812800
72,72,2,105,1,204.9851305600
72,72,2,105,2,295.1272134400
72,72,2,105,3,317.2469152000
72,72,2,106,1,213.9624134400
72,72,2,106,2,302.7123200000
72,72,2,106,3,318.3712000000
72,72,2,107,1,202.5759673600
72,72,2,107,2,290.1670617600
72,72,2,107,3,318.2017084800
72,72,2,108,1,245.5706902400
72,72,2,108,2,302.7577491200
72,72,2,108,3,318.8603660800
72,72,2,109,1,241.6241494400
72,72,2,109,2,316.1209491200
72,72,2,109,3,299.3251795200
72,72,2,110,1,189.2606697600
72,72,2,110,2,313.6334102400
72,72,2,110,3,284.0255782400
72,72,2,111,1,179.1343728000
72,72,2,111,2,299.7209600000
72,72,2,111,3,300.9036800000
72,72,2,112,1,190.8991564800
72,72,2,112,2,290.7717859200
72,72,2,112,3,274.9468636800
72,72,2,113,1,156.6478102400
72,72,2,113,2,279.9781516800
72,72,2,113,3,286.3423782400
72,72,2,114,1,150.9083734400
72,72,2,114,2,259.6190720000
72,72,2,114,3,247.7892556800
72,72,2,115,1,185.8799945600
72,72,2,115,2,175.1263789284
72,72,2,115,3,236.2139366400
72,72,2,116,1,222.8800441600
72,72,2,116,2,255.5878400000
72,72,2,116,3,253.9307388800
72,72,2,117,1,282.1407241600
72,72,2,117,2,250.4830265600
72,72,2,117,3,235.5427363200
72,72,2,118,1,193.7509532800
72,72,2,118,2,276.3447974400
72,72,2,118,3,234.1635036800
72,72,2,119,1,212.1232640000
72,72,2,119,2,0.0000000000
72,72,2,119,3,206.8795878400
72,72,2,120,1,179.0554035200
72,72,2,120,2,260.9439673600
72,72,2,120,3,225.4214508800
72,72,2,121,1,147.7834848000
72,72,2,121,2,0.0000000000
72,72,2,121,3,220.3608080000
72,72,2,122,1,144.7234169600
72,72,2,122,2,317.2163254400
72,72,2,122,3,196.2605340800
72,72,2,123,1,133.5492339200
72,72,2,123,2,310.1149289600
72,72,2,123,3,170.2996611200
72,72,2,124,1,116.3445369600
72,72,2,124,2,264.9649897600
72,72,2,124,3,160.9615187200
72,72,2,125,1,151.8693334400
72,72,2,125,2,230.0705705600
72,72,2,125,3,139.0177065600
72,72,2,126,1,171.1203308800
72,72,2,126,2,210.8202521600
72,72,2,126,3,172.6884880000
72,72,2,127,1,155.0684204800
72,72,2,127,2,150.0439865600
72,72,2,127,3,151.2581424000
72,72,2,128,1,264.8786006400
72,72,2,128,2,171.7704678400
72,72,2,128,3,210.5402576000
72,72,2,129,1,199.3612150400
72,72,2,129,2,101.9667958400
72,72,2,129,3,221.3252339200
72,72,2,130,1,206.9210684800
72,72,2,130,2,34.4230400000
72,72,2,130,3,206.3923625600
72,72,2,131,1,247.7421340800
72,72,2,131,2,109.3397910400
72,72,2,131,3,185.1459254400
72,72,2,132,1,227.2968960000
72,72,2,132,2,176.7949017600
72,72,2,132,3,247.5379417600
72,72,2,133,1,225.0475788800
72,72,2,133,2,203.2603987200
72,72,2,133,3,287.5282659200
72,72,2,134,1,202.9804041600
72,72,2,134,2,248.9987036800
72,72,2,134,3,269.9598534400
72,72,2,135,1,189.0874880000
72,72,2,135,2,0.0000000000
72,72,2,135,3,255.7036800000
72,72,2,136,1,155.9370848000
72,72,2,136,2,294.1197017600
72,72,2,136,3,241.5470643200
72,72,2,137,1,184.3068745600
72,72,2,137,2,273.7688297600
72,72,2,137,3,215.4246073600
72,72,2,138,1,144.1410169600
72,72,2,138,2,263.3471564800
72,72,2,138,3,218.3386249600
72,72,2,139,1,168.1765334400
72,72,2,139,2,266.5076905600
72,72,2,139,3,218.5667689600
72,72,2,140,1,128.4754441600
72,72,2,140,2,229.6317395200
72,72,2,140,3,220.6176425600
72,72,2,141,1,161.9782508800
72,72,2,141,2,234.8894156800
72,72,2,141,3,183.2013017600
72,72,2,142,1,119.1384297600
72,72,2,142,2,281.0098115200
72,72,2,142,3,193.2058041600
72,72,2,143,1,153.7061964800
72,72,2,143,2,291.4786060800
72,72,2,143,3,186.3673926400
72,72,2,144,1,150.4715734400
72,72,2,144,2,307.6851200000
72,72,2,144,3,242.4181587200
72,72,2,145,1,274.7112569600
72,72,2,145,2,288.1329897600
72,72,2,145,3,291.9969411200
72,72,2,146,1,278.1726454400
72,72,2,146,2,256.6323635200
72,72,2,146,3,236.3516096000
72,72,2,147,1,307.4868067200
72,72,2,147,2,290.0178441600
72,72,2,147,3,211.4217219200
72,72,2,148,1,317.9810710400
72,72,2,148,2,307.7172067200
72,72,2,148,3,234.9308963200
72,72,2,149,1,251.4490140800
72,72,2,149,2,315.0000550400
72,72,2,149,3,260.3836160000
72,72,2,150,1,269.0638934400
72,72,2,150,2,285.0779552000
72,72,2,150,3,253.4359648000
72,72,2,151,1,279.2034928000
72,72,2,151,2,304.9126400000
72,72,2,151,3,182.1154710400
72,72,2,152,1,294.7367049600
72,72,2,152,2,157.5263459200
72,72,2,152,3,214.3253696000
72,72,2,153,1,275.4337843200
72,72,2,153,2,249.1793356800
72,72,2,153,3,275.2688595200
72,72,2,154,1,296.3963660800
72,72,2,154,2,303.4801897600
72,72,2,154,3,278.1071360000
72,72,2,155,1,314.5702400000
72,72,2,155,2,306.1278374400
72,72,2,155,3,270.1561926400
72,72,2,156,1,318.0090576000
72,72,2,156,2,313.1417600000
72,72,2,156,3,267.3603254400
72,72,2,157,1,310.5562035200
72,72,2,157,2,302.8749017600
72,72,2,157,3,287.9130902400
72,72,2,158,1,245.9854835200
72,72,2,158,2,293.9405475200
72,72,2,158,3,294.9007187200
72,72,2,159,1,265.3026928000
72,72,2,159,2,292.1855574400
72,72,2,159,3,271.7899945600
72,72,2,160,1,251.2399785600
72,72,2,160,2,294.7796611200
72,72,2,160,3,267.0383296000
72,72,2,161,1,212.3965180800
72,72,2,161,2,262.6953110400
72,72,2,161,3,286.5073030400
72,72,2,162,1,181.9871459200
72,72,2,162,2,217.3016080000
72,72,2,162,3,209.1610249600
72,72,2,163,1,187.2799673600
72,72,2,163,2,209.2170240000
72,72,2,163,3,164.3521065600
72,72,2,164,1,228.7087945600
72,72,2,164,2,227.1117884800
72,72,2,164,3,148.6126643200
72,72,2,165,1,195.7259520000
72,72,2,165,2,257.2292339200
72,72,2,165,3,188.0473600000
72,72,2,166,1,262.1926835200
72,72,2,166,2,276.6825004800
72,72,2,166,3,158.1581017600
72,72,2,167,1,293.0179036800
72,72,2,167,2,244.7099660800
72,72,2,167,3,172.0369897600
72,72,2,168,1,266.5906764800
72,72,2,168,2,238.2998185600
72,72,2,168,3,189.2710400000
73,73,2,1,1,199.7569639382
73,73,2,1,2,245.9206032513
73,73,2,1,3,172.9846236800
73,73,2,2,1,205.7064622404
73,73,2,2,2,229.7925083653
73,73,2,2,3,169.7370035200
73,73,2,3,1,191.1748324984
73,73,2,3,2,224.2703619200
73,73,2,3,3,145.7697625600
73,73,2,4,1,174.6190692484
73,73,2,4,2,127.1515292865
73,73,2,4,3,189.6962169600
73,73,2,5,1,170.6226134400
73,73,2,5,2,180.1807397488
73,73,2,5,3,228.5613654400
73,73,2,6,1,107.5145545600
73,73,2,6,2,0.0000000000
73,73,2,6,3,175.6202304000
73,73,2,7,1,137.3101558400
73,73,2,7,2,193.7761889827
73,73,2,7,3,177.5154982400
73,73,2,8,1,216.5029724438
73,73,2,8,2,278.5359404800
73,73,2,8,3,185.9836963200
73,73,2,9,1,218.7534320000
73,73,2,9,2,266.4281350055
73,73,2,9,3,220.7585831464
73,73,2,10,1,0.0000000000
73,73,2,10,2,154.4084795049
73,73,2,10,3,60.5169065600
73,73,2,11,1,171.3061351268
73,73,2,11,2,184.1257697120
73,73,2,11,3,253.0040188800
73,73,2,12,1,240.0537600000
73,73,2,12,2,193.0311822165
73,73,2,12,3,202.5552272000
73,73,2,13,1,0.0000000000
73,73,2,13,2,194.0775712254
73,73,2,13,3,205.0233273600
73,73,2,14,1,212.2720758400
73,73,2,14,2,171.2974345150
73,73,2,14,3,187.9229180800
73,73,2,15,1,220.3423145600
73,73,2,15,2,220.2116339533
73,73,2,15,3,165.6236800000
73,73,2,16,1,180.5558236800
73,73,2,16,2,190.4739795200
73,73,2,16,3,181.4935865600
73,73,2,17,1,158.6516611200
73,73,2,17,2,176.7751593600
73,73,2,17,3,200.7404473600
73,73,2,18,1,87.2928540800
73,73,2,18,2,212.4276284800
73,73,2,18,3,173.8236745600
73,73,2,19,1,164.7717964800
73,73,2,19,2,218.3801059200
73,73,2,19,3,147.7148800000
73,73,2,20,1,176.3010134400
73,73,2,20,2,207.5854505600
73,73,2,20,3,169.6736000000
73,73,2,21,1,182.3622508800
73,73,2,21,2,172.4219660800
73,73,2,21,3,153.7555526400
73,73,2,22,1,224.9547932800
73,73,2,22,2,216.1712595200
73,73,2,22,3,183.6060204800
73,73,2,23,1,209.7622078045
73,73,2,23,2,251.6139388800
73,73,2,23,3,172.2936406400
73,73,2,24,1,209.1147996439
73,73,2,24,2,253.6108374400
73,73,2,24,3,216.0084480000
73,73,2,25,1,243.7973910400
73,73,2,25,2,0.0000000000
73,73,2,25,3,156.2430915200
73,73,2,26,1,211.8157884800
73,73,2,26,2,251.4725750400
73,73,2,26,3,249.8861558400
73,73,2,27,1,210.0839702400
73,73,2,27,2,269.9205859200
73,73,2,27,3,256.6480704000
73,73,2,28,1,218.0171497600
73,73,2,28,2,257.8820532844
73,73,2,28,3,237.4612176000
73,73,2,29,1,193.3295785600
73,73,2,29,2,195.9877231158
73,73,2,29,3,218.3844265600
73,73,2,30,1,253.1218224000
73,73,2,30,2,291.7330991161
73,73,2,30,3,180.5558236800
73,73,2,31,1,297.6469572114
73,73,2,31,2,0.0000000000
73,73,2,31,3,191.4280352000
73,73,2,32,1,210.3945315197
73,73,2,32,2,169.7855927167
73,73,2,32,3,230.4717235200
73,73,2,33,1,227.1310884908
73,73,2,33,2,164.1248643746
73,73,2,33,3,225.8199344512
73,73,2,34,1,132.3197373171
73,73,2,34,2,0.0000000000
73,73,2,34,3,286.5711785600
73,73,2,35,1,187.9022776229
73,73,2,35,2,266.7084800000
73,73,2,35,3,197.8078973156
73,73,2,36,1,0.0000000000
73,73,2,36,2,264.1963078546
73,73,2,36,3,249.6312548645
73,73,2,37,1,237.3832684436
73,73,2,37,2,0.0000000000
73,73,2,37,3,199.5167673600
73,73,2,38,1,238.1729087295
73,73,2,38,2,246.6284473600
73,73,2,38,3,213.3090928000
73,73,2,39,1,238.3100160000
73,73,2,39,2,209.2680105600
73,73,2,39,3,218.9452800000
73,73,2,40,1,196.7271920000
73,73,2,40,2,150.3499932800
73,73,2,40,3,202.5552272000
73,73,2,41,1,229.5695187200
73,73,2,41,2,195.4412908800
73,73,2,41,3,213.9661683200
73,73,2,42,1,233.5309235200
73,73,2,42,2,188.0058793600
73,73,2,42,3,209.0262128000
73,73,2,43,1,226.5932800000
73,73,2,43,2,190.0799132800
73,73,2,43,3,244.6373750400
73,73,2,44,1,259.0321494400
73,73,2,44,2,201.1611305600
73,73,2,44,3,237.7412121600
73,73,2,45,1,259.3182806400
73,73,2,45,2,224.8510915200
73,73,2,45,3,237.5554134400
73,73,2,46,1,226.3743949848
73,73,2,46,2,258.4700963200
73,73,2,46,3,230.6894969600
73,73,2,47,1,252.5563660800
73,73,2,47,2,218.5184785158
73,73,2,47,3,201.4559891200
73,73,2,48,1,272.3708963200
73,73,2,48,2,200.5027362804
73,73,2,48,3,185.7451824000
73,73,2,49,1,249.9031243863
73,73,2,49,2,0.0000000000
73,73,2,49,3,205.5522060800
73,73,2,50,1,236.1856867200
73,73,2,50,2,300.9301696000
73,73,2,50,3,147.9414236800
73,73,2,51,1,212.0231920000
73,73,2,51,2,0.0000000000
73,73,2,51,3,162.0769625600
73,73,2,52,1,228.7917558400
73,73,2,52,2,206.1055802894
73,73,2,52,3,169.1842169600
73,73,2,53,1,231.8551040000
73,73,2,53,2,203.6002566624
73,73,2,53,3,182.3918643200
73,73,2,54,1,220.7722965471
73,73,2,54,2,191.8713235649
73,73,2,54,3,153.7950374400
73,73,2,55,1,163.6267620292
73,73,2,55,2,196.3953465600
73,73,2,55,3,162.0177356800
73,73,2,56,1,145.2922803471
73,73,2,56,2,160.2606643200
73,73,2,56,3,199.3404745600
73,73,2,57,1,181.3509553887
73,73,2,57,2,3.7050267893
73,73,2,57,3,200.6818560000
73,73,2,58,1,168.0312448775
73,73,2,58,2,182.4311685104
73,73,2,58,3,233.7901776000
73,73,2,59,1,167.1460995193
73,73,2,59,2,0.0000000000
73,73,2,59,3,211.2661696000
73,73,2,60,1,0.0000000000
73,73,2,60,2,180.0853169149
73,73,2,60,3,205.1584860545
73,73,2,61,1,190.5045427709
73,73,2,61,2,170.5495115157
73,73,2,61,3,259.3654019200
73,73,2,62,1,215.0485076089
73,73,2,62,2,0.0000000000
73,73,2,62,3,245.6544120904
73,73,2,63,1,228.4191715109
73,73,2,63,2,275.2054055324
73,73,2,63,3,251.0170684800
73,73,2,64,1,258.8627740800
73,73,2,64,2,298.0658862581
73,73,2,64,3,158.0791321600
73,73,2,65,1,232.9605641600
73,73,2,65,2,272.4856116085
73,73,2,65,3,166.0451795200
73,73,2,66,1,225.2347878400
73,73,2,66,2,303.5192406400
73,73,2,66,3,167.4970665600
73,73,2,67,1,216.3857494400
73,73,2,67,2,271.0279376000
73,73,2,67,3,196.2605340800
73,73,2,68,1,157.7533830400
73,73,2,68,2,247.9306195200
73,73,2,68,3,242.4077884800
73,73,2,69,1,197.8990211200
73,73,2,69,2,231.1612319404
73,73,2,69,3,257.2963140699
73,73,2,70,1,223.7602283761
73,73,2,70,2,212.7432963511
73,73,2,70,3,0.0000000000
73,73,2,71,1,215.7237453208
73,73,2,71,2,261.6664950400
73,73,2,71,3,0.0000000000
73,73,2,72,1,195.4434978715
73,73,2,72,2,0.0000000000
73,73,2,72,3,0.0000000000
73,73,2,73,1,217.2963492592
73,73,2,73,2,183.3909297050
73,73,2,73,3,220.4541395200
73,73,2,74,1,208.6839974400
73,73,2,74,2,0.0000000000
73,73,2,74,3,234.9308963200
73,73,2,75,1,215.9223756800
73,73,2,75,2,179.6798102497
73,73,2,75,3,227.4747443200
73,73,2,76,1,235.2316310400
73,73,2,76,2,156.4405152000
73,73,2,76,3,274.0829721600
73,73,2,77,1,202.2726400000
73,73,2,77,2,178.6694400000
73,73,2,77,3,277.3966505600
73,73,2,78,1,216.9386521600
73,73,2,78,2,223.5859308800
73,73,2,78,3,293.2862621413
73,73,2,79,1,88.7658521600
73,73,2,79,2,166.4400272000
73,73,2,79,3,0.0000000000
73,73,2,80,1,77.0547417600
73,73,2,80,2,244.2951593600
73,73,2,80,3,0.0000000000
73,73,2,81,1,204.9889987200
73,73,2,81,2,240.7900419200
73,73,2,81,3,0.0000000000
73,73,2,82,1,212.3403564128
73,73,2,82,2,182.4065065600
73,73,2,82,3,274.0534532113
73,73,2,83,1,181.5176689684
73,73,2,83,2,209.7313843200
73,73,2,83,3,0.0000000000
73,73,2,84,1,172.4517721045
73,73,2,84,2,227.4783305662
73,73,2,84,3,0.0000000000
73,73,2,85,1,195.6917431981
73,73,2,85,2,0.0000000000
73,73,2,85,3,194.4434746364
73,73,2,86,1,216.0251901907
73,73,2,86,2,0.0000000000
73,73,2,86,3,221.6205730318
73,73,2,87,1,222.3981606650
73,73,2,87,2,0.0000000000
73,73,2,87,3,197.9097466802
73,73,2,88,1,207.5456208916
73,73,2,88,2,0.0000000000
73,73,2,88,3,292.2428223853
73,73,2,89,1,222.6878447179
73,73,2,89,2,154.8168560774
73,73,2,89,3,292.6659054982
73,73,2,90,1,227.2663040000
73,73,2,90,2,189.0761920206
73,73,2,90,3,102.4289844492
73,73,2,91,1,177.0219388800
73,73,2,91,2,195.8493911901
73,73,2,91,3,267.8837107670
73,73,2,92,1,216.7616441600
73,73,2,92,2,234.7571897050
73,73,2,92,3,204.8399219673
73,73,2,93,1,220.9519078400
73,73,2,93,2,197.9081814400
73,73,2,93,3,178.1866834247
73,73,2,94,1,197.1523689600
73,73,2,94,2,188.2443932800
73,73,2,94,3,187.2121905476
73,73,2,95,1,227.8377004800
73,73,2,95,2,260.5120217600
73,73,2,95,3,177.8829946515
73,73,2,96,1,197.7658666368
73,73,2,96,2,234.6916333478
73,73,2,96,3,182.0806343008
73,73,2,97,1,221.0404150042
73,73,2,97,2,0.0000000000
73,73,2,97,3,207.5057881777
73,73,2,98,1,224.7370195200
73,73,2,98,2,304.6009491200
73,73,2,98,3,203.6392557638
73,73,2,99,1,179.9240678400
73,73,2,99,2,0.0000000000
73,73,2,99,3,205.0063733688
73,73,2,100,1,143.1736406400
73,73,2,100,2,209.0573235200
73,73,2,100,3,176.8971484578
73,73,2,101,1,155.6064000000
73,73,2,101,2,218.6699520000
73,73,2,101,3,170.5912547459
73,73,2,102,1,125.9910726400
73,73,2,102,2,212.3666256396
73,73,2,102,3,165.8796646992
73,73,2,103,1,175.9064950400
73,73,2,103,2,265.2940935099
73,73,2,103,3,168.3851869225
73,73,2,104,1,184.6227526400
73,73,2,104,2,197.1007088806
73,73,2,104,3,176.6421572977
73,73,2,105,1,204.9851305600
73,73,2,105,2,183.8845199361
73,73,2,105,3,165.5393081126
73,73,2,106,1,213.9624134400
73,73,2,106,2,241.9336826104
73,73,2,106,3,165.9760647752
73,73,2,107,1,202.5759673600
73,73,2,107,2,223.2551353862
73,73,2,107,3,163.8406776395
73,73,2,108,1,211.7936144028
73,73,2,108,2,203.3828079847
73,73,2,108,3,215.5052384172
73,73,2,109,1,217.5330080159
73,73,2,109,2,175.0739863790
73,73,2,109,3,151.7898367601
73,73,2,110,1,189.2606697600
73,73,2,110,2,0.0000000000
73,73,2,110,3,197.7760519990
73,73,2,111,1,179.1343728000
73,73,2,111,2,146.9108118920
73,73,2,111,3,10.2308261609
73,73,2,112,1,190.8991564800
73,73,2,112,2,0.0000000000
73,73,2,112,3,194.5597514276
73,73,2,113,1,156.6478102400
73,73,2,113,2,0.0000000000
73,73,2,113,3,189.2818305057
73,73,2,114,1,150.9083734400
73,73,2,114,2,199.0136517622
73,73,2,114,3,204.3394884013
73,73,2,115,1,185.8799945600
73,73,2,115,2,259.4203769600
73,73,2,115,3,215.1749851641
73,73,2,116,1,222.8800441600
73,73,2,116,2,217.3150197199
73,73,2,116,3,200.4613044239
73,73,2,117,1,219.9508959026
73,73,2,117,2,250.4830265600
73,73,2,117,3,207.9330402485
73,73,2,118,1,193.7509532800
73,73,2,118,2,276.3447974400
73,73,2,118,3,210.6534764041
73,73,2,119,1,212.1232640000
73,73,2,119,2,279.4277120000
73,73,2,119,3,206.8795878400
73,73,2,120,1,179.0554035200
73,73,2,120,2,225.8165500907
73,73,2,120,3,218.8850987965
73,73,2,121,1,147.7834848000
73,73,2,121,2,278.3474550400
73,73,2,121,3,220.3608080000
73,73,2,122,1,144.7234169600
73,73,2,122,2,169.2079482466
73,73,2,122,3,196.2605340800
73,73,2,123,1,133.5492339200
73,73,2,123,2,0.0000000000
73,73,2,123,3,170.2996611200
73,73,2,124,1,116.3445369600
73,73,2,124,2,264.9649897600
73,73,2,124,3,160.9615187200
73,73,2,125,1,151.8693334400
73,73,2,125,2,230.0705705600
73,73,2,125,3,139.0177065600
73,73,2,126,1,171.1203308800
73,73,2,126,2,210.8202521600
73,73,2,126,3,172.6884880000
73,73,2,127,1,155.0684204800
73,73,2,127,2,150.0439865600
73,73,2,127,3,151.2581424000
73,73,2,128,1,264.8786006400
73,73,2,128,2,171.7704678400
73,73,2,128,3,210.5402576000
73,73,2,129,1,199.3612150400
73,73,2,129,2,101.9667958400
73,73,2,129,3,221.3252339200
73,73,2,130,1,206.9210684800
73,73,2,130,2,34.4230400000
73,73,2,130,3,206.3923625600
73,73,2,131,1,247.7421340800
73,73,2,131,2,109.3397910400
73,73,2,131,3,185.1459254400
73,73,2,132,1,227.2968960000
73,73,2,132,2,176.7949017600
73,73,2,132,3,209.2216525015
73,73,2,133,1,225.0475788800
73,73,2,133,2,203.2603987200
73,73,2,133,3,0.0000000000
73,73,2,134,1,202.9804041600
73,73,2,134,2,206.3729260715
73,73,2,134,3,249.1045265078
73,73,2,135,1,189.0874880000
73,73,2,135,2,0.0000000000
73,73,2,135,3,0.0000000000
73,73,2,136,1,155.9370848000
73,73,2,136,2,0.0000000000
73,73,2,136,3,241.5470643200
73,73,2,137,1,184.3068745600
73,73,2,137,2,202.0029475426
73,73,2,137,3,215.4246073600
73,73,2,138,1,144.1410169600
73,73,2,138,2,212.7759831132
73,73,2,138,3,218.3386249600
73,73,2,139,1,168.1765334400
73,73,2,139,2,212.4100008785
73,73,2,139,3,218.5667689600
73,73,2,140,1,128.4754441600
73,73,2,140,2,229.6317395200
73,73,2,140,3,220.6176425600
73,73,2,141,1,161.9782508800
73,73,2,141,2,234.8894156800
73,73,2,141,3,183.2013017600
73,73,2,142,1,119.1384297600
73,73,2,142,2,193.0186700796
73,73,2,142,3,193.2058041600
73,73,2,143,1,153.7061964800
73,73,2,143,2,0.0000000000
73,73,2,143,3,186.3673926400
73,73,2,144,1,150.4715734400
73,73,2,144,2,188.8055791654
73,73,2,144,3,242.4181587200
73,73,2,145,1,274.7112569600
73,73,2,145,2,150.1957036881
73,73,2,145,3,215.8647513206
73,73,2,146,1,278.1726454400
73,73,2,146,2,0.0000000000
73,73,2,146,3,236.3516096000
73,73,2,147,1,297.1028282881
73,73,2,147,2,0.0000000000
73,73,2,147,3,211.4217219200
73,73,2,148,1,308.5473010336
73,73,2,148,2,102.4201627782
73,73,2,148,3,234.9308963200
73,73,2,149,1,251.4490140800
73,73,2,149,2,164.7295772236
73,73,2,149,3,260.3836160000
73,73,2,150,1,269.0638934400
73,73,2,150,2,283.6279240648
73,73,2,150,3,253.4359648000
73,73,2,151,1,279.2034928000
73,73,2,151,2,280.3261071267
73,73,2,151,3,182.1154710400
73,73,2,152,1,193.9995778823
73,73,2,152,2,157.5263459200
73,73,2,152,3,214.3253696000
73,73,2,153,1,248.5829375662
73,73,2,153,2,249.1793356800
73,73,2,153,3,227.5707170039
73,73,2,154,1,258.7272114884
73,73,2,154,2,303.4801897600
73,73,2,154,3,236.5204339285
73,73,2,155,1,192.4309713581
73,73,2,155,2,306.1278374400
73,73,2,155,3,270.0038001929
73,73,2,156,1,200.2812983280
73,73,2,156,2,0.0000000000
73,73,2,156,3,217.0298296614
73,73,2,157,1,243.1980153763
73,73,2,157,2,251.1550405898
73,73,2,157,3,189.7421771668
73,73,2,158,1,245.9854969600
73,73,2,158,2,214.9713709633
73,73,2,158,3,190.7242690943
73,73,2,159,1,265.3026928000
73,73,2,159,2,132.8799657801
73,73,2,159,3,208.8353741035
73,73,2,160,1,251.2399785600
73,73,2,160,2,0.0000000000
73,73,2,160,3,219.4451040048
73,73,2,161,1,212.3965180800
73,73,2,161,2,206.4871839435
73,73,2,161,3,222.5951564494
73,73,2,162,1,181.9871459200
73,73,2,162,2,217.3016080000
73,73,2,162,3,209.1610249600
73,73,2,163,1,187.2799673600
73,73,2,163,2,209.2170240000
73,73,2,163,3,164.3521065600
73,73,2,164,1,228.7087945600
73,73,2,164,2,227.1117884800
73,73,2,164,3,148.6126643200
73,73,2,165,1,195.7259520000
73,73,2,165,2,228.0358013214
73,73,2,165,3,188.0473600000
73,73,2,166,1,262.1926835200
73,73,2,166,2,198.4330342423
73,73,2,166,3,158.1581017600
73,73,2,167,1,293.0179036800
73,73,2,167,2,213.7999811913
73,73,2,167,3,172.0369897600
73,73,2,168,1,266.5906764800
73,73,2,168,2,211.8985764793
73,73,2,168,3,189.2710400000
76,76,3,1,1,243.7973910400
76,76,3,1,2,283.1773939200
76,76,3,1,3,156.2430915200
76,76,3,2,1,211.8157884800
76,76,3,2,2,251.4725750400
76,76,3,2,3,249.8861558400
76,76,3,3,1,210.0839702400
76,76,3,3,2,269.9205859200
76,76,3,3,3,256.6480704000
76,76,3,4,1,218.0171497600
76,76,3,4,2,258.1873680000
76,76,3,4,3,237.4612176000
76,76,3,5,1,193.3295785600
76,76,3,5,2,276.7247785600
76,76,3,5,3,218.3844265600
76,76,3,6,1,253.1218224000
76,76,3,6,2,297.1305219200
76,76,3,6,3,180.5558236800
76,76,3,7,1,304.1401491200
76,76,3,7,2,270.3289708800
76,76,3,7,3,191.4280352000
76,76,3,8,1,19.8891191336
76,76,3,8,2,296.6619120000
76,76,3,8,3,230.4717235200
76,76,3,9,1,318.4444745600
76,76,3,9,2,302.3399049600
76,76,3,9,3,256.3653424000
76,76,3,10,1,319.2569600000
76,76,3,10,2,282.0379734400
76,76,3,10,3,286.5711785600
76,76,3,11,1,316.5524611200
76,76,3,11,2,266.7084800000
76,76,3,11,3,297.0485152000
76,76,3,12,1,309.8650035200
76,76,3,12,2,267.7530035200
76,76,3,12,3,271.4049084800
76,76,3,13,1,302.1056000000
76,76,3,13,2,259.7188121600
76,76,3,13,3,199.5167673600
76,76,3,14,1,273.2583484800
76,76,3,14,2,246.6284473600
76,76,3,14,3,213.3090928000
76,76,3,15,1,238.3100160000
76,76,3,15,2,209.2680105600
76,76,3,15,3,218.9452800000
76,76,3,16,1,196.7271920000
76,76,3,16,2,150.3499932800
76,76,3,16,3,202.5552272000
76,76,3,17,1,229.5695187200
76,76,3,17,2,195.4412908800
76,76,3,17,3,213.9661683200
76,76,3,18,1,233.5309235200
76,76,3,18,2,188.0058793600
76,76,3,18,3,209.0262128000
76,76,3,19,1,226.5932800000
76,76,3,19,2,190.0799132800
76,76,3,19,3,244.6373750400
76,76,3,20,1,259.0321494400
76,76,3,20,2,201.1611305600
76,76,3,20,3,237.7412121600
76,76,3,21,1,259.3182806400
76,76,3,21,2,224.8510915200
76,76,3,21,3,237.5554134400
76,76,3,22,1,93.5918456942
76,76,3,22,2,258.4700963200
76,76,3,22,3,230.6894969600
76,76,3,23,1,252.5563660800
76,76,3,23,2,264.6115795200
76,76,3,23,3,201.4559891200
76,76,3,24,1,272.3708963200
76,76,3,24,2,294.9314208000
76,76,3,24,3,185.7451824000
76,76,3,25,1,268.4127024000
76,76,3,25,2,0.0000000000
76,76,3,25,3,205.5522060800
76,76,3,26,1,236.1856867200
76,76,3,26,2,300.9301696000
76,76,3,26,3,147.9414236800
76,76,3,27,1,212.0231920000
76,76,3,27,2,302.7968000000
76,76,3,27,3,162.0769625600
76,76,3,28,1,228.7917558400
76,76,3,28,2,268.6718697600
76,76,3,28,3,169.1842169600
76,76,3,29,1,231.8551040000
76,76,3,29,2,266.8046489600
76,76,3,29,3,182.3918643200
76,76,3,30,1,256.6794848000
76,76,3,30,2,279.9495811200
76,76,3,30,3,153.7950374400
76,76,3,31,1,275.0411065600
76,76,3,31,2,196.3953465600
76,76,3,31,3,162.0177356800
76,76,3,32,1,296.0956745600
76,76,3,32,2,160.2606643200
76,76,3,32,3,199.3404745600
76,76,3,33,1,285.4706332800
76,76,3,33,2,289.3667840000
76,76,3,33,3,200.6818560000
76,76,3,34,1,0.0000000000
76,76,3,34,2,302.9725289600
76,76,3,34,3,233.7901776000
76,76,3,35,1,316.8642169600
76,76,3,35,2,0.0000000000
76,76,3,35,3,211.2661696000
76,76,3,36,1,306.6433084800
76,76,3,36,2,319.9020800000
76,76,3,36,3,259.0669667200
76,76,3,37,1,282.8553980800
76,76,3,37,2,131.7236483343
76,76,3,37,3,259.3654019200
76,76,3,38,1,253.8462454400
76,76,3,38,2,305.6826576000
76,76,3,38,3,275.8752854400
76,76,3,39,1,258.6271673600
76,76,3,39,2,303.5348611200
76,76,3,39,3,251.0170684800
76,76,3,40,1,258.8627740800
76,76,3,40,2,303.0154848000
76,76,3,40,3,158.0791321600
76,76,3,41,1,232.9605641600
76,76,3,41,2,296.7296000000
76,76,3,41,3,166.0451795200
76,76,3,42,1,225.2347878400
76,76,3,42,2,303.5192406400
76,76,3,42,3,167.4970665600
76,76,3,43,1,216.3857494400
76,76,3,43,2,271.0279376000
76,76,3,43,3,196.2605340800
76,76,3,44,1,157.7533830400
76,76,3,44,2,247.9306195200
76,76,3,44,3,242.4077884800
76,76,3,45,1,197.8990211200
76,76,3,45,2,262.3104867200
76,76,3,45,3,276.3369436800
76,76,3,46,1,233.3546304000
76,76,3,46,2,264.0287145600
76,76,3,46,3,256.7580204800
76,76,3,47,1,266.8969654400
76,76,3,47,2,261.6664950400
76,76,3,47,3,284.2621014400
76,76,3,48,1,288.3782825600
76,76,3,48,2,262.2005369600
76,76,3,48,3,279.5254889600
76,76,3,49,1,251.3469180800
76,76,3,49,2,226.1204382184
76,76,3,49,3,220.4541395200
76,76,3,50,1,208.6839974400
76,76,3,50,2,317.2931254400
76,76,3,50,3,234.9308963200
76,76,3,51,1,215.9223756800
76,76,3,51,2,309.1347526400
76,76,3,51,3,227.4747443200
76,76,3,52,1,235.2316310400
76,76,3,52,2,156.4405152000
76,76,3,52,3,274.0829721600
76,76,3,53,1,202.2726400000
76,76,3,53,2,178.6694400000
76,76,3,53,3,277.3966505600
76,76,3,54,1,216.9386521600
76,76,3,54,2,223.5859308800
76,76,3,54,3,309.9157696000
76,76,3,55,1,88.7658521600
76,76,3,55,2,166.4400272000
76,76,3,55,3,318.2778576000
76,76,3,56,1,77.0547417600
76,76,3,56,2,244.2951593600
76,76,3,56,3,320.0000000000
76,76,3,57,1,204.9889987200
76,76,3,57,2,240.7900419200
76,76,3,57,3,320.0000000000
76,76,3,58,1,232.3487241600
76,76,3,58,2,182.4065065600
76,76,3,58,3,314.4320000000
76,76,3,59,1,285.8711648000
76,76,3,59,2,209.7313843200
76,76,3,59,3,318.8135049600
76,76,3,60,1,294.2368540800
76,76,3,60,2,233.1575974400
76,76,3,60,3,0.0000000000
76,76,3,61,1,282.6017280000
76,76,3,61,2,284.3397206400
76,76,3,61,3,301.7385219200
76,76,3,62,1,262.4832649600
76,76,3,62,2,306.3426169600
76,76,3,62,3,311.3567459200
76,76,3,63,1,246.1514195200
76,76,3,63,2,316.2726400000
76,76,3,63,3,310.0544000000
76,76,3,64,1,273.0620096000
76,76,3,64,2,317.7688950400
76,76,3,64,3,299.7340691200
76,76,3,65,1,260.7947497600
76,76,3,65,2,316.5947660800
76,76,3,65,3,293.1239049600
76,76,3,66,1,227.2663040000
76,76,3,66,2,314.6370169600
76,76,3,66,3,312.7923200000
76,76,3,67,1,177.0219388800
76,76,3,67,2,289.7167008000
76,76,3,67,3,298.5988339200
76,76,3,68,1,216.7616441600
76,76,3,68,2,260.8340176000
76,76,3,68,3,314.7190236800
76,76,3,69,1,220.9519078400
76,76,3,69,2,197.9081814400
76,76,3,69,3,317.9303049600
76,76,3,70,1,197.1523689600
76,76,3,70,2,188.2443932800
76,76,3,70,3,0.0000000000
76,76,3,71,1,227.8377004800
76,76,3,71,2,260.5120217600
76,76,3,71,3,309.6012800000
76,76,3,72,1,270.7687702400
76,76,3,72,2,243.7559104000
76,76,3,72,3,308.8223459200
76,76,3,73,1,239.5041411200
76,76,3,73,2,258.3915606400
76,76,3,73,3,310.0407321600
76,76,3,74,1,224.7370195200
76,76,3,74,2,0.0000000000
76,76,3,74,3,302.0626441600
76,76,3,75,1,179.9240678400
76,76,3,75,2,316.1730169600
76,76,3,75,3,304.5814236800
76,76,3,76,1,143.1736406400
76,76,3,76,2,209.0573235200
76,76,3,76,3,316.7991321600
76,76,3,77,1,155.6064000000
76,76,3,77,2,218.6699520000
76,76,3,77,3,316.1811200000
76,76,3,78,1,125.9910726400
76,76,3,78,2,124.4729303857
76,76,3,78,3,318.3624678400
76,76,3,79,1,175.9064950400
76,76,3,79,2,298.4816812800
76,76,3,79,3,304.0464272000
76,76,3,80,1,184.6227526400
76,76,3,80,2,303.4255187200
76,76,3,80,3,294.3344812800
76,76,3,81,1,204.9851305600
76,76,3,81,2,295.1272134400
76,76,3,81,3,317.2469152000
76,76,3,82,1,213.9624134400
76,76,3,82,2,302.7123200000
76,76,3,82,3,0.0000000000
76,76,3,83,1,202.5759673600
76,76,3,83,2,290.1670617600
76,76,3,83,3,0.0000000000
76,76,3,84,1,245.5706902400
76,76,3,84,2,302.7577491200
76,76,3,84,3,318.8603660800
76,76,3,85,1,241.6241494400
76,76,3,85,2,316.1209491200
76,76,3,85,3,299.3251795200
76,76,3,86,1,189.2606697600
76,76,3,86,2,313.6334102400
76,76,3,86,3,284.0255782400
76,76,3,87,1,179.1343728000
76,76,3,87,2,299.7209600000
76,76,3,87,3,300.9036800000
76,76,3,88,1,190.8991564800
76,76,3,88,2,290.7717859200
76,76,3,88,3,274.9468636800
76,76,3,89,1,156.6478102400
76,76,3,89,2,279.9781516800
76,76,3,89,3,286.3423782400
76,76,3,90,1,150.9083734400
76,76,3,90,2,259.6190720000
76,76,3,90,3,247.7892556800
76,76,3,91,1,185.8799945600
76,76,3,91,2,259.4203769600
76,76,3,91,3,236.2139366400
76,76,3,92,1,222.8800441600
76,76,3,92,2,255.5878400000
76,76,3,92,3,253.9307388800
76,76,3,93,1,282.1407241600
76,76,3,93,2,250.4830265600
76,76,3,93,3,235.5427363200
76,76,3,94,1,193.7509532800
76,76,3,94,2,276.3447974400
76,76,3,94,3,234.1635036800
76,76,3,95,1,212.1232640000
76,76,3,95,2,279.4277120000
76,76,3,95,3,206.8795878400
76,76,3,96,1,179.0554035200
76,76,3,96,2,260.9439673600
76,76,3,96,3,225.4214508800
76,76,3,97,1,147.7834848000
76,76,3,97,2,278.3474550400
76,76,3,97,3,220.3608080000
76,76,3,98,1,144.7234169600
76,76,3,98,2,0.0000000000
76,76,3,98,3,196.2605340800
76,76,3,99,1,133.5492339200
76,76,3,99,2,0.0000000000
76,76,3,99,3,170.2996611200
76,76,3,100,1,116.3445369600
76,76,3,100,2,264.9649897600
76,76,3,100,3,160.9615187200
76,76,3,101,1,151.8693334400
76,76,3,101,2,230.0705705600
76,76,3,101,3,139.0177065600
76,76,3,102,1,171.1203308800
76,76,3,102,2,210.8202521600
76,76,3,102,3,172.6884880000
76,76,3,103,1,155.0684204800
76,76,3,103,2,150.0439865600
76,76,3,103,3,151.2581424000
76,76,3,104,1,264.8786006400
76,76,3,104,2,171.7704678400
76,76,3,104,3,210.5402576000
76,76,3,105,1,199.3612150400
76,76,3,105,2,101.9667958400
76,76,3,105,3,221.3252339200
76,76,3,106,1,206.9210684800
76,76,3,106,2,34.4230400000
76,76,3,106,3,206.3923625600
76,76,3,107,1,247.7421340800
76,76,3,107,2,109.3397910400
76,76,3,107,3,185.1459254400
76,76,3,108,1,227.2968960000
76,76,3,108,2,176.7949017600
76,76,3,108,3,247.5379417600
76,76,3,109,1,225.0475788800
76,76,3,109,2,203.2603987200
76,76,3,109,3,287.5282659200
76,76,3,110,1,202.9804041600
76,76,3,110,2,248.9987036800
76,76,3,110,3,269.9598534400
76,76,3,111,1,189.0874880000
76,76,3,111,2,284.5282060800
76,76,3,111,3,255.7036800000
76,76,3,112,1,155.9370848000
76,76,3,112,2,294.1197017600
76,76,3,112,3,241.5470643200
76,76,3,113,1,184.3068745600
76,76,3,113,2,273.7688297600
76,76,3,113,3,215.4246073600
76,76,3,114,1,144.1410169600
76,76,3,114,2,263.3471564800
76,76,3,114,3,218.3386249600
76,76,3,115,1,168.1765334400
76,76,3,115,2,266.5076905600
76,76,3,115,3,218.5667689600
76,76,3,116,1,128.4754441600
76,76,3,116,2,229.6317395200
76,76,3,116,3,220.6176425600
76,76,3,117,1,161.9782508800
76,76,3,117,2,234.8894156800
76,76,3,117,3,183.2013017600
76,76,3,118,1,119.1384297600
76,76,3,118,2,281.0098115200
76,76,3,118,3,193.2058041600
76,76,3,119,1,153.7061964800
76,76,3,119,2,291.4786060800
76,76,3,119,3,186.3673926400
76,76,3,120,1,150.4715734400
76,76,3,120,2,307.6851200000
76,76,3,120,3,242.4181587200
76,76,3,121,1,274.7112569600
76,76,3,121,2,288.1329897600
76,76,3,121,3,291.9969411200
76,76,3,122,1,278.1726454400
76,76,3,122,2,256.6323635200
76,76,3,122,3,236.3516096000
76,76,3,123,1,307.4868067200
76,76,3,123,2,290.0178441600
76,76,3,123,3,211.4217219200
76,76,3,124,1,317.9810710400
76,76,3,124,2,307.7172067200
76,76,3,124,3,234.9308963200
76,76,3,125,1,251.4490140800
76,76,3,125,2,315.0000550400
76,76,3,125,3,260.3836160000
76,76,3,126,1,269.0638934400
76,76,3,126,2,285.0779552000
76,76,3,126,3,253.4359648000
76,76,3,127,1,279.2034928000
76,76,3,127,2,304.9126400000
76,76,3,127,3,182.1154710400
76,76,3,128,1,294.7367049600
76,76,3,128,2,157.5263459200
76,76,3,128,3,214.3253696000
76,76,3,129,1,275.4337843200
76,76,3,129,2,249.1793356800
76,76,3,129,3,275.2688595200
76,76,3,130,1,296.3963660800
76,76,3,130,2,303.4801897600
76,76,3,130,3,278.1071360000
76,76,3,131,1,314.5702400000
76,76,3,131,2,306.1278374400
76,76,3,131,3,270.1561926400
76,76,3,132,1,318.0090576000
76,76,3,132,2,313.1417600000
76,76,3,132,3,267.3603254400
76,76,3,133,1,310.5562035200
76,76,3,133,2,302.8749017600
76,76,3,133,3,287.9130902400
76,76,3,134,1,245.9854969600
76,76,3,134,2,293.9405475200
76,76,3,134,3,294.9007187200
76,76,3,135,1,265.3026928000
76,76,3,135,2,292.1855574400
76,76,3,135,3,271.7899945600
76,76,3,136,1,251.2399785600
76,76,3,136,2,294.7796611200
76,76,3,136,3,267.0383296000
76,76,3,137,1,212.3965180800
76,76,3,137,2,262.6953110400
76,76,3,137,3,286.5073030400
76,76,3,138,1,181.9871459200
76,76,3,138,2,217.3016080000
76,76,3,138,3,209.1610249600
76,76,3,139,1,187.2799673600
76,76,3,139,2,209.2170240000
76,76,3,139,3,164.3521065600
76,76,3,140,1,228.7087945600
76,76,3,140,2,227.1117884800
76,76,3,140,3,148.6126643200
76,76,3,141,1,195.7259520000
76,76,3,141,2,257.2292339200
76,76,3,141,3,188.0473600000
76,76,3,142,1,262.1926835200
76,76,3,142,2,276.6825004800
76,76,3,142,3,158.1581017600
76,76,3,143,1,293.0179036800
76,76,3,143,2,244.7099660800
76,76,3,143,3,172.0369897600
76,76,3,144,1,266.5906764800
76,76,3,144,2,238.2998185600
76,76,3,144,3,189.2710400000
76,76,3,145,1,280.0438236800
76,76,3,145,2,249.6741097600
76,76,3,145,3,172.9846236800
76,76,3,146,1,264.7112387200
76,76,3,146,2,239.9500582400
76,76,3,146,3,169.7370035200
76,76,3,147,1,274.2086291200
76,76,3,147,2,224.2703619200
76,76,3,147,3,145.7697625600
76,76,3,148,1,300.1686780800
76,76,3,148,2,250.2317126400
76,76,3,148,3,189.6962169600
76,76,3,149,1,170.6226134400
76,76,3,149,2,0.0000000000
76,76,3,149,3,228.5613654400
76,76,3,150,1,107.5145545600
76,76,3,150,2,298.3332880000
76,76,3,150,3,175.6202304000
76,76,3,151,1,137.3101558400
76,76,3,151,2,274.2871648000
76,76,3,151,3,177.5154982400
76,76,3,152,1,224.9755334400
76,76,3,152,2,278.5359404800
76,76,3,152,3,185.9836963200
76,76,3,153,1,218.7534320000
76,76,3,153,2,272.9206454400
76,76,3,153,3,242.3559376000
76,76,3,154,1,294.8172800000
76,76,3,154,2,294.3833600000
76,76,3,154,3,60.5169065600
76,76,3,155,1,264.3052908800
76,76,3,155,2,290.9524176000
76,76,3,155,3,253.0040188800
76,76,3,156,1,240.0537600000
76,76,3,156,2,294.2056134400
76,76,3,156,3,202.5552272000
76,76,3,157,1,260.3078291200
76,76,3,157,2,304.8079187200
76,76,3,157,3,205.0233273600
76,76,3,158,1,212.2720758400
76,76,3,158,2,264.4309478400
76,76,3,158,3,187.9229180800
76,76,3,159,1,220.3423145600
76,76,3,159,2,229.2139945600
76,76,3,159,3,165.6236800000
76,76,3,160,1,180.5558236800
76,76,3,160,2,190.4739795200
76,76,3,160,3,181.4935865600
76,76,3,161,1,158.6516611200
76,76,3,161,2,176.7751593600
76,76,3,161,3,200.7404473600
76,76,3,162,1,87.2928540800
76,76,3,162,2,212.4276284800
76,76,3,162,3,173.8236745600
76,76,3,163,1,164.7717964800
76,76,3,163,2,218.3801059200
76,76,3,163,3,147.7148800000
76,76,3,164,1,176.3010134400
76,76,3,164,2,207.5854505600
76,76,3,164,3,169.6736000000
76,76,3,165,1,182.3622508800
76,76,3,165,2,172.4219660800
76,76,3,165,3,153.7555526400
76,76,3,166,1,224.9547932800
76,76,3,166,2,216.1712595200
76,76,3,166,3,183.6060204800
76,76,3,167,1,251.9437884800
76,76,3,167,2,251.6139388800
76,76,3,167,3,172.2936406400
76,76,3,168,1,275.5751484800
76,76,3,168,2,253.6108374400
76,76,3,168,3,216.0084480000
85,85,3,1,1,243.7973910400
85,85,3,1,2,125.4953384977
85,85,3,1,3,156.2430915200
85,85,3,2,1,211.8157884800
85,85,3,2,2,251.4725750400
85,85,3,2,3,249.8861558400
85,85,3,3,1,210.0839702400
85,85,3,3,2,207.0207627188
85,85,3,3,3,256.6480704000
85,85,3,4,1,218.0171497600
85,85,3,4,2,258.1873680000
85,85,3,4,3,237.4612176000
85,85,3,5,1,193.3295785600
85,85,3,5,2,0.0000000000
85,85,3,5,3,218.3844265600
85,85,3,6,1,253.1218224000
85,85,3,6,2,0.0000000000
85,85,3,6,3,180.5558236800
85,85,3,7,1,304.1401491200
85,85,3,7,2,15.7836564322
85,85,3,7,3,191.4280352000
85,85,3,8,1,0.0000000000
85,85,3,8,2,212.7152523360
85,85,3,8,3,230.4717235200
85,85,3,9,1,318.4444745600
85,85,3,9,2,0.0000000000
85,85,3,9,3,256.3653424000
85,85,3,10,1,319.2569600000
85,85,3,10,2,118.5263774799
85,85,3,10,3,286.5711785600
85,85,3,11,1,0.0000000000
85,85,3,11,2,20.4975836803
85,85,3,11,3,94.2787167649
85,85,3,12,1,0.0000000000
85,85,3,12,2,3.1101611389
85,85,3,12,3,271.4049084800
85,85,3,13,1,0.0000000000
85,85,3,13,2,74.9817483458
85,85,3,13,3,199.5167673600
85,85,3,14,1,273.2583484800
85,85,3,14,2,0.0000000000
85,85,3,14,3,213.3090928000
85,85,3,15,1,238.3100160000
85,85,3,15,2,0.0000000000
85,85,3,15,3,218.9452800000
85,85,3,16,1,196.7271920000
85,85,3,16,2,150.3499932800
85,85,3,16,3,202.5552272000
85,85,3,17,1,229.5695187200
85,85,3,17,2,195.4412908800
85,85,3,17,3,213.9661683200
85,85,3,18,1,233.5309235200
85,85,3,18,2,188.0058793600
85,85,3,18,3,209.0262128000
85,85,3,19,1,226.5932800000
85,85,3,19,2,190.0799132800
85,85,3,19,3,244.6373750400
85,85,3,20,1,259.0321494400
85,85,3,20,2,201.1611305600
85,85,3,20,3,237.7412121600
85,85,3,21,1,259.3182806400
85,85,3,21,2,224.8510915200
85,85,3,21,3,237.5554134400
85,85,3,22,1,273.4625411200
85,85,3,22,2,258.4700963200
85,85,3,22,3,230.6894969600
85,85,3,23,1,252.5563660800
85,85,3,23,2,0.0000000000
85,85,3,23,3,201.4559891200
85,85,3,24,1,30.8401500266
85,85,3,24,2,0.0000000000
85,85,3,24,3,185.7451824000
85,85,3,25,1,268.4127024000
85,85,3,25,2,299.8601763200
85,85,3,25,3,205.5522060800
85,85,3,26,1,236.1856867200
85,85,3,26,2,65.9493339779
85,85,3,26,3,147.9414236800
85,85,3,27,1,212.0231920000
85,85,3,27,2,0.0000000000
85,85,3,27,3,162.0769625600
85,85,3,28,1,228.7917558400
85,85,3,28,2,268.6718697600
85,85,3,28,3,169.1842169600
85,85,3,29,1,231.8551040000
85,85,3,29,2,51.6000719412
85,85,3,29,3,182.3918643200
85,85,3,30,1,256.6794848000
85,85,3,30,2,202.6083956341
85,85,3,30,3,153.7950374400
85,85,3,31,1,275.0411065600
85,85,3,31,2,108.6685341230
85,85,3,31,3,162.0177356800
85,85,3,32,1,0.0000000000
85,85,3,32,2,160.2606643200
85,85,3,32,3,199.3404745600
85,85,3,33,1,0.0000000000
85,85,3,33,2,0.0000000000
85,85,3,33,3,200.6818560000
85,85,3,34,1,62.9840568483
85,85,3,34,2,0.0000000000
85,85,3,34,3,233.7901776000
85,85,3,35,1,0.0000000000
85,85,3,35,2,0.0000000000
85,85,3,35,3,211.2661696000
85,85,3,36,1,0.0000000000
85,85,3,36,2,0.0000000000
85,85,3,36,3,259.0669667200
85,85,3,37,1,66.8512911114
85,85,3,37,2,0.0000000000
85,85,3,37,3,259.3654019200
85,85,3,38,1,253.8462454400
85,85,3,38,2,0.0000000000
85,85,3,38,3,275.8752854400
85,85,3,39,1,258.6271673600
85,85,3,39,2,303.5348611200
85,85,3,39,3,251.0170684800
85,85,3,40,1,258.8627740800
85,85,3,40,2,303.0154848000
85,85,3,40,3,158.0791321600
85,85,3,41,1,232.9605641600
85,85,3,41,2,296.7296000000
85,85,3,41,3,166.0451795200
85,85,3,42,1,225.2347878400
85,85,3,42,2,303.5192406400
85,85,3,42,3,167.4970665600
85,85,3,43,1,216.3857494400
85,85,3,43,2,271.0279376000
85,85,3,43,3,196.2605340800
85,85,3,44,1,157.7533830400
85,85,3,44,2,247.9306195200
85,85,3,44,3,242.4077884800
85,85,3,45,1,197.8990211200
85,85,3,45,2,262.3104867200
85,85,3,45,3,276.3369436800
85,85,3,46,1,233.3546304000
85,85,3,46,2,264.0287145600
85,85,3,46,3,256.7580204800
85,85,3,47,1,266.8969654400
85,85,3,47,2,142.8572126631
85,85,3,47,3,284.2621014400
85,85,3,48,1,288.1978133368
85,85,3,48,2,262.2005369600
85,85,3,48,3,279.5254889600
85,85,3,49,1,251.3469180800
85,85,3,49,2,0.0000000000
85,85,3,49,3,220.4541395200
85,85,3,50,1,208.6839974400
85,85,3,50,2,317.2931254400
85,85,3,50,3,234.9308963200
85,85,3,51,1,215.9223756800
85,85,3,51,2,0.0000000000
85,85,3,51,3,227.4747443200
85,85,3,52,1,235.2316310400
85,85,3,52,2,156.4405152000
85,85,3,52,3,274.0829721600
85,85,3,53,1,202.2726400000
85,85,3,53,2,178.6694400000
85,85,3,53,3,277.3966505600
85,85,3,54,1,216.9386521600
85,85,3,54,2,223.5859308800
85,85,3,54,3,309.9157696000
85,85,3,55,1,88.7658521600
85,85,3,55,2,166.4400272000
85,85,3,55,3,318.2778576000
85,85,3,56,1,77.0547417600
85,85,3,56,2,244.2951593600
85,85,3,56,3,320.0000000000
85,85,3,57,1,204.9889987200
85,85,3,57,2,240.7900419200
85,85,3,57,3,320.0000000000
85,85,3,58,1,232.3487241600
85,85,3,58,2,182.4065065600
85,85,3,58,3,0.0000000000
85,85,3,59,1,48.9697179923
85,85,3,59,2,209.7313843200
85,85,3,59,3,318.8135049600
85,85,3,60,1,0.0000000000
85,85,3,60,2,233.1575974400
85,85,3,60,3,0.0000000000
85,85,3,61,1,152.3601078737
85,85,3,61,2,0.0000000000
85,85,3,61,3,0.0000000000
85,85,3,62,1,149.1598197581
85,85,3,62,2,0.0000000000
85,85,3,62,3,0.0000000000
85,85,3,63,1,246.1514195200
85,85,3,63,2,0.0000000000
85,85,3,63,3,0.0000000000
85,85,3,64,1,273.0620096000
85,85,3,64,2,178.7409117720
85,85,3,64,3,299.7340691200
85,85,3,65,1,260.7947497600
85,85,3,65,2,0.0000000000
85,85,3,65,3,293.1239049600
85,85,3,66,1,227.2663040000
85,85,3,66,2,95.8562129189
85,85,3,66,3,312.7923200000
85,85,3,67,1,177.0219388800
85,85,3,67,2,289.7167008000
85,85,3,67,3,298.5988339200
85,85,3,68,1,216.7616441600
85,85,3,68,2,0.0000000000
85,85,3,68,3,0.0000000000
85,85,3,69,1,220.9519078400
85,85,3,69,2,57.9588562669
85,85,3,69,3,0.0000000000
85,85,3,70,1,197.1523689600
85,85,3,70,2,188.2443932800
85,85,3,70,3,265.5341235200
85,85,3,71,1,227.8377004800
85,85,3,71,2,184.1166263421
85,85,3,71,3,0.0000000000
85,85,3,72,1,0.0000000000
85,85,3,72,2,183.1003391743
85,85,3,72,3,244.6272734701
85,85,3,73,1,239.5041411200
85,85,3,73,2,229.8299351045
85,85,3,73,3,310.0407321600
85,85,3,74,1,224.7370195200
85,85,3,74,2,0.0000000000
85,85,3,74,3,302.0626441600
85,85,3,75,1,179.9240678400
85,85,3,75,2,0.0000000000
85,85,3,75,3,304.5814236800
85,85,3,76,1,143.1736406400
85,85,3,76,2,209.0573235200
85,85,3,76,3,0.0000000000
85,85,3,77,1,155.6064000000
85,85,3,77,2,218.6699520000
85,85,3,77,3,216.5243435687
85,85,3,78,1,125.9910726400
85,85,3,78,2,0.0000000000
85,85,3,78,3,164.9142695581
85,85,3,79,1,175.9064950400
85,85,3,79,2,298.4816812800
85,85,3,79,3,197.3921356633
85,85,3,80,1,184.6227526400
85,85,3,80,2,303.4255187200
85,85,3,80,3,216.9398475108
85,85,3,81,1,204.9851305600
85,85,3,81,2,125.4723469196
85,85,3,81,3,41.4790258196
85,85,3,82,1,213.9624134400
85,85,3,82,2,302.7123200000
85,85,3,82,3,318.3712000000
85,85,3,83,1,202.5759673600
85,85,3,83,2,290.1670617600
85,85,3,83,3,311.3380416215
85,85,3,84,1,245.5706902400
85,85,3,84,2,0.0000000000
85,85,3,84,3,0.0000000000
85,85,3,85,1,241.6241494400
85,85,3,85,2,285.6885774377
85,85,3,85,3,0.0000000000
85,85,3,86,1,189.2606697600
85,85,3,86,2,313.6334102400
85,85,3,86,3,87.5401387613
85,85,3,87,1,179.1343728000
85,85,3,87,2,0.0000000000
85,85,3,87,3,-0.0000000000
85,85,3,88,1,190.8991564800
85,85,3,88,2,0.0000000000
85,85,3,88,3,274.9468636800
85,85,3,89,1,156.6478102400
85,85,3,89,2,0.0000000000
85,85,3,89,3,180.8219985604
85,85,3,90,1,150.9083734400
85,85,3,90,2,0.0000000000
85,85,3,90,3,247.7892556800
85,85,3,91,1,185.8799945600
85,85,3,91,2,110.4871447443
85,85,3,91,3,236.2139366400
85,85,3,92,1,222.8800441600
85,85,3,92,2,255.5878400000
85,85,3,92,3,203.1395553874
85,85,3,93,1,282.1407241600
85,85,3,93,2,250.4830265600
85,85,3,93,3,4.7698054569
85,85,3,94,1,193.7509532800
85,85,3,94,2,276.3447974400
85,85,3,94,3,34.8643748331
85,85,3,95,1,212.1232640000
85,85,3,95,2,239.6968156102
85,85,3,95,3,206.8795878400
85,85,3,96,1,179.0554035200
85,85,3,96,2,260.9439673600
85,85,3,96,3,225.4214508800
85,85,3,97,1,147.7834848000
85,85,3,97,2,229.5059811267
85,85,3,97,3,220.3608080000
85,85,3,98,1,144.7234169600
85,85,3,98,2,0.0000000000
85,85,3,98,3,196.2605340800
85,85,3,99,1,133.5492339200
85,85,3,99,2,0.0000000000
85,85,3,99,3,170.2996611200
85,85,3,100,1,116.3445369600
85,85,3,100,2,264.9649897600
85,85,3,100,3,160.9615187200
85,85,3,101,1,151.8693334400
85,85,3,101,2,230.0705705600
85,85,3,101,3,139.0177065600
85,85,3,102,1,171.1203308800
85,85,3,102,2,210.8202521600
85,85,3,102,3,172.6884880000
85,85,3,103,1,155.0684204800
85,85,3,103,2,150.0439865600
85,85,3,103,3,151.2581424000
85,85,3,104,1,264.8786006400
85,85,3,104,2,171.7704678400
85,85,3,104,3,210.5402576000
85,85,3,105,1,199.3612150400
85,85,3,105,2,101.9667958400
85,85,3,105,3,221.3252339200
85,85,3,106,1,206.9210684800
85,85,3,106,2,34.4230400000
85,85,3,106,3,206.3923625600
85,85,3,107,1,247.7421340800
85,85,3,107,2,109.3397910400
85,85,3,107,3,185.1459254400
85,85,3,108,1,227.2968960000
85,85,3,108,2,176.7949017600
85,85,3,108,3,247.5379417600
85,85,3,109,1,225.0475788800
85,85,3,109,2,203.2603987200
85,85,3,109,3,55.4017129189
85,85,3,110,1,202.9804041600
85,85,3,110,2,245.9717549464
85,85,3,110,3,60.4518444610
85,85,3,111,1,189.0874880000
85,85,3,111,2,82.6342507472
85,85,3,111,3,255.7036800000
85,85,3,112,1,155.9370848000
85,85,3,112,2,0.0000000000
85,85,3,112,3,241.5470643200
85,85,3,113,1,184.3068745600
85,85,3,113,2,0.0000000000
85,85,3,113,3,215.4246073600
85,85,3,114,1,144.1410169600
85,85,3,114,2,263.3471564800
85,85,3,114,3,218.3386249600
85,85,3,115,1,168.1765334400
85,85,3,115,2,0.0000000000
85,85,3,115,3,218.5667689600
85,85,3,116,1,128.4754441600
85,85,3,116,2,0.0000000000
85,85,3,116,3,220.6176425600
85,85,3,117,1,161.9782508800
85,85,3,117,2,234.8894156800
85,85,3,117,3,183.2013017600
85,85,3,118,1,119.1384297600
85,85,3,118,2,279.6463802592
85,85,3,118,3,193.2058041600
85,85,3,119,1,153.7061964800
85,85,3,119,2,0.0000000000
85,85,3,119,3,186.3673926400
85,85,3,120,1,150.4715734400
85,85,3,120,2,307.6851200000
85,85,3,120,3,242.4181587200
85,85,3,121,1,274.7112569600
85,85,3,121,2,284.6558175609
85,85,3,121,3,0.0000000000
85,85,3,122,1,278.1726454400
85,85,3,122,2,0.0000000000
85,85,3,122,3,236.3516096000
85,85,3,123,1,307.4868067200
85,85,3,123,2,0.0000000000
85,85,3,123,3,211.4217219200
85,85,3,124,1,317.9810710400
85,85,3,124,2,8.4670636290
85,85,3,124,3,234.9308963200
85,85,3,125,1,251.4490140800
85,85,3,125,2,314.1286054717
85,85,3,125,3,260.3836160000
85,85,3,126,1,269.0638934400
85,85,3,126,2,285.0779552000
85,85,3,126,3,253.4359648000
85,85,3,127,1,279.2034928000
85,85,3,127,2,304.9126400000
85,85,3,127,3,182.1154710400
85,85,3,128,1,294.7367049600
85,85,3,128,2,157.5263459200
85,85,3,128,3,214.3253696000
85,85,3,129,1,275.4337843200
85,85,3,129,2,249.1793356800
85,85,3,129,3,104.8586693806
85,85,3,130,1,296.3963660800
85,85,3,130,2,303.4801897600
85,85,3,130,3,278.1071360000
85,85,3,131,1,309.9508766379
85,85,3,131,2,306.1278374400
85,85,3,131,3,270.1561926400
85,85,3,132,1,0.0000000000
85,85,3,132,2,313.1417600000
85,85,3,132,3,133.2533972298
85,85,3,133,1,35.4847711090
85,85,3,133,2,302.8749017600
85,85,3,133,3,19.2685166803
85,85,3,134,1,245.9854969600
85,85,3,134,2,0.0000000000
85,85,3,134,3,0.0000000000
85,85,3,135,1,265.3026928000
85,85,3,135,2,0.0000000000
85,85,3,135,3,200.2707961015
85,85,3,136,1,251.2399785600
85,85,3,136,2,57.2530709917
85,85,3,136,3,267.0383296000
85,85,3,137,1,212.3965180800
85,85,3,137,2,262.6953110400
85,85,3,137,3,286.5073030400
85,85,3,138,1,181.9871459200
85,85,3,138,2,39.2303011350
85,85,3,138,3,209.1610249600
85,85,3,139,1,187.2799673600
85,85,3,139,2,0.0000000000
85,85,3,139,3,164.3521065600
85,85,3,140,1,228.7087945600
85,85,3,140,2,0.0000000000
85,85,3,140,3,148.6126643200
85,85,3,141,1,195.7259520000
85,85,3,141,2,257.2292339200
85,85,3,141,3,188.0473600000
85,85,3,142,1,262.1926835200
85,85,3,142,2,0.0000000000
85,85,3,142,3,158.1581017600
85,85,3,143,1,293.0179036800
85,85,3,143,2,0.0000000000
85,85,3,143,3,172.0369897600
85,85,3,144,1,266.5906764800
85,85,3,144,2,238.2998185600
85,85,3,144,3,189.2710400000
85,85,3,145,1,280.0438236800
85,85,3,145,2,249.6741097600
85,85,3,145,3,172.9846236800
85,85,3,146,1,264.7112387200
85,85,3,146,2,151.3263455892
85,85,3,146,3,169.7370035200
85,85,3,147,1,274.2086291200
85,85,3,147,2,0.0000000000
85,85,3,147,3,145.7697625600
85,85,3,148,1,45.1617742703
85,85,3,148,2,250.2317126400
85,85,3,148,3,189.6962169600
85,85,3,149,1,170.6226134400
85,85,3,149,2,281.2286543345
85,85,3,149,3,228.5613654400
85,85,3,150,1,107.5145545600
85,85,3,150,2,65.1878438731
85,85,3,150,3,175.6202304000
85,85,3,151,1,137.3101558400
85,85,3,151,2,274.2871648000
85,85,3,151,3,177.5154982400
85,85,3,152,1,224.9755334400
85,85,3,152,2,278.5359404800
85,85,3,152,3,185.9836963200
85,85,3,153,1,218.7534320000
85,85,3,153,2,272.9206454400
85,85,3,153,3,242.3559376000
85,85,3,154,1,1.3523042683
85,85,3,154,2,294.3833600000
85,85,3,154,3,60.5169065600
85,85,3,155,1,264.3052908800
85,85,3,155,2,290.9524176000
85,85,3,155,3,253.0040188800
85,85,3,156,1,240.0537600000
85,85,3,156,2,294.2056134400
85,85,3,156,3,202.5552272000
85,85,3,157,1,260.3078291200
85,85,3,157,2,0.0000000000
85,85,3,157,3,205.0233273600
85,85,3,158,1,212.2720758400
85,85,3,158,2,200.1708509761
85,85,3,158,3,187.9229180800
85,85,3,159,1,220.3423145600
85,85,3,159,2,229.2139945600
85,85,3,159,3,165.6236800000
85,85,3,160,1,180.5558236800
85,85,3,160,2,79.5951216851
85,85,3,160,3,181.4935865600
85,85,3,161,1,158.6516611200
85,85,3,161,2,101.7299580214
85,85,3,161,3,200.7404473600
85,85,3,162,1,87.2928540800
85,85,3,162,2,212.4276284800
85,85,3,162,3,173.8236745600
85,85,3,163,1,164.7717964800
85,85,3,163,2,218.3801059200
85,85,3,163,3,147.7148800000
85,85,3,164,1,176.3010134400
85,85,3,164,2,207.5853780800
85,85,3,164,3,169.6736000000
85,85,3,165,1,182.3622508800
85,85,3,165,2,172.4219660800
85,85,3,165,3,153.7555526400
85,85,3,166,1,224.9547932800
85,85,3,166,2,216.1712595200
85,85,3,166,3,183.6060204800
85,85,3,167,1,251.9437884800
85,85,3,167,2,228.4526470121
85,85,3,167,3,172.2936406400
85,85,3,168,1,275.5751484800
85,85,3,168,2,0.0000000000
85,85,3,168,3,216.0084480000
90,90,3,1,1,243.7973910400
90,90,3,1,2,283.1773939200
90,90,3,1,3,156.2430915200
90,90,3,2,1,211.8157884800
90,90,3,2,2,251.4725750400
90,90,3,2,3,249.8861558400
90,90,3,3,1,210.0839702400
90,90,3,3,2,269.9205859200
90,90,3,3,3,256.6480704000
90,90,3,4,1,218.0171497600
90,90,3,4,2,258.1873680000
90,90,3,4,3,237.4612176000
90,90,3,5,1,193.3295785600
90,90,3,5,2,276.7247785600
90,90,3,5,3,218.3844265600
90,90,3,6,1,253.1218224000
90,90,3,6,2,297.1305219200
90,90,3,6,3,180.5558236800
90,90,3,7,1,304.1401491200
90,90,3,7,2,270.3289708800
90,90,3,7,3,191.4280352000
90,90,3,8,1,319.0107120000
90,90,3,8,2,296.6619120000
90,90,3,8,3,230.4717235200
90,90,3,9,1,318.4444745600
90,90,3,9,2,302.3399049600
90,90,3,9,3,256.3653424000
90,90,3,10,1,0.0000000000
90,90,3,10,2,282.0379734400
90,90,3,10,3,286.5711785600
90,90,3,11,1,316.5524611200
90,90,3,11,2,266.7084800000
90,90,3,11,3,297.0485152000
90,90,3,12,1,309.8650035200
90,90,3,12,2,267.7530035200
90,90,3,12,3,271.4049084800
90,90,3,13,1,302.1056000000
90,90,3,13,2,259.7188121600
90,90,3,13,3,199.5167673600
90,90,3,14,1,273.2583484800
90,90,3,14,2,246.6284473600
90,90,3,14,3,213.3090928000
90,90,3,15,1,238.3100160000
90,90,3,15,2,209.2680105600
90,90,3,15,3,218.9452800000
90,90,3,16,1,196.7271920000
90,90,3,16,2,150.3499932800
90,90,3,16,3,202.5552272000
90,90,3,17,1,229.5695187200
90,90,3,17,2,195.4412908800
90,90,3,17,3,213.9661683200
90,90,3,18,1,233.5309235200
90,90,3,18,2,188.0058793600
90,90,3,18,3,209.0262128000
90,90,3,19,1,226.5932800000
90,90,3,19,2,190.0799132800
90,90,3,19,3,244.6373750400
90,90,3,20,1,259.0321494400
90,90,3,20,2,201.1611305600
90,90,3,20,3,237.7412121600
90,90,3,21,1,259.3182806400
90,90,3,21,2,224.8510915200
90,90,3,21,3,237.5554134400
90,90,3,22,1,273.4625411200
90,90,3,22,2,258.4700963200
90,90,3,22,3,230.6894969600
90,90,3,23,1,252.5563660800
90,90,3,23,2,264.6115795200
90,90,3,23,3,201.4559891200
90,90,3,24,1,272.3708963200
90,90,3,24,2,294.9314208000
90,90,3,24,3,185.7451824000
90,90,3,25,1,268.4127024000
90,90,3,25,2,299.8601763200
90,90,3,25,3,205.5522060800
90,90,3,26,1,236.1856867200
90,90,3,26,2,300.9301696000
90,90,3,26,3,147.9414236800
90,90,3,27,1,212.0231920000
90,90,3,27,2,302.7968000000
90,90,3,27,3,162.0769625600
90,90,3,28,1,228.7917558400
90,90,3,28,2,268.6718697600
90,90,3,28,3,169.1842169600
90,90,3,29,1,231.8551040000
90,90,3,29,2,266.8046489600
90,90,3,29,3,182.3918643200
90,90,3,30,1,256.6794848000
90,90,3,30,2,279.9495811200
90,90,3,30,3,153.7950374400
90,90,3,31,1,275.0411065600
90,90,3,31,2,196.3953465600
90,90,3,31,3,162.0177356800
90,90,3,32,1,296.0956745600
90,90,3,32,2,160.2606643200
90,90,3,32,3,199.3404745600
90,90,3,33,1,285.4706332800
90,90,3,33,2,289.3667840000
90,90,3,33,3,200.6818560000
90,90,3,34,1,313.6755200000
90,90,3,34,2,302.9725289600
90,90,3,34,3,233.7901776000
90,90,3,35,1,316.8642169600
90,90,3,35,2,317.1908412800
90,90,3,35,3,211.2661696000
90,90,3,36,1,306.6433084800
90,90,3,36,2,319.9020800000
90,90,3,36,3,259.0669667200
90,90,3,37,1,282.8553980800
90,90,3,37,2,316.5713356800
90,90,3,37,3,259.3654019200
90,90,3,38,1,253.8462454400
90,90,3,38,2,305.6826576000
90,90,3,38,3,275.8752854400
90,90,3,39,1,258.6271673600
90,90,3,39,2,303.5348611200
90,90,3,39,3,251.0170684800
90,90,3,40,1,258.8627740800
90,90,3,40,2,303.0154848000
90,90,3,40,3,158.0791321600
90,90,3,41,1,232.9605641600
90,90,3,41,2,296.7296000000
90,90,3,41,3,166.0451795200
90,90,3,42,1,225.2347878400
90,90,3,42,2,303.5192406400
90,90,3,42,3,167.4970665600
90,90,3,43,1,216.3857494400
90,90,3,43,2,271.0279376000
90,90,3,43,3,196.2605340800
90,90,3,44,1,157.7533830400
90,90,3,44,2,247.9306195200
90,90,3,44,3,242.4077884800
90,90,3,45,1,197.8990211200
90,90,3,45,2,262.3104867200
90,90,3,45,3,276.3369436800
90,90,3,46,1,233.3546304000
90,90,3,46,2,264.0287145600
90,90,3,46,3,256.7580204800
90,90,3,47,1,266.8969654400
90,90,3,47,2,261.6664950400
90,90,3,47,3,284.2621014400
90,90,3,48,1,288.3782825600
90,90,3,48,2,262.2005369600
90,90,3,48,3,279.5254889600
90,90,3,49,1,251.3469180800
90,90,3,49,2,296.0956745600
90,90,3,49,3,220.4541395200
90,90,3,50,1,208.6839974400
90,90,3,50,2,317.2931254400
90,90,3,50,3,234.9308963200
90,90,3,51,1,215.9223756800
90,90,3,51,2,309.1347526400
90,90,3,51,3,227.4747443200
90,90,3,52,1,235.2316310400
90,90,3,52,2,156.4405152000
90,90,3,52,3,274.0829721600
90,90,3,53,1,202.2726400000
90,90,3,53,2,178.6694400000
90,90,3,53,3,277.3966505600
90,90,3,54,1,216.9386521600
90,90,3,54,2,223.5859308800
90,90,3,54,3,309.9157696000
90,90,3,55,1,88.7658521600
90,90,3,55,2,166.4400272000
90,90,3,55,3,318.2778576000
90,90,3,56,1,77.0547417600
90,90,3,56,2,244.2951593600
90,90,3,56,3,320.0000000000
90,90,3,57,1,204.9889987200
90,90,3,57,2,240.7900419200
90,90,3,57,3,320.0000000000
90,90,3,58,1,232.3487241600
90,90,3,58,2,182.4065065600
90,90,3,58,3,314.4320000000
90,90,3,59,1,285.8711648000
90,90,3,59,2,209.7313843200
90,90,3,59,3,318.8135049600
90,90,3,60,1,294.2368540800
90,90,3,60,2,233.1575974400
90,90,3,60,3,317.0718374400
90,90,3,61,1,282.6017280000
90,90,3,61,2,284.3397206400
90,90,3,61,3,301.7385219200
90,90,3,62,1,262.4832649600
90,90,3,62,2,306.3426169600
90,90,3,62,3,311.3567459200
90,90,3,63,1,246.1514195200
90,90,3,63,2,316.2726400000
90,90,3,63,3,310.0544000000
90,90,3,64,1,273.0620096000
90,90,3,64,2,317.7688950400
90,90,3,64,3,299.7340691200
90,90,3,65,1,260.7947497600
90,90,3,65,2,316.5947660800
90,90,3,65,3,293.1239049600
90,90,3,66,1,227.2663040000
90,90,3,66,2,314.6370169600
90,90,3,66,3,312.7923200000
90,90,3,67,1,177.0219388800
90,90,3,67,2,289.7167008000
90,90,3,67,3,298.5988339200
90,90,3,68,1,216.7616441600
90,90,3,68,2,260.8340176000
90,90,3,68,3,314.7190236800
90,90,3,69,1,220.9519078400
90,90,3,69,2,197.9081814400
90,90,3,69,3,317.9303049600
90,90,3,70,1,197.1523689600
90,90,3,70,2,188.2443932800
90,90,3,70,3,313.0593625600
90,90,3,71,1,227.8377004800
90,90,3,71,2,260.5120217600
90,90,3,71,3,309.6012800000
90,90,3,72,1,270.7687702400
90,90,3,72,2,243.7559104000
90,90,3,72,3,308.8223459200
90,90,3,73,1,239.5041411200
90,90,3,73,2,258.3915606400
90,90,3,73,3,310.0407321600
90,90,3,74,1,224.7370195200
90,90,3,74,2,304.6009491200
90,90,3,74,3,302.0626441600
90,90,3,75,1,179.9240678400
90,90,3,75,2,316.1730169600
90,90,3,75,3,304.5814236800
90,90,3,76,1,143.1736406400
90,90,3,76,2,209.0573235200
90,90,3,76,3,316.7991321600
90,90,3,77,1,155.6064000000
90,90,3,77,2,218.6699520000
90,90,3,77,3,316.1811200000
90,90,3,78,1,125.9910726400
90,90,3,78,2,297.9232540800
90,90,3,78,3,318.3624678400
90,90,3,79,1,175.9064950400
90,90,3,79,2,298.4816812800
90,90,3,79,3,304.0464272000
90,90,3,80,1,184.6227526400
90,90,3,80,2,303.4255187200
90,90,3,80,3,294.3344812800
90,90,3,81,1,204.9851305600
90,90,3,81,2,295.1272134400
90,90,3,81,3,317.2469152000
90,90,3,82,1,213.9624134400
90,90,3,82,2,302.7123200000
90,90,3,82,3,318.3712000000
90,90,3,83,1,202.5759673600
90,90,3,83,2,290.1670617600
90,90,3,83,3,318.2017084800
90,90,3,84,1,245.5706902400
90,90,3,84,2,302.7577491200
90,90,3,84,3,318.8603660800
90,90,3,85,1,241.6241494400
90,90,3,85,2,316.1209491200
90,90,3,85,3,0.0000000000
90,90,3,86,1,189.2606697600
90,90,3,86,2,313.6334102400
90,90,3,86,3,284.0255782400
90,90,3,87,1,179.1343728000
90,90,3,87,2,299.7209600000
90,90,3,87,3,300.9036800000
90,90,3,88,1,190.8991564800
90,90,3,88,2,290.7717859200
90,90,3,88,3,274.9468636800
90,90,3,89,1,156.6478102400
90,90,3,89,2,279.9781516800
90,90,3,89,3,286.3423782400
90,90,3,90,1,150.9083734400
90,90,3,90,2,259.6190720000
90,90,3,90,3,247.7892556800
90,90,3,91,1,185.8799945600
90,90,3,91,2,259.4203769600
90,90,3,91,3,236.2139366400
90,90,3,92,1,222.8800441600
90,90,3,92,2,255.5878400000
90,90,3,92,3,253.9307388800
90,90,3,93,1,282.1407241600
90,90,3,93,2,250.4830265600
90,90,3,93,3,235.5427363200
90,90,3,94,1,193.7509532800
90,90,3,94,2,276.3447974400
90,90,3,94,3,234.1635036800
90,90,3,95,1,212.1232640000
90,90,3,95,2,279.4277120000
90,90,3,95,3,206.8795878400
90,90,3,96,1,179.0554035200
90,90,3,96,2,260.9439673600
90,90,3,96,3,225.4214508800
90,90,3,97,1,147.7834848000
90,90,3,97,2,278.3474550400
90,90,3,97,3,220.3608080000
90,90,3,98,1,144.7234169600
90,90,3,98,2,317.2163254400
90,90,3,98,3,196.2605340800
90,90,3,99,1,133.5492339200
90,90,3,99,2,310.1149289600
90,90,3,99,3,170.2996611200
90,90,3,100,1,116.3445369600
90,90,3,100,2,264.9649897600
90,90,3,100,3,160.9615187200
90,90,3,101,1,151.8693334400
90,90,3,101,2,230.0705705600
90,90,3,101,3,139.0177065600
90,90,3,102,1,171.1203308800
90,90,3,102,2,210.8202521600
90,90,3,102,3,172.6884880000
90,90,3,103,1,155.0684204800
90,90,3,103,2,150.0439865600
90,90,3,103,3,151.2581424000
90,90,3,104,1,264.8786006400
90,90,3,104,2,171.7704678400
90,90,3,104,3,210.5402576000
90,90,3,105,1,199.3612150400
90,90,3,105,2,101.9667958400
90,90,3,105,3,221.3252339200
90,90,3,106,1,206.9210684800
90,90,3,106,2,34.4230400000
90,90,3,106,3,206.3923625600
90,90,3,107,1,247.7421340800
90,90,3,107,2,109.3397910400
90,90,3,107,3,185.1459254400
90,90,3,108,1,227.2968960000
90,90,3,108,2,176.7949017600
90,90,3,108,3,247.5379417600
90,90,3,109,1,225.0475788800
90,90,3,109,2,203.2603987200
90,90,3,109,3,287.5282659200
90,90,3,110,1,202.9804041600
90,90,3,110,2,248.9987036800
90,90,3,110,3,269.9598534400
90,90,3,111,1,189.0874880000
90,90,3,111,2,284.5282060800
90,90,3,111,3,255.7036800000
90,90,3,112,1,155.9370848000
90,90,3,112,2,294.1197017600
90,90,3,112,3,241.5470643200
90,90,3,113,1,184.3068745600
90,90,3,113,2,273.7688297600
90,90,3,113,3,215.4246073600
90,90,3,114,1,144.1410169600
90,90,3,114,2,263.3471564800
90,90,3,114,3,218.3386249600
90,90,3,115,1,168.1765334400
90,90,3,115,2,266.5076905600
90,90,3,115,3,218.5667689600
90,90,3,116,1,128.4754441600
90,90,3,116,2,229.6317395200
90,90,3,116,3,220.6176425600
90,90,3,117,1,161.9782508800
90,90,3,117,2,234.8894156800
90,90,3,117,3,183.2013017600
90,90,3,118,1,119.1384297600
90,90,3,118,2,281.0098115200
90,90,3,118,3,193.2058041600
90,90,3,119,1,153.7061964800
90,90,3,119,2,291.4786060800
90,90,3,119,3,186.3673926400
90,90,3,120,1,150.4715734400
90,90,3,120,2,307.6851200000
90,90,3,120,3,242.4181587200
90,90,3,121,1,274.7112569600
90,90,3,121,2,288.1329897600
90,90,3,121,3,291.9969411200
90,90,3,122,1,278.1726454400
90,90,3,122,2,256.6323635200
90,90,3,122,3,236.3516096000
90,90,3,123,1,307.4868067200
90,90,3,123,2,290.0178441600
90,90,3,123,3,211.4217219200
90,90,3,124,1,317.9810710400
90,90,3,124,2,307.7172067200
90,90,3,124,3,234.9308963200
90,90,3,125,1,251.4490140800
90,90,3,125,2,315.0000550400
90,90,3,125,3,260.3836160000
90,90,3,126,1,269.0638934400
90,90,3,126,2,285.0779552000
90,90,3,126,3,253.4359648000
90,90,3,127,1,279.2034928000
90,90,3,127,2,304.9126400000
90,90,3,127,3,182.1154710400
90,90,3,128,1,294.7367049600
90,90,3,128,2,157.5263459200
90,90,3,128,3,214.3253696000
90,90,3,129,1,275.4337843200
90,90,3,129,2,249.1793356800
90,90,3,129,3,275.2688595200
90,90,3,130,1,296.3963660800
90,90,3,130,2,303.4801897600
90,90,3,130,3,278.1071360000
90,90,3,131,1,314.5702400000
90,90,3,131,2,306.1278374400
90,90,3,131,3,270.1561926400
90,90,3,132,1,318.0090576000
90,90,3,132,2,313.1417600000
90,90,3,132,3,267.3603254400
90,90,3,133,1,310.5562035200
90,90,3,133,2,302.8749017600
90,90,3,133,3,287.9130902400
90,90,3,134,1,245.9854969600
90,90,3,134,2,293.9405475200
90,90,3,134,3,294.9007187200
90,90,3,135,1,265.3026928000
90,90,3,135,2,292.1855574400
90,90,3,135,3,271.7899945600
90,90,3,136,1,251.2399785600
90,90,3,136,2,294.7796611200
90,90,3,136,3,267.0383296000
90,90,3,137,1,212.3965180800
90,90,3,137,2,105.2003352940
90,90,3,137,3,286.5073030400
90,90,3,138,1,181.9871459200
90,90,3,138,2,0.0000000000
90,90,3,138,3,209.1610249600
90,90,3,139,1,187.2799673600
90,90,3,139,2,209.2170240000
90,90,3,139,3,164.3521065600
90,90,3,140,1,228.7087945600
90,90,3,140,2,227.1117884800
90,90,3,140,3,148.6126643200
90,90,3,141,1,195.7259520000
90,90,3,141,2,257.2292339200
90,90,3,141,3,188.0473600000
90,90,3,142,1,262.1926835200
90,90,3,142,2,276.6825004800
90,90,3,142,3,158.1581017600
90,90,3,143,1,293.0179036800
90,90,3,143,2,244.7099660800
90,90,3,143,3,172.0369897600
90,90,3,144,1,266.5906764800
90,90,3,144,2,238.2998185600
90,90,3,144,3,189.2710400000
90,90,3,145,1,280.0438236800
90,90,3,145,2,249.6741097600
90,90,3,145,3,172.9846236800
90,90,3,146,1,264.7112387200
90,90,3,146,2,239.9500582400
90,90,3,146,3,169.7370035200
90,90,3,147,1,274.2086291200
90,90,3,147,2,224.2703619200
90,90,3,147,3,145.7697625600
90,90,3,148,1,300.1686780800
90,90,3,148,2,250.2317126400
90,90,3,148,3,189.6962169600
90,90,3,149,1,170.6226134400
90,90,3,149,2,293.5539200000
90,90,3,149,3,228.5613654400
90,90,3,150,1,107.5145545600
90,90,3,150,2,298.3332880000
90,90,3,150,3,175.6202304000
90,90,3,151,1,137.3101558400
90,90,3,151,2,274.2871648000
90,90,3,151,3,177.5154982400
90,90,3,152,1,224.9755334400
90,90,3,152,2,278.5359404800
90,90,3,152,3,185.9836963200
90,90,3,153,1,218.7534320000
90,90,3,153,2,272.9206454400
90,90,3,153,3,242.3559376000
90,90,3,154,1,294.8172800000
90,90,3,154,2,294.3833600000
90,90,3,154,3,60.5169065600
90,90,3,155,1,264.3052908800
90,90,3,155,2,290.9524176000
90,90,3,155,3,253.0040188800
90,90,3,156,1,240.0537600000
90,90,3,156,2,294.2056134400
90,90,3,156,3,202.5552272000
90,90,3,157,1,260.3078291200
90,90,3,157,2,304.8079187200
90,90,3,157,3,205.0233273600
90,90,3,158,1,212.2720758400
90,90,3,158,2,264.4309478400
90,90,3,158,3,187.9229180800
90,90,3,159,1,220.3423145600
90,90,3,159,2,229.2139945600
90,90,3,159,3,165.6236800000
90,90,3,160,1,180.5558236800
90,90,3,160,2,190.4739795200
90,90,3,160,3,181.4935865600
90,90,3,161,1,158.6516611200
90,90,3,161,2,176.7751593600
90,90,3,161,3,200.7404473600
90,90,3,162,1,87.2928540800
90,90,3,162,2,212.4276284800
90,90,3,162,3,173.8236745600
90,90,3,163,1,164.7717964800
90,90,3,163,2,218.3801059200
90,90,3,163,3,147.7148800000
90,90,3,164,1,176.3010134400
90,90,3,164,2,207.5854505600
90,90,3,164,3,169.6736000000
90,90,3,165,1,182.3622508800
90,90,3,165,2,172.4219660800
90,90,3,165,3,153.7555526400
90,90,3,166,1,224.9547932800
90,90,3,166,2,216.1712595200
90,90,3,166,3,183.6060204800
90,90,3,167,1,251.9437884800
90,90,3,167,2,251.6139388800
90,90,3,167,3,172.2936406400
90,90,3,168,1,275.5751484800
90,90,3,168,2,253.6108374400
90,90,3,168,3,216.0084480000
91,91,3,1,1,243.7973910400
91,91,3,1,2,283.1773939200
91,91,3,1,3,156.2430915200
91,91,3,2,1,211.8157884800
91,91,3,2,2,251.4725750400
91,91,3,2,3,249.8861558400
91,91,3,3,1,210.0839702400
91,91,3,3,2,269.9205859200
91,91,3,3,3,256.6480704000
91,91,3,4,1,218.0171497600
91,91,3,4,2,258.1873680000
91,91,3,4,3,237.4612176000
91,91,3,5,1,193.3295785600
91,91,3,5,2,276.7247785600
91,91,3,5,3,218.3844265600
91,91,3,6,1,253.1218224000
91,91,3,6,2,297.1305219200
91,91,3,6,3,180.5558236800
91,91,3,7,1,304.1401491200
91,91,3,7,2,270.3289708800
91,91,3,7,3,191.4280352000
91,91,3,8,1,319.0107120000
91,91,3,8,2,296.6619120000
91,91,3,8,3,230.4717235200
91,91,3,9,1,318.4444745600
91,91,3,9,2,302.3399049600
91,91,3,9,3,256.3653424000
91,91,3,10,1,0.0000000000
91,91,3,10,2,282.0379734400
91,91,3,10,3,286.5711785600
91,91,3,11,1,316.5524611200
91,91,3,11,2,266.7084800000
91,91,3,11,3,297.0485152000
91,91,3,12,1,309.8650035200
91,91,3,12,2,267.7530035200
91,91,3,12,3,271.4049084800
91,91,3,13,1,302.1056000000
91,91,3,13,2,259.7188121600
91,91,3,13,3,199.5167673600
91,91,3,14,1,273.2583484800
91,91,3,14,2,246.6284473600
91,91,3,14,3,213.3090928000
91,91,3,15,1,238.3100160000
91,91,3,15,2,209.2680105600
91,91,3,15,3,218.9452800000
91,91,3,16,1,196.7271920000
91,91,3,16,2,150.3499932800
91,91,3,16,3,202.5552272000
91,91,3,17,1,229.5695187200
91,91,3,17,2,195.4412908800
91,91,3,17,3,213.9661683200
91,91,3,18,1,233.5309235200
91,91,3,18,2,188.0058793600
91,91,3,18,3,209.0262128000
91,91,3,19,1,226.5932800000
91,91,3,19,2,190.0799132800
91,91,3,19,3,244.6373750400
91,91,3,20,1,259.0321494400
91,91,3,20,2,201.1611305600
91,91,3,20,3,237.7412121600
91,91,3,21,1,259.3182806400
91,91,3,21,2,224.8510915200
91,91,3,21,3,237.5554134400
91,91,3,22,1,273.4625411200
91,91,3,22,2,258.4700963200
91,91,3,22,3,230.6894969600
91,91,3,23,1,252.5563660800
91,91,3,23,2,264.6115795200
91,91,3,23,3,201.4559891200
91,91,3,24,1,272.3708963200
91,91,3,24,2,294.9314208000
91,91,3,24,3,185.7451824000
91,91,3,25,1,268.4127024000
91,91,3,25,2,299.8601763200
91,91,3,25,3,205.5522060800
91,91,3,26,1,236.1856867200
91,91,3,26,2,300.9301696000
91,91,3,26,3,147.9414236800
91,91,3,27,1,212.0231920000
91,91,3,27,2,302.7968000000
91,91,3,27,3,162.0769625600
91,91,3,28,1,228.7917558400
91,91,3,28,2,268.6718697600
91,91,3,28,3,169.1842169600
91,91,3,29,1,231.8551040000
91,91,3,29,2,266.8046489600
91,91,3,29,3,182.3918643200
91,91,3,30,1,256.6794848000
91,91,3,30,2,279.9495811200
91,91,3,30,3,153.7950374400
91,91,3,31,1,275.0411065600
91,91,3,31,2,196.3953465600
91,91,3,31,3,162.0177356800
91,91,3,32,1,296.0956745600
91,91,3,32,2,160.2606643200
91,91,3,32,3,199.3404745600
91,91,3,33,1,285.4706332800
91,91,3,33,2,289.3667840000
91,91,3,33,3,200.6818560000
91,91,3,34,1,313.6755200000
91,91,3,34,2,302.9725289600
91,91,3,34,3,233.7901776000
91,91,3,35,1,316.8642169600
91,91,3,35,2,317.1908412800
91,91,3,35,3,211.2661696000
91,91,3,36,1,306.6433084800
91,91,3,36,2,319.9020800000
91,91,3,36,3,259.0669667200
91,91,3,37,1,282.8553980800
91,91,3,37,2,316.5713356800
91,91,3,37,3,259.3654019200
91,91,3,38,1,253.8462454400
91,91,3,38,2,305.6826576000
91,91,3,38,3,275.8752854400
91,91,3,39,1,258.6271673600
91,91,3,39,2,303.5348611200
91,91,3,39,3,251.0170684800
91,91,3,40,1,258.8627740800
91,91,3,40,2,303.0154848000
91,91,3,40,3,158.0791321600
91,91,3,41,1,232.9605641600
91,91,3,41,2,296.7296000000
91,91,3,41,3,166.0451795200
91,91,3,42,1,225.2347878400
91,91,3,42,2,303.5192406400
91,91,3,42,3,167.4970665600
91,91,3,43,1,216.3857494400
91,91,3,43,2,271.0279376000
91,91,3,43,3,196.2605340800
91,91,3,44,1,157.7533830400
91,91,3,44,2,247.9306195200
91,91,3,44,3,242.4077884800
91,91,3,45,1,197.8990211200
91,91,3,45,2,262.3104867200
91,91,3,45,3,276.3369436800
91,91,3,46,1,233.3546304000
91,91,3,46,2,264.0287145600
91,91,3,46,3,256.7580204800
91,91,3,47,1,266.8969654400
91,91,3,47,2,261.6664950400
91,91,3,47,3,284.2621014400
91,91,3,48,1,288.3782825600
91,91,3,48,2,262.2005369600
91,91,3,48,3,279.5254889600
91,91,3,49,1,251.3469180800
91,91,3,49,2,296.0956745600
91,91,3,49,3,220.4541395200
91,91,3,50,1,208.6839974400
91,91,3,50,2,317.2931254400
91,91,3,50,3,234.9308963200
91,91,3,51,1,215.9223756800
91,91,3,51,2,309.1347526400
91,91,3,51,3,227.4747443200
91,91,3,52,1,235.2316310400
91,91,3,52,2,156.4405152000
91,91,3,52,3,274.0829721600
91,91,3,53,1,202.2726400000
91,91,3,53,2,178.6694400000
91,91,3,53,3,277.3966505600
91,91,3,54,1,216.9386521600
91,91,3,54,2,223.5859308800
91,91,3,54,3,309.9157696000
91,91,3,55,1,88.7658521600
91,91,3,55,2,166.4400272000
91,91,3,55,3,318.2778576000
91,91,3,56,1,77.0547417600
91,91,3,56,2,244.2951593600
91,91,3,56,3,320.0000000000
91,91,3,57,1,204.9889987200
91,91,3,57,2,240.7900419200
91,91,3,57,3,320.0000000000
91,91,3,58,1,232.3487241600
91,91,3,58,2,182.4065065600
91,91,3,58,3,314.4320000000
91,91,3,59,1,285.8711648000
91,91,3,59,2,209.7313843200
91,91,3,59,3,318.8135049600
91,91,3,60,1,294.2368540800
91,91,3,60,2,233.1575974400
91,91,3,60,3,317.0718374400
91,91,3,61,1,282.6017280000
91,91,3,61,2,284.3397206400
91,91,3,61,3,301.7385219200
91,91,3,62,1,262.4832649600
91,91,3,62,2,306.3426169600
91,91,3,62,3,311.3567459200
91,91,3,63,1,246.1514195200
91,91,3,63,2,316.2726400000
91,91,3,63,3,310.0544000000
91,91,3,64,1,273.0620096000
91,91,3,64,2,317.7688950400
91,91,3,64,3,299.7340691200
91,91,3,65,1,260.7947497600
91,91,3,65,2,316.5947660800
91,91,3,65,3,293.1239049600
91,91,3,66,1,227.2663040000
91,91,3,66,2,314.6370169600
91,91,3,66,3,312.7923200000
91,91,3,67,1,177.0219388800
91,91,3,67,2,289.7167008000
91,91,3,67,3,298.5988339200
91,91,3,68,1,216.7616441600
91,91,3,68,2,260.8340176000
91,91,3,68,3,314.7190236800
91,91,3,69,1,220.9519078400
91,91,3,69,2,197.9081814400
91,91,3,69,3,317.9303049600
91,91,3,70,1,197.1523689600
91,91,3,70,2,188.2443932800
91,91,3,70,3,313.0593625600
91,91,3,71,1,227.8377004800
91,91,3,71,2,260.5120217600
91,91,3,71,3,309.6012800000
91,91,3,72,1,270.7687702400
91,91,3,72,2,243.7559104000
91,91,3,72,3,308.8223459200
91,91,3,73,1,239.5041411200
91,91,3,73,2,258.3915606400
91,91,3,73,3,310.0407321600
91,91,3,74,1,224.7370195200
91,91,3,74,2,304.6009491200
91,91,3,74,3,302.0626441600
91,91,3,75,1,179.9240678400
91,91,3,75,2,316.1730169600
91,91,3,75,3,304.5814236800
91,91,3,76,1,143.1736406400
91,91,3,76,2,209.0573235200
91,91,3,76,3,316.7991321600
91,91,3,77,1,155.6064000000
91,91,3,77,2,218.6699520000
91,91,3,77,3,316.1811200000
91,91,3,78,1,125.9910726400
91,91,3,78,2,297.9232540800
91,91,3,78,3,318.3624678400
91,91,3,79,1,175.9064950400
91,91,3,79,2,298.4816812800
91,91,3,79,3,304.0464272000
91,91,3,80,1,184.6227526400
91,91,3,80,2,303.4255187200
91,91,3,80,3,294.3344812800
91,91,3,81,1,204.9851305600
91,91,3,81,2,295.1272134400
91,91,3,81,3,317.2469152000
91,91,3,82,1,213.9624134400
91,91,3,82,2,302.7123200000
91,91,3,82,3,318.3712000000
91,91,3,83,1,202.5759673600
91,91,3,83,2,290.1670617600
91,91,3,83,3,318.2017084800
91,91,3,84,1,245.5706902400
91,91,3,84,2,302.7577491200
91,91,3,84,3,318.8603660800
91,91,3,85,1,241.6241494400
91,91,3,85,2,0.0000000000
91,91,3,85,3,299.3251795200
91,91,3,86,1,189.2606697600
91,91,3,86,2,0.0000000000
91,91,3,86,3,284.0255782400
91,91,3,87,1,179.1343728000
91,91,3,87,2,299.7209600000
91,91,3,87,3,300.9036800000
91,91,3,88,1,190.8991564800
91,91,3,88,2,290.7717859200
91,91,3,88,3,274.9468636800
91,91,3,89,1,156.6478102400
91,91,3,89,2,279.9781516800
91,91,3,89,3,286.3423782400
91,91,3,90,1,150.9083734400
91,91,3,90,2,259.6190720000
91,91,3,90,3,247.7892556800
91,91,3,91,1,185.8799945600
91,91,3,91,2,259.4203769600
91,91,3,91,3,236.2139366400
91,91,3,92,1,222.8800441600
91,91,3,92,2,255.5878400000
91,91,3,92,3,253.9307388800
91,91,3,93,1,282.1407241600
91,91,3,93,2,250.4830265600
91,91,3,93,3,235.5427363200
91,91,3,94,1,193.7509532800
91,91,3,94,2,276.3447974400
91,91,3,94,3,234.1635036800
91,91,3,95,1,212.1232640000
91,91,3,95,2,279.4277120000
91,91,3,95,3,206.8795878400
91,91,3,96,1,179.0554035200
91,91,3,96,2,260.9439673600
91,91,3,96,3,225.4214508800
91,91,3,97,1,147.7834848000
91,91,3,97,2,278.3474550400
91,91,3,97,3,220.3608080000
91,91,3,98,1,144.7234169600
91,91,3,98,2,317.2163254400
91,91,3,98,3,196.2605340800
91,91,3,99,1,133.5492339200
91,91,3,99,2,310.1149289600
91,91,3,99,3,170.2996611200
91,91,3,100,1,116.3445369600
91,91,3,100,2,264.9649897600
91,91,3,100,3,160.9615187200
91,91,3,101,1,151.8693334400
91,91,3,101,2,230.0705705600
91,91,3,101,3,139.0177065600
91,91,3,102,1,171.1203308800
91,91,3,102,2,210.8202521600
91,91,3,102,3,172.6884880000
91,91,3,103,1,155.0684204800
91,91,3,103,2,150.0439865600
91,91,3,103,3,151.2581424000
91,91,3,104,1,264.8786006400
91,91,3,104,2,171.7704678400
91,91,3,104,3,210.5402576000
91,91,3,105,1,199.3612150400
91,91,3,105,2,101.9667958400
91,91,3,105,3,221.3252339200
91,91,3,106,1,206.9210684800
91,91,3,106,2,34.4230400000
91,91,3,106,3,206.3923625600
91,91,3,107,1,247.7421340800
91,91,3,107,2,109.3397910400
91,91,3,107,3,185.1459254400
91,91,3,108,1,227.2968960000
91,91,3,108,2,176.7949017600
91,91,3,108,3,247.5379417600
91,91,3,109,1,225.0475788800
91,91,3,109,2,203.2603987200
91,91,3,109,3,287.5282659200
91,91,3,110,1,202.9804041600
91,91,3,110,2,248.9987036800
91,91,3,110,3,269.9598534400
91,91,3,111,1,189.0874880000
91,91,3,111,2,284.5282060800
91,91,3,111,3,255.7036800000
91,91,3,112,1,155.9370848000
91,91,3,112,2,294.1197017600
91,91,3,112,3,241.5470643200
91,91,3,113,1,184.3068745600
91,91,3,113,2,273.7688297600
91,91,3,113,3,215.4246073600
91,91,3,114,1,144.1410169600
91,91,3,114,2,263.3471564800
91,91,3,114,3,218.3386249600
91,91,3,115,1,168.1765334400
91,91,3,115,2,266.5076905600
91,91,3,115,3,218.5667689600
91,91,3,116,1,128.4754441600
91,91,3,116,2,229.6317395200
91,91,3,116,3,220.6176425600
91,91,3,117,1,161.9782508800
91,91,3,117,2,234.8894156800
91,91,3,117,3,183.2013017600
91,91,3,118,1,119.1384297600
91,91,3,118,2,281.0098115200
91,91,3,118,3,193.2058041600
91,91,3,119,1,153.7061964800
91,91,3,119,2,291.4786060800
91,91,3,119,3,186.3673926400
91,91,3,120,1,150.4715734400
91,91,3,120,2,307.6851200000
91,91,3,120,3,242.4181587200
91,91,3,121,1,274.7112569600
91,91,3,121,2,288.1329897600
91,91,3,121,3,291.9969411200
91,91,3,122,1,278.1726454400
91,91,3,122,2,256.6323635200
91,91,3,122,3,236.3516096000
91,91,3,123,1,307.4868067200
91,91,3,123,2,290.0178441600
91,91,3,123,3,211.4217219200
91,91,3,124,1,317.9810710400
91,91,3,124,2,307.7172067200
91,91,3,124,3,234.9308963200
91,91,3,125,1,251.4490140800
91,91,3,125,2,315.0000550400
91,91,3,125,3,260.3836160000
91,91,3,126,1,269.0638934400
91,91,3,126,2,285.0779552000
91,91,3,126,3,253.4359648000
91,91,3,127,1,279.2034928000
91,91,3,127,2,304.9126400000
91,91,3,127,3,182.1154710400
91,91,3,128,1,294.7367049600
91,91,3,128,2,157.5263459200
91,91,3,128,3,214.3253696000
91,91,3,129,1,275.4337843200
91,91,3,129,2,249.1793356800
91,91,3,129,3,275.2688595200
91,91,3,130,1,296.3963660800
91,91,3,130,2,303.4801897600
91,91,3,130,3,278.1071360000
91,91,3,131,1,314.5702400000
91,91,3,131,2,306.1278374400
91,91,3,131,3,270.1561926400
91,91,3,132,1,318.0090576000
91,91,3,132,2,313.1417600000
91,91,3,132,3,267.3603254400
91,91,3,133,1,310.5562035200
91,91,3,133,2,302.8749017600
91,91,3,133,3,287.9130902400
91,91,3,134,1,245.9854969600
91,91,3,134,2,293.9405475200
91,91,3,134,3,294.9007187200
91,91,3,135,1,265.3026928000
91,91,3,135,2,292.1855574400
91,91,3,135,3,271.7899945600
91,91,3,136,1,251.2399785600
91,91,3,136,2,294.7796611200
91,91,3,136,3,267.0383296000
91,91,3,137,1,212.3965180800
91,91,3,137,2,262.6953110400
91,91,3,137,3,286.5073030400
91,91,3,138,1,181.9871459200
91,91,3,138,2,217.3016080000
91,91,3,138,3,209.1610249600
91,91,3,139,1,187.2799673600
91,91,3,139,2,209.2170240000
91,91,3,139,3,164.3521065600
91,91,3,140,1,228.7087945600
91,91,3,140,2,227.1117884800
91,91,3,140,3,148.6126643200
91,91,3,141,1,195.7259520000
91,91,3,141,2,257.2292339200
91,91,3,141,3,188.0473600000
91,91,3,142,1,262.1926835200
91,91,3,142,2,276.6825004800
91,91,3,142,3,158.1581017600
91,91,3,143,1,293.0179036800
91,91,3,143,2,244.7099660800
91,91,3,143,3,172.0369897600
91,91,3,144,1,266.5906764800
91,91,3,144,2,238.2998185600
91,91,3,144,3,189.2710400000
91,91,3,145,1,280.0438236800
91,91,3,145,2,249.6741097600
91,91,3,145,3,172.9846236800
91,91,3,146,1,264.7112387200
91,91,3,146,2,239.9500582400
91,91,3,146,3,169.7370035200
91,91,3,147,1,274.2086291200
91,91,3,147,2,224.2703619200
91,91,3,147,3,145.7697625600
91,91,3,148,1,300.1686780800
91,91,3,148,2,250.2317126400
91,91,3,148,3,189.6962169600
91,91,3,149,1,170.6226134400
91,91,3,149,2,293.5539200000
91,91,3,149,3,228.5613654400
91,91,3,150,1,107.5145545600
91,91,3,150,2,298.3332880000
91,91,3,150,3,175.6202304000
91,91,3,151,1,137.3101558400
91,91,3,151,2,274.2871648000
91,91,3,151,3,177.5154982400
91,91,3,152,1,224.9755334400
91,91,3,152,2,278.5359404800
91,91,3,152,3,185.9836963200
91,91,3,153,1,218.7534320000
91,91,3,153,2,272.9206454400
91,91,3,153,3,242.3559376000
91,91,3,154,1,294.8172800000
91,91,3,154,2,294.3833600000
91,91,3,154,3,60.5169065600
91,91,3,155,1,264.3052908800
91,91,3,155,2,290.9524176000
91,91,3,155,3,253.0040188800
91,91,3,156,1,240.0537600000
91,91,3,156,2,294.2056134400
91,91,3,156,3,202.5552272000
91,91,3,157,1,260.3078291200
91,91,3,157,2,304.8079187200
91,91,3,157,3,205.0233273600
91,91,3,158,1,212.2720758400
91,91,3,158,2,264.4309478400
91,91,3,158,3,187.9229180800
91,91,3,159,1,220.3423145600
91,91,3,159,2,229.2139945600
91,91,3,159,3,165.6236800000
91,91,3,160,1,180.5558236800
91,91,3,160,2,190.4739795200
91,91,3,160,3,181.4935865600
91,91,3,161,1,158.6516611200
91,91,3,161,2,176.7751593600
91,91,3,161,3,200.7404473600
91,91,3,162,1,87.2928540800
91,91,3,162,2,212.4276284800
91,91,3,162,3,173.8236745600
91,91,3,163,1,164.7717964800
91,91,3,163,2,218.3801059200
91,91,3,163,3,147.7148800000
91,91,3,164,1,176.3010134400
91,91,3,164,2,207.5854505600
91,91,3,164,3,169.6736000000
91,91,3,165,1,182.3622508800
91,91,3,165,2,172.4219660800
91,91,3,165,3,153.7555526400
91,91,3,166,1,224.9547932800
91,91,3,166,2,216.1712595200
91,91,3,166,3,183.6060204800
91,91,3,167,1,251.9437884800
91,91,3,167,2,251.6139388800
91,91,3,167,3,172.2936406400
91,91,3,168,1,275.5751484800
91,91,3,168,2,253.6108374400
91,91,3,168,3,216.0084480000
99,99,3,1,1,243.7973910400
99,99,3,1,2,283.1773939200
99,99,3,1,3,156.2430915200
99,99,3,2,1,211.8157884800
99,99,3,2,2,251.4725750400
99,99,3,2,3,249.8861558400
99,99,3,3,1,210.0839702400
99,99,3,3,2,269.9205859200
99,99,3,3,3,256.6480704000
99,99,3,4,1,218.0171497600
99,99,3,4,2,258.1873680000
99,99,3,4,3,237.4612176000
99,99,3,5,1,193.3295785600
99,99,3,5,2,183.4499058597
99,99,3,5,3,218.3844265600
99,99,3,6,1,253.1218224000
99,99,3,6,2,222.2124838343
99,99,3,6,3,180.5558236800
99,99,3,7,1,33.3149006191
99,99,3,7,2,270.3289708800
99,99,3,7,3,191.4280352000
99,99,3,8,1,210.7761663262
99,99,3,8,2,296.6619120000
99,99,3,8,3,230.4717235200
99,99,3,9,1,0.0000000000
99,99,3,9,2,302.3399049600
99,99,3,9,3,256.3653424000
99,99,3,10,1,319.2569600000
99,99,3,10,2,282.0379734400
99,99,3,10,3,286.5711785600
99,99,3,11,1,99.1441031200
99,99,3,11,2,266.7084800000
99,99,3,11,3,297.0485152000
99,99,3,12,1,278.2993919265
99,99,3,12,2,267.7530035200
99,99,3,12,3,184.4714255057
99,99,3,13,1,208.4021358612
99,99,3,13,2,259.7188121600
99,99,3,13,3,199.5167673600
99,99,3,14,1,161.5049093160
99,99,3,14,2,246.6284473600
99,99,3,14,3,213.3090928000
99,99,3,15,1,238.3100160000
99,99,3,15,2,152.8640268036
99,99,3,15,3,218.9452800000
99,99,3,16,1,196.7271920000
99,99,3,16,2,150.3499932800
99,99,3,16,3,202.5552272000
99,99,3,17,1,229.5695187200
99,99,3,17,2,195.4412908800
99,99,3,17,3,213.9661683200
99,99,3,18,1,233.5309235200
99,99,3,18,2,188.0058793600
99,99,3,18,3,209.0262128000
99,99,3,19,1,226.5932800000
99,99,3,19,2,190.0799132800
99,99,3,19,3,244.6373750400
99,99,3,20,1,259.0321494400
99,99,3,20,2,201.1611305600
99,99,3,20,3,237.7412121600
99,99,3,21,1,259.3182806400
99,99,3,21,2,224.8510915200
99,99,3,21,3,237.5554134400
99,99,3,22,1,273.4625411200
99,99,3,22,2,258.4700963200
99,99,3,22,3,230.6894969600
99,99,3,23,1,252.5563660800
99,99,3,23,2,128.7258939324
99,99,3,23,3,201.4559891200
99,99,3,24,1,272.3708963200
99,99,3,24,2,0.0000000000
99,99,3,24,3,185.7451824000
99,99,3,25,1,268.4127024000
99,99,3,25,2,269.2513362720
99,99,3,25,3,205.5522060800
99,99,3,26,1,236.1856867200
99,99,3,26,2,300.9301696000
99,99,3,26,3,147.9414236800
99,99,3,27,1,212.0231920000
99,99,3,27,2,0.0000000000
99,99,3,27,3,162.0769625600
99,99,3,28,1,228.7917558400
99,99,3,28,2,268.6718697600
99,99,3,28,3,169.1842169600
99,99,3,29,1,231.8551040000
99,99,3,29,2,266.8046489600
99,99,3,29,3,182.3918643200
99,99,3,30,1,256.6794848000
99,99,3,30,2,279.9495811200
99,99,3,30,3,153.7950374400
99,99,3,31,1,275.0411065600
99,99,3,31,2,196.3953465600
99,99,3,31,3,162.0177356800
99,99,3,32,1,296.0956745600
99,99,3,32,2,160.2606643200
99,99,3,32,3,199.3404745600
99,99,3,33,1,285.4706332800
99,99,3,33,2,289.3667840000
99,99,3,33,3,200.6818560000
99,99,3,34,1,313.6755200000
99,99,3,34,2,0.0000000000
99,99,3,34,3,233.7901776000
99,99,3,35,1,183.5783679183
99,99,3,35,2,317.1908412800
99,99,3,35,3,211.2661696000
99,99,3,36,1,306.6433084800
99,99,3,36,2,0.0000000000
99,99,3,36,3,244.7814868967
99,99,3,37,1,282.8553980800
99,99,3,37,2,316.5713356800
99,99,3,37,3,259.3654019200
99,99,3,38,1,253.8462454400
99,99,3,38,2,0.0000000000
99,99,3,38,3,275.8752854400
99,99,3,39,1,258.6271451200
99,99,3,39,2,0.0000000000
99,99,3,39,3,251.0170684800
99,99,3,40,1,258.8627740800
99,99,3,40,2,303.0154848000
99,99,3,40,3,158.0791321600
99,99,3,41,1,232.9605641600
99,99,3,41,2,296.7296000000
99,99,3,41,3,166.0451795200
99,99,3,42,1,225.2347878400
99,99,3,42,2,168.8765947052
99,99,3,42,3,167.4970665600
99,99,3,43,1,216.3857494400
99,99,3,43,2,271.0279376000
99,99,3,43,3,196.2605340800
99,99,3,44,1,157.7533830400
99,99,3,44,2,247.9306195200
99,99,3,44,3,242.4077884800
99,99,3,45,1,197.8990211200
99,99,3,45,2,262.3104867200
99,99,3,45,3,276.3369436800
99,99,3,46,1,233.3546304000
99,99,3,46,2,0.0000000000
99,99,3,46,3,256.7579520000
99,99,3,47,1,266.8969654400
99,99,3,47,2,261.6664950400
99,99,3,47,3,284.2621014400
99,99,3,48,1,288.3782825600
99,99,3,48,2,262.2005369600
99,99,3,48,3,279.5254889600
99,99,3,49,1,251.3469180800
99,99,3,49,2,296.0956745600
99,99,3,49,3,220.4541395200
99,99,3,50,1,208.6839974400
99,99,3,50,2,317.2931254400
99,99,3,50,3,234.9308963200
99,99,3,51,1,215.9223756800
99,99,3,51,2,99.1826028347
99,99,3,51,3,227.4747443200
99,99,3,52,1,235.2316310400
99,99,3,52,2,156.4405152000
99,99,3,52,3,274.0829721600
99,99,3,53,1,202.2726400000
99,99,3,53,2,178.6694400000
99,99,3,53,3,277.3966505600
99,99,3,54,1,216.9386521600
99,99,3,54,2,223.5859308800
99,99,3,54,3,274.9146608754
99,99,3,55,1,88.7658521600
99,99,3,55,2,166.4400272000
99,99,3,55,3,144.4025928687
99,99,3,56,1,77.0547417600
99,99,3,56,2,244.2951593600
99,99,3,56,3,0.0000000000
99,99,3,57,1,204.9889987200
99,99,3,57,2,240.7900419200
99,99,3,57,3,0.0000000000
99,99,3,58,1,232.3487241600
99,99,3,58,2,182.4065065600
99,99,3,58,3,0.0000000000
99,99,3,59,1,285.8711648000
99,99,3,59,2,209.7313843200
99,99,3,59,3,0.0000000000
99,99,3,60,1,215.4182491724
99,99,3,60,2,233.1575974400
99,99,3,60,3,107.5872972861
99,99,3,61,1,282.6017280000
99,99,3,61,2,284.3397206400
99,99,3,61,3,0.0000000000
99,99,3,62,1,262.4832649600
99,99,3,62,2,250.7091459659
99,99,3,62,3,311.3567459200
99,99,3,63,1,246.1514195200
99,99,3,63,2,172.7765941437
99,99,3,63,3,0.0000000000
99,99,3,64,1,184.6371465778
99,99,3,64,2,0.0000000000
99,99,3,64,3,299.7340691200
99,99,3,65,1,260.7947497600
99,99,3,65,2,0.0000000000
99,99,3,65,3,293.1239049600
99,99,3,66,1,227.2663040000
99,99,3,66,2,0.0000000000
99,99,3,66,3,155.0251213495
99,99,3,67,1,177.0219388800
99,99,3,67,2,205.4026615628
99,99,3,67,3,0.0000000000
99,99,3,68,1,216.7616441600
99,99,3,68,2,150.3629546237
99,99,3,68,3,0.0000000000
99,99,3,69,1,220.9519078400
99,99,3,69,2,197.9081814400
99,99,3,69,3,0.0000000000
99,99,3,70,1,197.1523689600
99,99,3,70,2,188.2443932800
99,99,3,70,3,0.0000000000
99,99,3,71,1,227.8377004800
99,99,3,71,2,0.0000000000
99,99,3,71,3,1.5783181636
99,99,3,72,1,270.7687702400
99,99,3,72,2,243.7559104000
99,99,3,72,3,0.0000000000
99,99,3,73,1,239.5041411200
99,99,3,73,2,0.0000000000
99,99,3,73,3,0.0000000000
99,99,3,74,1,224.7370195200
99,99,3,74,2,304.6009491200
99,99,3,74,3,192.6201574966
99,99,3,75,1,179.9240678400
99,99,3,75,2,0.0000000000
99,99,3,75,3,161.0985046112
99,99,3,76,1,143.1736406400
99,99,3,76,2,209.0573235200
99,99,3,76,3,111.1112485129
99,99,3,77,1,155.6064000000
99,99,3,77,2,218.6699520000
99,99,3,77,3,0.0000000000
99,99,3,78,1,125.9910726400
99,99,3,78,2,0.0000000000
99,99,3,78,3,0.0000000000
99,99,3,79,1,175.9064950400
99,99,3,79,2,298.4816812800
99,99,3,79,3,304.0464272000
99,99,3,80,1,184.6227526400
99,99,3,80,2,129.4999881886
99,99,3,80,3,294.3344812800
99,99,3,81,1,204.9851305600
99,99,3,81,2,295.1272134400
99,99,3,81,3,317.2469152000
99,99,3,82,1,213.9624134400
99,99,3,82,2,0.0000000000
99,99,3,82,3,318.3712000000
99,99,3,83,1,202.5759673600
99,99,3,83,2,0.0000000000
99,99,3,83,3,318.2017084800
99,99,3,84,1,245.5706902400
99,99,3,84,2,302.7577491200
99,99,3,84,3,318.8603660800
99,99,3,85,1,241.6241494400
99,99,3,85,2,316.1209491200
99,99,3,85,3,299.3251795200
99,99,3,86,1,189.2606697600
99,99,3,86,2,313.6334102400
99,99,3,86,3,284.0255782400
99,99,3,87,1,179.1343728000
99,99,3,87,2,153.3778734492
99,99,3,87,3,-0.0000000000
99,99,3,88,1,190.8991564800
99,99,3,88,2,0.0000000000
99,99,3,88,3,0.0000000000
99,99,3,89,1,156.6478102400
99,99,3,89,2,279.9781516800
99,99,3,89,3,0.0000000000
99,99,3,90,1,150.9083734400
99,99,3,90,2,161.1077294762
99,99,3,90,3,247.7892556800
99,99,3,91,1,185.8799945600
99,99,3,91,2,259.4203769600
99,99,3,91,3,236.2139366400
99,99,3,92,1,222.8800441600
99,99,3,92,2,255.5878400000
99,99,3,92,3,253.9307388800
99,99,3,93,1,282.1407241600
99,99,3,93,2,250.4830265600
99,99,3,93,3,235.5427363200
99,99,3,94,1,193.7509532800
99,99,3,94,2,168.5426211017
99,99,3,94,3,234.1635036800
99,99,3,95,1,212.1232640000
99,99,3,95,2,279.4277120000
99,99,3,95,3,206.8795878400
99,99,3,96,1,179.0554035200
99,99,3,96,2,260.9439673600
99,99,3,96,3,225.4214508800
99,99,3,97,1,147.7834848000
99,99,3,97,2,278.3474550400
99,99,3,97,3,220.3608080000
99,99,3,98,1,144.7234169600
99,99,3,98,2,233.7879773327
99,99,3,98,3,196.2605340800
99,99,3,99,1,133.5492339200
99,99,3,99,2,310.1149289600
99,99,3,99,3,170.2996611200
99,99,3,100,1,116.3445369600
99,99,3,100,2,264.9649897600
99,99,3,100,3,160.9615187200
99,99,3,101,1,151.8693334400
99,99,3,101,2,230.0705705600
99,99,3,101,3,139.0177065600
99,99,3,102,1,171.1203308800
99,99,3,102,2,210.8202521600
99,99,3,102,3,172.6884880000
99,99,3,103,1,155.0684204800
99,99,3,103,2,150.0439865600
99,99,3,103,3,151.2581424000
99,99,3,104,1,264.8786006400
99,99,3,104,2,171.7704678400
99,99,3,104,3,210.5402576000
99,99,3,105,1,199.3612150400
99,99,3,105,2,101.9667958400
99,99,3,105,3,221.3252339200
99,99,3,106,1,206.9210684800
99,99,3,106,2,34.4230400000
99,99,3,106,3,206.3923625600
99,99,3,107,1,247.7421340800
99,99,3,107,2,109.3397910400
99,99,3,107,3,185.1459254400
99,99,3,108,1,227.2968960000
99,99,3,108,2,176.7949017600
99,99,3,108,3,247.5379417600
99,99,3,109,1,225.0475788800
99,99,3,109,2,203.2603987200
99,99,3,109,3,287.5282659200
99,99,3,110,1,202.9804041600
99,99,3,110,2,248.9987036800
99,99,3,110,3,269.9598534400
99,99,3,111,1,189.0874880000
99,99,3,111,2,284.5282060800
99,99,3,111,3,255.7036800000
99,99,3,112,1,155.9370848000
99,99,3,112,2,238.3004232147
99,99,3,112,3,241.5470643200
99,99,3,113,1,184.3068745600
99,99,3,113,2,130.2553679785
99,99,3,113,3,215.4246073600
99,99,3,114,1,144.1410169600
99,99,3,114,2,263.3471564800
99,99,3,114,3,218.3386249600
99,99,3,115,1,168.1765334400
99,99,3,115,2,0.0000000000
99,99,3,115,3,218.5667689600
99,99,3,116,1,128.4754441600
99,99,3,116,2,219.5780512706
99,99,3,116,3,220.6176425600
99,99,3,117,1,161.9782508800
99,99,3,117,2,234.8894156800
99,99,3,117,3,183.2013017600
99,99,3,118,1,119.1384297600
99,99,3,118,2,281.0098115200
99,99,3,118,3,193.2058041600
99,99,3,119,1,153.7061964800
99,99,3,119,2,108.9501639368
99,99,3,119,3,186.3673926400
99,99,3,120,1,150.4715734400
99,99,3,120,2,307.6851200000
99,99,3,120,3,242.4181587200
99,99,3,121,1,274.7112569600
99,99,3,121,2,288.1329897600
99,99,3,121,3,192.2578163496
99,99,3,122,1,278.1726454400
99,99,3,122,2,0.0000000000
99,99,3,122,3,236.3516096000
99,99,3,123,1,307.4868067200
99,99,3,123,2,0.0000000000
99,99,3,123,3,211.4217219200
99,99,3,124,1,317.9810710400
99,99,3,124,2,0.0000000000
99,99,3,124,3,234.9308963200
99,99,3,125,1,251.4490140800
99,99,3,125,2,0.0000000000
99,99,3,125,3,260.3836160000
99,99,3,126,1,269.0638934400
99,99,3,126,2,4.9693101416
99,99,3,126,3,253.4359648000
99,99,3,127,1,279.2034928000
99,99,3,127,2,0.0000000000
99,99,3,127,3,182.1154710400
99,99,3,128,1,150.1160396382
99,99,3,128,2,157.5263459200
99,99,3,128,3,214.3253696000
99,99,3,129,1,275.4337843200
99,99,3,129,2,249.1793356800
99,99,3,129,3,275.2688595200
99,99,3,130,1,135.1035213049
99,99,3,130,2,303.4801897600
99,99,3,130,3,78.8896648452
99,99,3,131,1,0.0000000000
99,99,3,131,2,124.9877558850
99,99,3,131,3,213.7109759158
99,99,3,132,1,265.8586777295
99,99,3,132,2,0.0000000000
99,99,3,132,3,267.3603254400
99,99,3,133,1,0.0000000000
99,99,3,133,2,0.0000000000
99,99,3,133,3,287.9130902400
99,99,3,134,1,245.9854969600
99,99,3,134,2,0.0000000000
99,99,3,134,3,294.9007187200
99,99,3,135,1,265.3026928000
99,99,3,135,2,0.0000000000
99,99,3,135,3,271.7899945600
99,99,3,136,1,251.2399785600
99,99,3,136,2,294.7796611200
99,99,3,136,3,267.0383296000
99,99,3,137,1,212.3965180800
99,99,3,137,2,262.6953110400
99,99,3,137,3,0.0000000000
99,99,3,138,1,181.9871459200
99,99,3,138,2,217.3016080000
99,99,3,138,3,209.1610249600
99,99,3,139,1,187.2799673600
99,99,3,139,2,126.7969219216
99,99,3,139,3,164.3521065600
99,99,3,140,1,228.7087945600
99,99,3,140,2,61.6532453911
99,99,3,140,3,148.6126643200
99,99,3,141,1,195.7259520000
99,99,3,141,2,257.2292339200
99,99,3,141,3,188.0473600000
99,99,3,142,1,262.1926835200
99,99,3,142,2,276.6825004800
99,99,3,142,3,158.1581017600
99,99,3,143,1,293.0179036800
99,99,3,143,2,122.5301722002
99,99,3,143,3,172.0369897600
99,99,3,144,1,266.5906764800
99,99,3,144,2,238.2998185600
99,99,3,144,3,189.2710400000
99,99,3,145,1,280.0438236800
99,99,3,145,2,249.6741097600
99,99,3,145,3,172.9846236800
99,99,3,146,1,264.7112387200
99,99,3,146,2,239.9500582400
99,99,3,146,3,169.7370035200
99,99,3,147,1,274.2086291200
99,99,3,147,2,139.3713065572
99,99,3,147,3,145.7697625600
99,99,3,148,1,300.1686780800
99,99,3,148,2,250.2317126400
99,99,3,148,3,189.6962169600
99,99,3,149,1,170.6226134400
99,99,3,149,2,293.5539200000
99,99,3,149,3,228.5613654400
99,99,3,150,1,107.5145545600
99,99,3,150,2,298.3332880000
99,99,3,150,3,175.6202304000
99,99,3,151,1,137.3101558400
99,99,3,151,2,200.0156893171
99,99,3,151,3,177.5154982400
99,99,3,152,1,224.9755334400
99,99,3,152,2,278.5359404800
99,99,3,152,3,185.9836963200
99,99,3,153,1,218.7534320000
99,99,3,153,2,272.9206454400
99,99,3,153,3,242.3559376000
99,99,3,154,1,294.8172800000
99,99,3,154,2,288.8329568659
99,99,3,154,3,60.5169065600
99,99,3,155,1,264.3052908800
99,99,3,155,2,180.5776214644
99,99,3,155,3,253.0040188800
99,99,3,156,1,240.0537600000
99,99,3,156,2,294.2056134400
99,99,3,156,3,202.5552272000
99,99,3,157,1,260.3078291200
99,99,3,157,2,304.8079187200
99,99,3,157,3,205.0233273600
99,99,3,158,1,212.2720758400
99,99,3,158,2,264.4309478400
99,99,3,158,3,187.9229180800
99,99,3,159,1,220.3423145600
99,99,3,159,2,229.2139945600
99,99,3,159,3,165.6236800000
99,99,3,160,1,180.5558236800
99,99,3,160,2,190.4739795200
99,99,3,160,3,181.4935865600
99,99,3,161,1,158.6516611200
99,99,3,161,2,176.7751593600
99,99,3,161,3,200.7404473600
99,99,3,162,1,87.2928540800
99,99,3,162,2,212.4276284800
99,99,3,162,3,173.8236745600
99,99,3,163,1,164.7717964800
99,99,3,163,2,218.3801059200
99,99,3,163,3,147.7148800000
99,99,3,164,1,176.3010134400
99,99,3,164,2,207.5854505600
99,99,3,164,3,169.6736000000
99,99,3,165,1,182.3622508800
99,99,3,165,2,172.4219660800
99,99,3,165,3,153.7555526400
99,99,3,166,1,224.9547932800
99,99,3,166,2,216.1712595200
99,99,3,166,3,183.6060204800
99,99,3,167,1,251.9437884800
99,99,3,167,2,251.6139388800
99,99,3,167,3,172.2936406400
99,99,3,168,1,77.2528244516
99,99,3,168,2,216.9996179745
99,99,3,168,3,216.0084480000
104,104,3,1,1,243.7973910400
104,104,3,1,2,283.1773939200
104,104,3,1,3,156.2430915200
104,104,3,2,1,211.8157884800
104,104,3,2,2,251.4725750400
104,104,3,2,3,249.8861558400
104,104,3,3,1,210.0839702400
104,104,3,3,2,269.9205859200
104,104,3,3,3,256.6480704000
104,104,3,4,1,218.0171497600
104,104,3,4,2,258.1873680000
104,104,3,4,3,237.4612176000
104,104,3,5,1,193.3295785600
104,104,3,5,2,276.7247785600
104,104,3,5,3,218.3844265600
104,104,3,6,1,253.1218224000
104,104,3,6,2,297.1305219200
104,104,3,6,3,180.5558236800
104,104,3,7,1,304.1401491200
104,104,3,7,2,270.3289708800
104,104,3,7,3,191.4280352000
104,104,3,8,1,319.0107120000
104,104,3,8,2,296.6619120000
104,104,3,8,3,230.4717235200
104,104,3,9,1,318.4444745600
104,104,3,9,2,302.3399049600
104,104,3,9,3,236.5342869169
104,104,3,10,1,243.7342768955
104,104,3,10,2,282.0379734400
104,104,3,10,3,286.5711785600
104,104,3,11,1,316.5524611200
104,104,3,11,2,266.7084800000
104,104,3,11,3,297.0485152000
104,104,3,12,1,309.8650035200
104,104,3,12,2,267.7530035200
104,104,3,12,3,271.4049084800
104,104,3,13,1,302.1056000000
104,104,3,13,2,259.7188121600
104,104,3,13,3,199.5167673600
104,104,3,14,1,273.2583484800
104,104,3,14,2,246.6284473600
104,104,3,14,3,213.3090928000
104,104,3,15,1,238.3100160000
104,104,3,15,2,209.2680105600
104,104,3,15,3,218.9452800000
104,104,3,16,1,196.7271920000
104,104,3,16,2,150.3499932800
104,104,3,16,3,202.5552272000
104,104,3,17,1,229.5695187200
104,104,3,17,2,195.4412908800
104,104,3,17,3,213.9661683200
104,104,3,18,1,233.5309235200
104,104,3,18,2,188.0058793600
104,104,3,18,3,209.0262128000
104,104,3,19,1,226.5932800000
104,104,3,19,2,190.0799132800
104,104,3,19,3,244.6373750400
104,104,3,20,1,259.0321494400
104,104,3,20,2,201.1611305600
104,104,3,20,3,237.7412121600
104,104,3,21,1,259.3182806400
104,104,3,21,2,224.8510915200
104,104,3,21,3,237.5554134400
104,104,3,22,1,273.4625411200
104,104,3,22,2,258.4700963200
104,104,3,22,3,230.6894969600
104,104,3,23,1,252.5563660800
104,104,3,23,2,264.6115795200
104,104,3,23,3,201.4559891200
104,104,3,24,1,272.3708963200
104,104,3,24,2,294.9314208000
104,104,3,24,3,185.7451824000
104,104,3,25,1,268.4127024000
104,104,3,25,2,299.8601763200
104,104,3,25,3,205.5522060800
104,104,3,26,1,236.1856867200
104,104,3,26,2,300.9301696000
104,104,3,26,3,147.9414236800
104,104,3,27,1,212.0231920000
104,104,3,27,2,302.7968000000
104,104,3,27,3,162.0769625600
104,104,3,28,1,228.7917558400
104,104,3,28,2,268.6718697600
104,104,3,28,3,169.1842169600
104,104,3,29,1,231.8551040000
104,104,3,29,2,266.8046489600
104,104,3,29,3,182.3918643200
104,104,3,30,1,256.6794848000
104,104,3,30,2,279.9495811200
104,104,3,30,3,153.7950374400
104,104,3,31,1,275.0411065600
104,104,3,31,2,196.3953465600
104,104,3,31,3,162.0177356800
104,104,3,32,1,296.0956745600
104,104,3,32,2,160.2606643200
104,104,3,32,3,199.3404745600
104,104,3,33,1,285.4706332800
104,104,3,33,2,289.3667840000
104,104,3,33,3,200.6818560000
104,104,3,34,1,313.6755200000
104,104,3,34,2,302.9725289600
104,104,3,34,3,233.7901776000
104,104,3,35,1,316.8642169600
104,104,3,35,2,317.1908412800
104,104,3,35,3,211.2661696000
104,104,3,36,1,135.0154092652
104,104,3,36,2,319.9020800000
104,104,3,36,3,259.0669667200
104,104,3,37,1,282.8553980800
104,104,3,37,2,316.5713356800
104,104,3,37,3,259.3654019200
104,104,3,38,1,253.8462454400
104,104,3,38,2,305.6826576000
104,104,3,38,3,275.8752854400
104,104,3,39,1,258.6271673600
104,104,3,39,2,303.5348611200
104,104,3,39,3,251.0170684800
104,104,3,40,1,258.8627740800
104,104,3,40,2,303.0154848000
104,104,3,40,3,158.0791321600
104,104,3,41,1,232.9605641600
104,104,3,41,2,296.7296000000
104,104,3,41,3,166.0451795200
104,104,3,42,1,225.2347878400
104,104,3,42,2,303.5192406400
104,104,3,42,3,167.4970665600
104,104,3,43,1,216.3857494400
104,104,3,43,2,271.0279376000
104,104,3,43,3,196.2605340800
104,104,3,44,1,157.7533830400
104,104,3,44,2,247.9306195200
104,104,3,44,3,242.4077884800
104,104,3,45,1,197.8990211200
104,104,3,45,2,262.3104867200
104,104,3,45,3,276.3369436800
104,104,3,46,1,233.3546304000
104,104,3,46,2,264.0287145600
104,104,3,46,3,256.7580204800
104,104,3,47,1,266.8969654400
104,104,3,47,2,261.6664950400
104,104,3,47,3,284.2621014400
104,104,3,48,1,288.3782825600
104,104,3,48,2,262.2005369600
104,104,3,48,3,279.5254889600
104,104,3,49,1,251.3469180800
104,104,3,49,2,296.0956745600
104,104,3,49,3,220.4541395200
104,104,3,50,1,208.6839974400
104,104,3,50,2,0.0000000000
104,104,3,50,3,234.9308963200
104,104,3,51,1,215.9223756800
104,104,3,51,2,309.1347526400
104,104,3,51,3,227.4747443200
104,104,3,52,1,235.2316310400
104,104,3,52,2,156.4405152000
104,104,3,52,3,274.0829721600
104,104,3,53,1,202.2726400000
104,104,3,53,2,178.6694400000
104,104,3,53,3,277.3966505600
104,104,3,54,1,216.9386521600
104,104,3,54,2,223.5859308800
104,104,3,54,3,309.9157696000
104,104,3,55,1,88.7658521600
104,104,3,55,2,166.4400272000
104,104,3,55,3,318.2778576000
104,104,3,56,1,77.0547417600
104,104,3,56,2,244.2951593600
104,104,3,56,3,320.0000000000
104,104,3,57,1,204.9889987200
104,104,3,57,2,240.7900419200
104,104,3,57,3,320.0000000000
104,104,3,58,1,232.3487241600
104,104,3,58,2,182.4065065600
104,104,3,58,3,314.4320000000
104,104,3,59,1,285.8711648000
104,104,3,59,2,209.7313843200
104,104,3,59,3,318.8135049600
104,104,3,60,1,294.2368540800
104,104,3,60,2,233.1575974400
104,104,3,60,3,317.0718374400
104,104,3,61,1,0.0000000000
104,104,3,61,2,284.3397206400
104,104,3,61,3,301.7385219200
104,104,3,62,1,262.4832649600
104,104,3,62,2,306.3426169600
104,104,3,62,3,311.3567459200
104,104,3,63,1,246.1514195200
104,104,3,63,2,316.2726400000
104,104,3,63,3,310.0544000000
104,104,3,64,1,273.0620096000
104,104,3,64,2,317.7688950400
104,104,3,64,3,299.7340691200
104,104,3,65,1,260.7947497600
104,104,3,65,2,316.5947660800
104,104,3,65,3,293.1239049600
104,104,3,66,1,227.2663040000
104,104,3,66,2,314.6370169600
104,104,3,66,3,312.7923200000
104,104,3,67,1,177.0219388800
104,104,3,67,2,289.7167008000
104,104,3,67,3,298.5988339200
104,104,3,68,1,216.7616441600
104,104,3,68,2,260.8340176000
104,104,3,68,3,314.7190236800
104,104,3,69,1,220.9519078400
104,104,3,69,2,197.9081814400
104,104,3,69,3,317.9303049600
104,104,3,70,1,197.1523689600
104,104,3,70,2,188.2443932800
104,104,3,70,3,313.0593625600
104,104,3,71,1,227.8377004800
104,104,3,71,2,260.5120217600
104,104,3,71,3,309.6012800000
104,104,3,72,1,270.7687702400
104,104,3,72,2,243.7559104000
104,104,3,72,3,308.8223459200
104,104,3,73,1,239.5041411200
104,104,3,73,2,258.3915606400
104,104,3,73,3,310.0407321600
104,104,3,74,1,224.7370195200
104,104,3,74,2,304.6009491200
104,104,3,74,3,302.0626441600
104,104,3,75,1,179.9240678400
104,104,3,75,2,316.1730169600
104,104,3,75,3,304.5814236800
104,104,3,76,1,143.1736406400
104,104,3,76,2,209.0573235200
104,104,3,76,3,0.0000000000
104,104,3,77,1,155.6064000000
104,104,3,77,2,218.6699520000
104,104,3,77,3,316.1811200000
104,104,3,78,1,125.9910726400
104,104,3,78,2,297.9232540800
104,104,3,78,3,318.3624678400
104,104,3,79,1,175.9064950400
104,104,3,79,2,298.4816812800
104,104,3,79,3,304.0464272000
104,104,3,80,1,184.6227526400
104,104,3,80,2,303.4255187200
104,104,3,80,3,294.3344812800
104,104,3,81,1,204.9851305600
104,104,3,81,2,295.1272134400
104,104,3,81,3,317.2469152000
104,104,3,82,1,213.9624134400
104,104,3,82,2,187.4815349032
104,104,3,82,3,133.8910171404
104,104,3,83,1,202.5759673600
104,104,3,83,2,234.4614123176
104,104,3,83,3,318.2017084800
104,104,3,84,1,245.5706902400
104,104,3,84,2,302.7577491200
104,104,3,84,3,318.8603660800
104,104,3,85,1,241.6241494400
104,104,3,85,2,316.1209491200
104,104,3,85,3,299.3251795200
104,104,3,86,1,189.2606697600
104,104,3,86,2,259.6321851552
104,104,3,86,3,284.0255782400
104,104,3,87,1,179.1343728000
104,104,3,87,2,299.7209600000
104,104,3,87,3,300.9036800000
104,104,3,88,1,190.8991564800
104,104,3,88,2,290.7717859200
104,104,3,88,3,274.9468636800
104,104,3,89,1,156.6478102400
104,104,3,89,2,279.9781516800
104,104,3,89,3,286.3423782400
104,104,3,90,1,150.9083734400
104,104,3,90,2,259.6190720000
104,104,3,90,3,247.7892556800
104,104,3,91,1,185.8799945600
104,104,3,91,2,259.4203769600
104,104,3,91,3,236.2139366400
104,104,3,92,1,222.8800441600
104,104,3,92,2,255.5878400000
104,104,3,92,3,253.9307388800
104,104,3,93,1,282.1407241600
104,104,3,93,2,250.4830265600
104,104,3,93,3,235.5427363200
104,104,3,94,1,193.7509532800
104,104,3,94,2,276.3447974400
104,104,3,94,3,234.1635036800
104,104,3,95,1,212.1232640000
104,104,3,95,2,279.4277120000
104,104,3,95,3,206.8795878400
104,104,3,96,1,179.0554035200
104,104,3,96,2,260.9439673600
104,104,3,96,3,225.4214508800
104,104,3,97,1,147.7834848000
104,104,3,97,2,278.3474550400
104,104,3,97,3,220.3608080000
104,104,3,98,1,144.7234169600
104,104,3,98,2,317.2163254400
104,104,3,98,3,196.2605340800
104,104,3,99,1,133.5492339200
104,104,3,99,2,310.1149289600
104,104,3,99,3,170.2996611200
104,104,3,100,1,116.3445369600
104,104,3,100,2,264.9649897600
104,104,3,100,3,160.9615187200
104,104,3,101,1,151.8693334400
104,104,3,101,2,230.0705705600
104,104,3,101,3,139.0177065600
104,104,3,102,1,171.1203308800
104,104,3,102,2,210.8202521600
104,104,3,102,3,172.6884880000
104,104,3,103,1,155.0684204800
104,104,3,103,2,150.0439865600
104,104,3,103,3,151.2581424000
104,104,3,104,1,264.8786006400
104,104,3,104,2,171.7704678400
104,104,3,104,3,210.5402576000
104,104,3,105,1,199.3612150400
104,104,3,105,2,101.9667958400
104,104,3,105,3,221.3252339200
104,104,3,106,1,206.9210684800
104,104,3,106,2,34.4230400000
104,104,3,106,3,206.3923625600
104,104,3,107,1,247.7421340800
104,104,3,107,2,109.3397910400
104,104,3,107,3,185.1459254400
104,104,3,108,1,227.2968960000
104,104,3,108,2,176.7949017600
104,104,3,108,3,247.5379417600
104,104,3,109,1,225.0475788800
104,104,3,109,2,203.2603987200
104,104,3,109,3,287.5282659200
104,104,3,110,1,202.9804041600
104,104,3,110,2,248.9987036800
104,104,3,110,3,269.9598534400
104,104,3,111,1,189.0874880000
104,104,3,111,2,284.5282060800
104,104,3,111,3,255.7036800000
104,104,3,112,1,155.9370848000
104,104,3,112,2,294.1197017600
104,104,3,112,3,241.5470643200
104,104,3,113,1,184.3068745600
104,104,3,113,2,0.0000000000
104,104,3,113,3,215.4246073600
104,104,3,114,1,144.1410169600
104,104,3,114,2,116.6856676798
104,104,3,114,3,218.3386249600
104,104,3,115,1,168.1765334400
104,104,3,115,2,266.5076905600
104,104,3,115,3,218.5667689600
104,104,3,116,1,128.4754441600
104,104,3,116,2,229.6317395200
104,104,3,116,3,220.6176425600
104,104,3,117,1,161.9782508800
104,104,3,117,2,234.8894156800
104,104,3,117,3,183.2013017600
104,104,3,118,1,119.1384297600
104,104,3,118,2,281.0098115200
104,104,3,118,3,193.2058041600
104,104,3,119,1,153.7061964800
104,104,3,119,2,291.4786060800
104,104,3,119,3,186.3673926400
104,104,3,120,1,150.4715734400
104,104,3,120,2,307.6851200000
104,104,3,120,3,242.4181587200
104,104,3,121,1,274.7112569600
104,104,3,121,2,288.1329897600
104,104,3,121,3,291.9969411200
104,104,3,122,1,278.1726454400
104,104,3,122,2,256.6323635200
104,104,3,122,3,236.3516096000
104,104,3,123,1,307.4868067200
104,104,3,123,2,9.8737303910
104,104,3,123,3,211.4217219200
104,104,3,124,1,317.9810710400
104,104,3,124,2,307.7172067200
104,104,3,124,3,234.9308963200
104,104,3,125,1,251.4490140800
104,104,3,125,2,315.0000550400
104,104,3,125,3,260.3836160000
104,104,3,126,1,269.0638934400
104,104,3,126,2,285.0779552000
104,104,3,126,3,253.4359648000
104,104,3,127,1,279.2034928000
104,104,3,127,2,246.7393851540
104,104,3,127,3,182.1154710400
104,104,3,128,1,294.7367049600
104,104,3,128,2,157.5263459200
104,104,3,128,3,214.3253696000
104,104,3,129,1,275.4337843200
104,104,3,129,2,249.1793356800
104,104,3,129,3,275.2688595200
104,104,3,130,1,296.3963660800
104,104,3,130,2,303.4801897600
104,104,3,130,3,278.1071360000
104,104,3,131,1,314.5702400000
104,104,3,131,2,306.1278374400
104,104,3,131,3,270.1561926400
104,104,3,132,1,318.0090576000
104,104,3,132,2,313.1417600000
104,104,3,132,3,267.3603254400
104,104,3,133,1,310.5562035200
104,104,3,133,2,129.1043053929
104,104,3,133,3,287.9130902400
104,104,3,134,1,245.9854969600
104,104,3,134,2,293.9405475200
104,104,3,134,3,294.9007187200
104,104,3,135,1,265.3026928000
104,104,3,135,2,292.1855574400
104,104,3,135,3,271.7899945600
104,104,3,136,1,251.2399785600
104,104,3,136,2,294.7796611200
104,104,3,136,3,267.0383296000
104,104,3,137,1,212.3965180800
104,104,3,137,2,262.6953110400
104,104,3,137,3,271.1904018767
104,104,3,138,1,181.9871459200
104,104,3,138,2,217.3016080000
104,104,3,138,3,209.1610249600
104,104,3,139,1,187.2799673600
104,104,3,139,2,209.2170240000
104,104,3,139,3,164.3521065600
104,104,3,140,1,228.7087945600
104,104,3,140,2,227.1117884800
104,104,3,140,3,148.6126643200
104,104,3,141,1,195.7259520000
104,104,3,141,2,257.2292339200
104,104,3,141,3,188.0473600000
104,104,3,142,1,262.1926835200
104,104,3,142,2,276.6825004800
104,104,3,142,3,158.1581017600
104,104,3,143,1,293.0179036800
104,104,3,143,2,244.7099660800
104,104,3,143,3,172.0369897600
104,104,3,144,1,266.5906764800
104,104,3,144,2,238.2998185600
104,104,3,144,3,189.2710400000
104,104,3,145,1,280.0438236800
104,104,3,145,2,249.6741097600
104,104,3,145,3,172.9846236800
104,104,3,146,1,264.7112387200
104,104,3,146,2,239.9500582400
104,104,3,146,3,169.7370035200
104,104,3,147,1,274.2086291200
104,104,3,147,2,224.2703619200
104,104,3,147,3,145.7697625600
104,104,3,148,1,300.1686780800
104,104,3,148,2,250.2317126400
104,104,3,148,3,189.6962169600
104,104,3,149,1,170.6226134400
104,104,3,149,2,293.5539200000
104,104,3,149,3,228.5613654400
104,104,3,150,1,107.5145545600
104,104,3,150,2,298.3332880000
104,104,3,150,3,175.6202304000
104,104,3,151,1,137.3101558400
104,104,3,151,2,274.2871648000
104,104,3,151,3,177.5154982400
104,104,3,152,1,224.9755334400
104,104,3,152,2,278.5359404800
104,104,3,152,3,185.9836963200
104,104,3,153,1,218.7534320000
104,104,3,153,2,272.9206454400
104,104,3,153,3,242.3559376000
104,104,3,154,1,294.8172800000
104,104,3,154,2,294.3833600000
104,104,3,154,3,60.5169065600
104,104,3,155,1,16.4177331264
104,104,3,155,2,290.9524176000
104,104,3,155,3,253.0040188800
104,104,3,156,1,240.0537600000
104,104,3,156,2,294.2056134400
104,104,3,156,3,202.5552272000
104,104,3,157,1,260.3078291200
104,104,3,157,2,304.8079187200
104,104,3,157,3,205.0233273600
104,104,3,158,1,212.2720758400
104,104,3,158,2,264.4309478400
104,104,3,158,3,187.9229180800
104,104,3,159,1,220.3423145600
104,104,3,159,2,229.2139945600
104,104,3,159,3,165.6236800000
104,104,3,160,1,180.5558236800
104,104,3,160,2,190.4739795200
104,104,3,160,3,181.4935865600
104,104,3,161,1,158.6516611200
104,104,3,161,2,176.7751593600
104,104,3,161,3,200.7404473600
104,104,3,162,1,87.2928540800
104,104,3,162,2,212.4276284800
104,104,3,162,3,173.8236745600
104,104,3,163,1,164.7717964800
104,104,3,163,2,218.3801059200
104,104,3,163,3,147.7148800000
104,104,3,164,1,176.3010134400
104,104,3,164,2,207.5854505600
104,104,3,164,3,169.6736000000
104,104,3,165,1,182.3622508800
104,104,3,165,2,172.4219660800
104,104,3,165,3,153.7555526400
104,104,3,166,1,224.9547932800
104,104,3,166,2,216.1712595200
104,104,3,166,3,183.6060204800
104,104,3,167,1,251.9437884800
104,104,3,167,2,0.0000000000
104,104,3,167,3,172.2936406400
104,104,3,168,1,275.5751484800
104,104,3,168,2,253.6108374400
104,104,3,168,3,216.0084480000
105,105,3,1,1,243.7973910400
105,105,3,1,2,283.1773939200
105,105,3,1,3,156.2430915200
105,105,3,2,1,211.8157884800
105,105,3,2,2,251.4725750400
105,105,3,2,3,249.8861558400
105,105,3,3,1,210.0839702400
105,105,3,3,2,269.9205859200
105,105,3,3,3,256.6480704000
105,105,3,4,1,218.0171497600
105,105,3,4,2,258.1873680000
105,105,3,4,3,237.4612176000
105,105,3,5,1,193.3295785600
105,105,3,5,2,276.7247785600
105,105,3,5,3,218.3844265600
105,105,3,6,1,253.1218224000
105,105,3,6,2,297.1305219200
105,105,3,6,3,180.5558236800
105,105,3,7,1,304.1401491200
105,105,3,7,2,270.3289708800
105,105,3,7,3,191.4280352000
105,105,3,8,1,319.0107120000
105,105,3,8,2,296.6619120000
105,105,3,8,3,230.4717235200
105,105,3,9,1,0.0000000000
105,105,3,9,2,302.3399049600
105,105,3,9,3,256.3653424000
105,105,3,10,1,319.2569600000
105,105,3,10,2,282.0379734400
105,105,3,10,3,286.5711785600
105,105,3,11,1,316.5524611200
105,105,3,11,2,266.7084800000
105,105,3,11,3,297.0485152000
105,105,3,12,1,309.8650035200
105,105,3,12,2,267.7530035200
105,105,3,12,3,271.4049084800
105,105,3,13,1,302.1056000000
105,105,3,13,2,259.7188121600
105,105,3,13,3,199.5167673600
105,105,3,14,1,273.2583484800
105,105,3,14,2,246.6284473600
105,105,3,14,3,213.3090928000
105,105,3,15,1,238.3100160000
105,105,3,15,2,209.2680105600
105,105,3,15,3,218.9452800000
105,105,3,16,1,196.7271920000
105,105,3,16,2,150.3499932800
105,105,3,16,3,202.5552272000
105,105,3,17,1,229.5695187200
105,105,3,17,2,195.4412908800
105,105,3,17,3,213.9661683200
105,105,3,18,1,233.5309235200
105,105,3,18,2,188.0058793600
105,105,3,18,3,209.0262128000
105,105,3,19,1,226.5932800000
105,105,3,19,2,190.0799132800
105,105,3,19,3,244.6373750400
105,105,3,20,1,259.0321494400
105,105,3,20,2,201.1611305600
105,105,3,20,3,237.7412121600
105,105,3,21,1,259.3182806400
105,105,3,21,2,224.8510915200
105,105,3,21,3,237.5554134400
105,105,3,22,1,273.4625411200
105,105,3,22,2,258.4700963200
105,105,3,22,3,230.6894969600
105,105,3,23,1,252.5563660800
105,105,3,23,2,264.6115795200
105,105,3,23,3,201.4559891200
105,105,3,24,1,272.3708963200
105,105,3,24,2,267.4717463334
105,105,3,24,3,185.7451824000
105,105,3,25,1,268.4127024000
105,105,3,25,2,299.8601763200
105,105,3,25,3,205.5522060800
105,105,3,26,1,236.1856867200
105,105,3,26,2,300.9301696000
105,105,3,26,3,147.9414236800
105,105,3,27,1,212.0231920000
105,105,3,27,2,161.0858164246
105,105,3,27,3,162.0769625600
105,105,3,28,1,228.7917558400
105,105,3,28,2,268.6718697600
105,105,3,28,3,169.1842169600
105,105,3,29,1,231.8551040000
105,105,3,29,2,266.8046489600
105,105,3,29,3,182.3918643200
105,105,3,30,1,256.6794848000
105,105,3,30,2,279.9495811200
105,105,3,30,3,153.7950374400
105,105,3,31,1,275.0411065600
105,105,3,31,2,196.3953465600
105,105,3,31,3,162.0177356800
105,105,3,32,1,296.0956745600
105,105,3,32,2,160.2606643200
105,105,3,32,3,199.3404745600
105,105,3,33,1,285.4706332800
105,105,3,33,2,289.3667840000
105,105,3,33,3,200.6818560000
105,105,3,34,1,313.6755200000
105,105,3,34,2,302.9725289600
105,105,3,34,3,233.7901776000
105,105,3,35,1,0.0000000000
105,105,3,35,2,100.2861681160
105,105,3,35,3,211.2661696000
105,105,3,36,1,306.6433084800
105,105,3,36,2,56.5975815926
105,105,3,36,3,259.0669667200
105,105,3,37,1,282.8553980800
105,105,3,37,2,316.5713356800
105,105,3,37,3,259.3654019200
105,105,3,38,1,253.8462454400
105,105,3,38,2,146.0423816475
105,105,3,38,3,275.8752854400
105,105,3,39,1,258.6271673600
105,105,3,39,2,259.7337267702
105,105,3,39,3,251.0170684800
105,105,3,40,1,258.8627740800
105,105,3,40,2,303.0154848000
105,105,3,40,3,158.0791321600
105,105,3,41,1,232.9605641600
105,105,3,41,2,296.7296000000
105,105,3,41,3,166.0451795200
105,105,3,42,1,225.2347878400
105,105,3,42,2,303.5192406400
105,105,3,42,3,167.4970665600
105,105,3,43,1,216.3857494400
105,105,3,43,2,271.0279376000
105,105,3,43,3,196.2605340800
105,105,3,44,1,157.7533830400
105,105,3,44,2,247.9306195200
105,105,3,44,3,242.4077884800
105,105,3,45,1,197.8990211200
105,105,3,45,2,262.3104867200
105,105,3,45,3,276.3369436800
105,105,3,46,1,233.3546304000
105,105,3,46,2,264.0287145600
105,105,3,46,3,256.7580204800
105,105,3,47,1,266.8969654400
105,105,3,47,2,261.6664950400
105,105,3,47,3,284.2621014400
105,105,3,48,1,288.3782825600
105,105,3,48,2,262.2005369600
105,105,3,48,3,279.5254889600
105,105,3,49,1,251.3469180800
105,105,3,49,2,296.0956745600
105,105,3,49,3,220.4541395200
105,105,3,50,1,208.6839974400
105,105,3,50,2,0.0000000000
105,105,3,50,3,234.9308963200
105,105,3,51,1,215.9223756800
105,105,3,51,2,309.1347526400
105,105,3,51,3,227.4747443200
105,105,3,52,1,235.2316310400
105,105,3,52,2,156.4405152000
105,105,3,52,3,274.0829721600
105,105,3,53,1,202.2726400000
105,105,3,53,2,178.6694400000
105,105,3,53,3,277.3966505600
105,105,3,54,1,216.9386521600
105,105,3,54,2,223.5859308800
105,105,3,54,3,309.9157696000
105,105,3,55,1,88.7658521600
105,105,3,55,2,166.4400272000
105,105,3,55,3,318.2778576000
105,105,3,56,1,77.0547417600
105,105,3,56,2,244.2951593600
105,105,3,56,3,320.0000000000
105,105,3,57,1,204.9889987200
105,105,3,57,2,240.7900419200
105,105,3,57,3,320.0000000000
105,105,3,58,1,232.3487241600
105,105,3,58,2,182.4065065600
105,105,3,58,3,314.4320000000
105,105,3,59,1,0.0000000000
105,105,3,59,2,209.7313843200
105,105,3,59,3,0.0000000000
105,105,3,60,1,294.2368540800
105,105,3,60,2,29.0067485082
105,105,3,60,3,317.0718374400
105,105,3,61,1,282.6017280000
105,105,3,61,2,284.3397206400
105,105,3,61,3,301.7385219200
105,105,3,62,1,262.4832649600
105,105,3,62,2,306.3426169600
105,105,3,62,3,0.0000000000
105,105,3,63,1,246.1514195200
105,105,3,63,2,316.2726400000
105,105,3,63,3,310.0544000000
105,105,3,64,1,273.0620096000
105,105,3,64,2,317.7688950400
105,105,3,64,3,299.7340691200
105,105,3,65,1,260.7947497600
105,105,3,65,2,316.5947660800
105,105,3,65,3,293.1239049600
105,105,3,66,1,227.2663040000
105,105,3,66,2,0.0000000000
105,105,3,66,3,312.7923200000
105,105,3,67,1,177.0219388800
105,105,3,67,2,289.7167008000
105,105,3,67,3,298.5988339200
105,105,3,68,1,216.7616441600
105,105,3,68,2,260.8340176000
105,105,3,68,3,145.1628518167
105,105,3,69,1,220.9519078400
105,105,3,69,2,197.9081814400
105,105,3,69,3,57.7100100854
105,105,3,70,1,197.1523689600
105,105,3,70,2,188.2443932800
105,105,3,70,3,313.0593625600
105,105,3,71,1,227.8377004800
105,105,3,71,2,260.5120217600
105,105,3,71,3,309.6012800000
105,105,3,72,1,270.7687702400
105,105,3,72,2,243.7559104000
105,105,3,72,3,308.8223459200
105,105,3,73,1,239.5041411200
105,105,3,73,2,258.3915606400
105,105,3,73,3,278.8578436405
105,105,3,74,1,224.7370195200
105,105,3,74,2,304.6009491200
105,105,3,74,3,302.0626441600
105,105,3,75,1,179.9240678400
105,105,3,75,2,186.1768722808
105,105,3,75,3,304.5814236800
105,105,3,76,1,143.1736406400
105,105,3,76,2,209.0573235200
105,105,3,76,3,316.7991321600
105,105,3,77,1,155.6064000000
105,105,3,77,2,218.6699520000
105,105,3,77,3,316.1811200000
105,105,3,78,1,125.9910726400
105,105,3,78,2,297.9232540800
105,105,3,78,3,318.3624678400
105,105,3,79,1,175.9064950400
105,105,3,79,2,298.4816812800
105,105,3,79,3,304.0464272000
105,105,3,80,1,184.6227526400
105,105,3,80,2,303.4255187200
105,105,3,80,3,294.3344812800
105,105,3,81,1,204.9851305600
105,105,3,81,2,295.1272134400
105,105,3,81,3,317.2469152000
105,105,3,82,1,213.9624134400
105,105,3,82,2,302.7123200000
105,105,3,82,3,318.3712000000
105,105,3,83,1,202.5759673600
105,105,3,83,2,290.1670617600
105,105,3,83,3,318.2017084800
105,105,3,84,1,245.5706902400
105,105,3,84,2,146.0224653096
105,105,3,84,3,318.8603660800
105,105,3,85,1,241.6241494400
105,105,3,85,2,0.0000000000
105,105,3,85,3,299.3251795200
105,105,3,86,1,189.2606697600
105,105,3,86,2,0.0000000000
105,105,3,86,3,284.0255782400
105,105,3,87,1,179.1343728000
105,105,3,87,2,299.7209600000
105,105,3,87,3,300.9036800000
105,105,3,88,1,190.8991564800
105,105,3,88,2,290.7717859200
105,105,3,88,3,274.9468636800
105,105,3,89,1,156.6478102400
105,105,3,89,2,279.9781516800
105,105,3,89,3,286.3423782400
105,105,3,90,1,150.9083734400
105,105,3,90,2,259.6190720000
105,105,3,90,3,247.7892556800
105,105,3,91,1,185.8799945600
105,105,3,91,2,259.4203769600
105,105,3,91,3,236.2139366400
105,105,3,92,1,222.8800441600
105,105,3,92,2,255.5878400000
105,105,3,92,3,253.9307388800
105,105,3,93,1,282.1407241600
105,105,3,93,2,250.4830265600
105,105,3,93,3,235.5427363200
105,105,3,94,1,193.7509532800
105,105,3,94,2,276.3447974400
105,105,3,94,3,234.1635036800
105,105,3,95,1,212.1232640000
105,105,3,95,2,279.4277120000
105,105,3,95,3,206.8795878400
105,105,3,96,1,179.0554035200
105,105,3,96,2,260.9439673600
105,105,3,96,3,225.4214508800
105,105,3,97,1,147.7834848000
105,105,3,97,2,278.3474550400
105,105,3,97,3,220.3608080000
105,105,3,98,1,144.7234169600
105,105,3,98,2,317.2163254400
105,105,3,98,3,196.2605340800
105,105,3,99,1,133.5492339200
105,105,3,99,2,310.1149289600
105,105,3,99,3,170.2996611200
105,105,3,100,1,116.3445369600
105,105,3,100,2,264.9649897600
105,105,3,100,3,160.9615187200
105,105,3,101,1,151.8693334400
105,105,3,101,2,230.0705705600
105,105,3,101,3,139.0177065600
105,105,3,102,1,171.1203308800
105,105,3,102,2,210.8202521600
105,105,3,102,3,172.6884880000
105,105,3,103,1,155.0684204800
105,105,3,103,2,150.0439865600
105,105,3,103,3,151.2581424000
105,105,3,104,1,264.8786006400
105,105,3,104,2,171.7704678400
105,105,3,104,3,210.5402576000
105,105,3,105,1,199.3612150400
105,105,3,105,2,101.9667958400
105,105,3,105,3,221.3252339200
105,105,3,106,1,206.9210684800
105,105,3,106,2,34.4230400000
105,105,3,106,3,206.3923625600
105,105,3,107,1,247.7421340800
105,105,3,107,2,109.3397910400
105,105,3,107,3,185.1459254400
105,105,3,108,1,227.2968960000
105,105,3,108,2,176.7949017600
105,105,3,108,3,247.5379417600
105,105,3,109,1,225.0475788800
105,105,3,109,2,203.2603987200
105,105,3,109,3,287.5282659200
105,105,3,110,1,202.9804041600
105,105,3,110,2,0.0000000000
105,105,3,110,3,269.9598534400
105,105,3,111,1,189.0874880000
105,105,3,111,2,284.5282060800
105,105,3,111,3,255.7036800000
105,105,3,112,1,155.9370848000
105,105,3,112,2,294.1197017600
105,105,3,112,3,241.5470643200
105,105,3,113,1,184.3068745600
105,105,3,113,2,273.7688297600
105,105,3,113,3,215.4246073600
105,105,3,114,1,144.1410169600
105,105,3,114,2,263.3471564800
105,105,3,114,3,218.3386249600
105,105,3,115,1,168.1765334400
105,105,3,115,2,58.9859882615
105,105,3,115,3,218.5667689600
105,105,3,116,1,128.4754441600
105,105,3,116,2,229.6317395200
105,105,3,116,3,220.6176425600
105,105,3,117,1,161.9782508800
105,105,3,117,2,234.8894156800
105,105,3,117,3,183.2013017600
105,105,3,118,1,119.1384297600
105,105,3,118,2,281.0098115200
105,105,3,118,3,193.2058041600
105,105,3,119,1,153.7061964800
105,105,3,119,2,291.4786060800
105,105,3,119,3,186.3673926400
105,105,3,120,1,150.4715734400
105,105,3,120,2,0.0000000000
105,105,3,120,3,242.4181587200
105,105,3,121,1,274.7112569600
105,105,3,121,2,288.1329897600
105,105,3,121,3,291.9969411200
105,105,3,122,1,278.1726454400
105,105,3,122,2,0.0000000000
105,105,3,122,3,236.3516096000
105,105,3,123,1,307.4868067200
105,105,3,123,2,290.0178441600
105,105,3,123,3,211.4217219200
105,105,3,124,1,317.9810710400
105,105,3,124,2,307.7172067200
105,105,3,124,3,234.9308963200
105,105,3,125,1,251.4490140800
105,105,3,125,2,315.0000550400
105,105,3,125,3,260.3836160000
105,105,3,126,1,269.0638934400
105,105,3,126,2,285.0779552000
105,105,3,126,3,253.4359648000
105,105,3,127,1,279.2034928000
105,105,3,127,2,304.9126400000
105,105,3,127,3,182.1154710400
105,105,3,128,1,294.7367049600
105,105,3,128,2,157.5263459200
105,105,3,128,3,214.3253696000
105,105,3,129,1,275.4337843200
105,105,3,129,2,249.1793356800
105,105,3,129,3,275.2688595200
105,105,3,130,1,296.3963660800
105,105,3,130,2,303.4801897600
105,105,3,130,3,278.1071360000
105,105,3,131,1,314.5702400000
105,105,3,131,2,306.1278374400
105,105,3,131,3,270.1561926400
105,105,3,132,1,318.0090576000
105,105,3,132,2,101.4684294513
105,105,3,132,3,267.3603254400
105,105,3,133,1,310.5562035200
105,105,3,133,2,302.8749017600
105,105,3,133,3,287.9130902400
105,105,3,134,1,245.9854969600
105,105,3,134,2,293.9405475200
105,105,3,134,3,294.9007187200
105,105,3,135,1,265.3026928000
105,105,3,135,2,199.5864803534
105,105,3,135,3,271.7899945600
105,105,3,136,1,251.2399785600
105,105,3,136,2,294.7796611200
105,105,3,136,3,267.0383296000
105,105,3,137,1,212.3965180800
105,105,3,137,2,262.6953110400
105,105,3,137,3,286.5073030400
105,105,3,138,1,181.9871459200
105,105,3,138,2,217.3016080000
105,105,3,138,3,209.1610249600
105,105,3,139,1,187.2799673600
105,105,3,139,2,209.2170240000
105,105,3,139,3,164.3521065600
105,105,3,140,1,228.7087945600
105,105,3,140,2,227.1117884800
105,105,3,140,3,148.6126643200
105,105,3,141,1,195.7259520000
105,105,3,141,2,257.2292339200
105,105,3,141,3,188.0473600000
105,105,3,142,1,262.1926835200
105,105,3,142,2,276.6825004800
105,105,3,142,3,158.1581017600
105,105,3,143,1,293.0179036800
105,105,3,143,2,244.7099660800
105,105,3,143,3,172.0369897600
105,105,3,144,1,266.5906764800
105,105,3,144,2,238.2998185600
105,105,3,144,3,189.2710400000
105,105,3,145,1,280.0438236800
105,105,3,145,2,249.6741097600
105,105,3,145,3,172.9846236800
105,105,3,146,1,264.7112387200
105,105,3,146,2,239.9500582400
105,105,3,146,3,169.7370035200
105,105,3,147,1,274.2086291200
105,105,3,147,2,224.2703619200
105,105,3,147,3,145.7697625600
105,105,3,148,1,300.1686780800
105,105,3,148,2,250.2317126400
105,105,3,148,3,189.6962169600
105,105,3,149,1,170.6226134400
105,105,3,149,2,293.5539200000
105,105,3,149,3,228.5613654400
105,105,3,150,1,107.5145545600
105,105,3,150,2,298.3332880000
105,105,3,150,3,175.6202304000
105,105,3,151,1,137.3101558400
105,105,3,151,2,274.2871648000
105,105,3,151,3,177.5154982400
105,105,3,152,1,224.9755334400
105,105,3,152,2,278.5359404800
105,105,3,152,3,185.9836963200
105,105,3,153,1,218.7534320000
105,105,3,153,2,272.9206454400
105,105,3,153,3,242.3559376000
105,105,3,154,1,294.8172800000
105,105,3,154,2,294.3833600000
105,105,3,154,3,60.5169065600
105,105,3,155,1,264.3052908800
105,105,3,155,2,290.9524176000
105,105,3,155,3,253.0040188800
105,105,3,156,1,240.0537600000
105,105,3,156,2,294.2056134400
105,105,3,156,3,202.5552272000
105,105,3,157,1,260.3078291200
105,105,3,157,2,304.8079187200
105,105,3,157,3,205.0233273600
105,105,3,158,1,212.2720758400
105,105,3,158,2,264.4309478400
105,105,3,158,3,187.9229180800
105,105,3,159,1,220.3423145600
105,105,3,159,2,229.2139945600
105,105,3,159,3,165.6236800000
105,105,3,160,1,180.5558236800
105,105,3,160,2,190.4739795200
105,105,3,160,3,181.4935865600
105,105,3,161,1,158.6516611200
105,105,3,161,2,176.7751593600
105,105,3,161,3,200.7404473600
105,105,3,162,1,87.2928540800
105,105,3,162,2,212.4276284800
105,105,3,162,3,173.8236745600
105,105,3,163,1,164.7717964800
105,105,3,163,2,218.3801059200
105,105,3,163,3,147.7148800000
105,105,3,164,1,176.3010134400
105,105,3,164,2,207.5854505600
105,105,3,164,3,169.6736000000
105,105,3,165,1,182.3622508800
105,105,3,165,2,172.4219660800
105,105,3,165,3,153.7555526400
105,105,3,166,1,224.9547932800
105,105,3,166,2,216.1712595200
105,105,3,166,3,183.6060204800
105,105,3,167,1,251.9437884800
105,105,3,167,2,251.6139388800
105,105,3,167,3,172.2936406400
105,105,3,168,1,275.5751484800
105,105,3,168,2,253.6108374400
105,105,3,168,3,216.0084480000
110,110,3,1,1,243.7973910400
110,110,3,1,2,283.1773939200
110,110,3,1,3,156.2430915200
110,110,3,2,1,211.8157884800
110,110,3,2,2,251.4725750400
110,110,3,2,3,249.8861558400
110,110,3,3,1,210.0839702400
110,110,3,3,2,269.9205859200
110,110,3,3,3,256.6480704000
110,110,3,4,1,218.0171497600
110,110,3,4,2,258.1873680000
110,110,3,4,3,237.4612176000
110,110,3,5,1,193.3295785600
110,110,3,5,2,276.7247785600
110,110,3,5,3,218.3844265600
110,110,3,6,1,253.1218224000
110,110,3,6,2,297.1305219200
110,110,3,6,3,180.5558236800
110,110,3,7,1,304.1401491200
110,110,3,7,2,270.3289708800
110,110,3,7,3,191.4280352000
110,110,3,8,1,319.0107120000
110,110,3,8,2,296.6619120000
110,110,3,8,3,230.4717235200
110,110,3,9,1,282.2385184143
110,110,3,9,2,302.3399049600
110,110,3,9,3,256.3653424000
110,110,3,10,1,319.2569600000
110,110,3,10,2,282.0379734400
110,110,3,10,3,286.5711785600
110,110,3,11,1,316.5524611200
110,110,3,11,2,266.7084800000
110,110,3,11,3,297.0485152000
110,110,3,12,1,309.8650035200
110,110,3,12,2,267.7530035200
110,110,3,12,3,271.4049084800
110,110,3,13,1,302.1056000000
110,110,3,13,2,259.7188121600
110,110,3,13,3,199.5167673600
110,110,3,14,1,273.2583484800
110,110,3,14,2,246.6284473600
110,110,3,14,3,213.3090928000
110,110,3,15,1,238.3100160000
110,110,3,15,2,209.2680105600
110,110,3,15,3,218.9452800000
110,110,3,16,1,196.7271920000
110,110,3,16,2,150.3499932800
110,110,3,16,3,202.5552272000
110,110,3,17,1,229.5695187200
110,110,3,17,2,195.4412908800
110,110,3,17,3,213.9661683200
110,110,3,18,1,233.5309235200
110,110,3,18,2,188.0058793600
110,110,3,18,3,209.0262128000
110,110,3,19,1,226.5932800000
110,110,3,19,2,190.0799132800
110,110,3,19,3,244.6373750400
110,110,3,20,1,259.0321494400
110,110,3,20,2,201.1611305600
110,110,3,20,3,237.7412121600
110,110,3,21,1,259.3182806400
110,110,3,21,2,224.8510915200
110,110,3,21,3,237.5554134400
110,110,3,22,1,273.4625411200
110,110,3,22,2,258.4700963200
110,110,3,22,3,230.6894969600
110,110,3,23,1,252.5563660800
110,110,3,23,2,264.6115795200
110,110,3,23,3,201.4559891200
110,110,3,24,1,272.3708963200
110,110,3,24,2,294.9314208000
110,110,3,24,3,185.7451824000
110,110,3,25,1,268.4127024000
110,110,3,25,2,299.8601763200
110,110,3,25,3,205.5522060800
110,110,3,26,1,236.1856867200
110,110,3,26,2,300.9301696000
110,110,3,26,3,147.9414236800
110,110,3,27,1,212.0231920000
110,110,3,27,2,302.7968000000
110,110,3,27,3,162.0769625600
110,110,3,28,1,228.7917558400
110,110,3,28,2,268.6718697600
110,110,3,28,3,169.1842169600
110,110,3,29,1,231.8551040000
110,110,3,29,2,266.8046489600
110,110,3,29,3,182.3918643200
110,110,3,30,1,256.6794848000
110,110,3,30,2,279.9495811200
110,110,3,30,3,153.7950374400
110,110,3,31,1,275.0411065600
110,110,3,31,2,196.3953465600
110,110,3,31,3,162.0177356800
110,110,3,32,1,296.0956745600
110,110,3,32,2,160.2606643200
110,110,3,32,3,199.3404745600
110,110,3,33,1,285.4706332800
110,110,3,33,2,289.3667840000
110,110,3,33,3,200.6818560000
110,110,3,34,1,313.6755200000
110,110,3,34,2,120.9136074006
110,110,3,34,3,233.7901776000
110,110,3,35,1,316.8642169600
110,110,3,35,2,317.1908412800
110,110,3,35,3,211.2661696000
110,110,3,36,1,306.6433084800
110,110,3,36,2,319.9020800000
110,110,3,36,3,259.0669667200
110,110,3,37,1,282.8553980800
110,110,3,37,2,316.5713356800
110,110,3,37,3,259.3654019200
110,110,3,38,1,253.8462454400
110,110,3,38,2,305.6826576000
110,110,3,38,3,275.8752854400
110,110,3,39,1,258.6271673600
110,110,3,39,2,303.5348611200
110,110,3,39,3,251.0170684800
110,110,3,40,1,258.8627740800
110,110,3,40,2,303.0154848000
110,110,3,40,3,158.0791321600
110,110,3,41,1,232.9605641600
110,110,3,41,2,296.7296000000
110,110,3,41,3,166.0451795200
110,110,3,42,1,225.2347878400
110,110,3,42,2,303.5192406400
110,110,3,42,3,167.4970665600
110,110,3,43,1,216.3857494400
110,110,3,43,2,271.0279376000
110,110,3,43,3,196.2605340800
110,110,3,44,1,157.7533830400
110,110,3,44,2,247.9306195200
110,110,3,44,3,242.4077884800
110,110,3,45,1,197.8990211200
110,110,3,45,2,262.3104867200
110,110,3,45,3,276.3369436800
110,110,3,46,1,233.3546304000
110,110,3,46,2,264.0287145600
110,110,3,46,3,256.7580204800
110,110,3,47,1,266.8969654400
110,110,3,47,2,261.6664950400
110,110,3,47,3,284.2621014400
110,110,3,48,1,288.3782825600
110,110,3,48,2,76.1543085348
110,110,3,48,3,279.5254889600
110,110,3,49,1,251.3469180800
110,110,3,49,2,296.0956745600
110,110,3,49,3,220.4541395200
110,110,3,50,1,208.6839974400
110,110,3,50,2,213.0456028995
110,110,3,50,3,234.9308963200
110,110,3,51,1,215.9223756800
110,110,3,51,2,309.1347526400
110,110,3,51,3,227.4747443200
110,110,3,52,1,235.2316310400
110,110,3,52,2,156.4405152000
110,110,3,52,3,274.0829721600
110,110,3,53,1,202.2726400000
110,110,3,53,2,178.6694400000
110,110,3,53,3,277.3966505600
110,110,3,54,1,216.9386521600
110,110,3,54,2,223.5859308800
110,110,3,54,3,309.9157696000
110,110,3,55,1,88.7658521600
110,110,3,55,2,166.4400272000
110,110,3,55,3,318.2778576000
110,110,3,56,1,77.0547417600
110,110,3,56,2,244.2951593600
110,110,3,56,3,146.6526527222
110,110,3,57,1,204.9889987200
110,110,3,57,2,240.7900419200
110,110,3,57,3,1.9639115046
110,110,3,58,1,232.3487241600
110,110,3,58,2,182.4065065600
110,110,3,58,3,117.0234358881
110,110,3,59,1,285.8711648000
110,110,3,59,2,209.7313843200
110,110,3,59,3,285.9160665855
110,110,3,60,1,294.2368540800
110,110,3,60,2,233.1575974400
110,110,3,60,3,0.0000000000
110,110,3,61,1,282.6017280000
110,110,3,61,2,284.3397206400
110,110,3,61,3,190.5772420396
110,110,3,62,1,262.4832649600
110,110,3,62,2,306.3426169600
110,110,3,62,3,311.3567459200
110,110,3,63,1,246.1514195200
110,110,3,63,2,316.2726400000
110,110,3,63,3,166.2744907004
110,110,3,64,1,273.0620096000
110,110,3,64,2,317.7688950400
110,110,3,64,3,299.7340691200
110,110,3,65,1,260.7947497600
110,110,3,65,2,61.4691424724
110,110,3,65,3,293.1239049600
110,110,3,66,1,227.2663040000
110,110,3,66,2,314.6370169600
110,110,3,66,3,312.7923200000
110,110,3,67,1,177.0219388800
110,110,3,67,2,289.7167008000
110,110,3,67,3,284.2288556546
110,110,3,68,1,216.7616441600
110,110,3,68,2,260.8340176000
110,110,3,68,3,314.7190236800
110,110,3,69,1,220.9519078400
110,110,3,69,2,197.9081814400
110,110,3,69,3,317.9303049600
110,110,3,70,1,197.1523689600
110,110,3,70,2,188.2443932800
110,110,3,70,3,313.0593625600
110,110,3,71,1,227.8377004800
110,110,3,71,2,260.5120217600
110,110,3,71,3,309.6012800000
110,110,3,72,1,270.7687702400
110,110,3,72,2,243.7559104000
110,110,3,72,3,308.8223459200
110,110,3,73,1,239.5041411200
110,110,3,73,2,258.3915606400
110,110,3,73,3,310.0407321600
110,110,3,74,1,224.7370195200
110,110,3,74,2,304.6009491200
110,110,3,74,3,302.0626441600
110,110,3,75,1,179.9240678400
110,110,3,75,2,316.1730169600
110,110,3,75,3,304.5814236800
110,110,3,76,1,143.1736406400
110,110,3,76,2,209.0573235200
110,110,3,76,3,316.7991321600
110,110,3,77,1,155.6064000000
110,110,3,77,2,218.6699520000
110,110,3,77,3,316.1811200000
110,110,3,78,1,125.9910726400
110,110,3,78,2,296.7456225744
110,110,3,78,3,318.3624678400
110,110,3,79,1,175.9064950400
110,110,3,79,2,298.4816812800
110,110,3,79,3,304.0464272000
110,110,3,80,1,184.6227526400
110,110,3,80,2,303.4255187200
110,110,3,80,3,294.3344812800
110,110,3,81,1,204.9851305600
110,110,3,81,2,295.1272134400
110,110,3,81,3,317.2469152000
110,110,3,82,1,213.9624134400
110,110,3,82,2,302.7123200000
110,110,3,82,3,318.3712000000
110,110,3,83,1,202.5759673600
110,110,3,83,2,290.1670617600
110,110,3,83,3,318.2017084800
110,110,3,84,1,245.5706902400
110,110,3,84,2,302.7577491200
110,110,3,84,3,318.8603660800
110,110,3,85,1,241.6241494400
110,110,3,85,2,316.1209491200
110,110,3,85,3,299.3251795200
110,110,3,86,1,189.2606697600
110,110,3,86,2,313.6334102400
110,110,3,86,3,284.0255782400
110,110,3,87,1,179.1343728000
110,110,3,87,2,299.7209600000
110,110,3,87,3,300.9036800000
110,110,3,88,1,190.8991564800
110,110,3,88,2,178.1052625640
110,110,3,88,3,274.9468636800
110,110,3,89,1,156.6478102400
110,110,3,89,2,279.9781516800
110,110,3,89,3,286.3423782400
110,110,3,90,1,150.9083734400
110,110,3,90,2,259.6190720000
110,110,3,90,3,247.7892556800
110,110,3,91,1,185.8799945600
110,110,3,91,2,259.4203769600
110,110,3,91,3,236.2139366400
110,110,3,92,1,222.8800441600
110,110,3,92,2,255.5878400000
110,110,3,92,3,253.9307388800
110,110,3,93,1,282.1407241600
110,110,3,93,2,250.4830265600
110,110,3,93,3,235.5427363200
110,110,3,94,1,193.7509532800
110,110,3,94,2,276.3447974400
110,110,3,94,3,234.1635036800
110,110,3,95,1,212.1232640000
110,110,3,95,2,279.4277120000
110,110,3,95,3,206.8795878400
110,110,3,96,1,179.0554035200
110,110,3,96,2,260.9439673600
110,110,3,96,3,225.4214508800
110,110,3,97,1,147.7834848000
110,110,3,97,2,278.3474550400
110,110,3,97,3,220.3608080000
110,110,3,98,1,144.7234169600
110,110,3,98,2,317.2163254400
110,110,3,98,3,196.2605340800
110,110,3,99,1,133.5492339200
110,110,3,99,2,310.1149289600
110,110,3,99,3,170.2996611200
110,110,3,100,1,116.3445369600
110,110,3,100,2,264.9649897600
110,110,3,100,3,160.9615187200
110,110,3,101,1,151.8693334400
110,110,3,101,2,230.0705705600
110,110,3,101,3,139.0177065600
110,110,3,102,1,171.1203308800
110,110,3,102,2,210.8202521600
110,110,3,102,3,172.6884880000
110,110,3,103,1,155.0684204800
110,110,3,103,2,150.0439865600
110,110,3,103,3,151.2581424000
110,110,3,104,1,264.8786006400
110,110,3,104,2,171.7704678400
110,110,3,104,3,210.5402576000
110,110,3,105,1,199.3612150400
110,110,3,105,2,101.9667958400
110,110,3,105,3,221.3252339200
110,110,3,106,1,206.9210684800
110,110,3,106,2,34.4230400000
110,110,3,106,3,206.3923625600
110,110,3,107,1,247.7421340800
110,110,3,107,2,109.3397910400
110,110,3,107,3,185.1459254400
110,110,3,108,1,227.2968960000
110,110,3,108,2,176.7949017600
110,110,3,108,3,247.5379417600
110,110,3,109,1,225.0475788800
110,110,3,109,2,203.2603987200
110,110,3,109,3,287.5282659200
110,110,3,110,1,202.9804041600
110,110,3,110,2,248.9987036800
110,110,3,110,3,269.9598534400
110,110,3,111,1,189.0874880000
110,110,3,111,2,284.5282060800
110,110,3,111,3,255.7036800000
110,110,3,112,1,155.9370848000
110,110,3,112,2,294.1197017600
110,110,3,112,3,241.5470643200
110,110,3,113,1,184.3068745600
110,110,3,113,2,273.7688297600
110,110,3,113,3,215.4246073600
110,110,3,114,1,144.1410169600
110,110,3,114,2,263.3471564800
110,110,3,114,3,218.3386249600
110,110,3,115,1,168.1765334400
110,110,3,115,2,266.5076905600
110,110,3,115,3,218.5667689600
110,110,3,116,1,128.4754441600
110,110,3,116,2,229.6317395200
110,110,3,116,3,220.6176425600
110,110,3,117,1,161.9782508800
110,110,3,117,2,234.8894156800
110,110,3,117,3,183.2013017600
110,110,3,118,1,119.1384297600
110,110,3,118,2,281.0098115200
110,110,3,118,3,193.2058041600
110,110,3,119,1,153.7061964800
110,110,3,119,2,291.4786060800
110,110,3,119,3,186.3673926400
110,110,3,120,1,150.4715734400
110,110,3,120,2,307.6851200000
110,110,3,120,3,242.4181587200
110,110,3,121,1,274.7112569600
110,110,3,121,2,288.1329897600
110,110,3,121,3,291.9969411200
110,110,3,122,1,278.1726454400
110,110,3,122,2,197.5064601264
110,110,3,122,3,236.3516096000
110,110,3,123,1,307.4868067200
110,110,3,123,2,290.0178441600
110,110,3,123,3,211.4217219200
110,110,3,124,1,317.9810710400
110,110,3,124,2,307.7172067200
110,110,3,124,3,234.9308963200
110,110,3,125,1,251.4490140800
110,110,3,125,2,315.0000550400
110,110,3,125,3,260.3836160000
110,110,3,126,1,269.0638934400
110,110,3,126,2,285.0779552000
110,110,3,126,3,253.4359648000
110,110,3,127,1,279.2034928000
110,110,3,127,2,304.9126400000
110,110,3,127,3,182.1154710400
110,110,3,128,1,294.7367049600
110,110,3,128,2,157.5263459200
110,110,3,128,3,214.3253696000
110,110,3,129,1,275.4337843200
110,110,3,129,2,249.1793356800
110,110,3,129,3,275.2688595200
110,110,3,130,1,296.3963660800
110,110,3,130,2,303.4801897600
110,110,3,130,3,278.1071360000
110,110,3,131,1,314.5702400000
110,110,3,131,2,306.1278374400
110,110,3,131,3,270.1561926400
110,110,3,132,1,318.0090576000
110,110,3,132,2,313.1417600000
110,110,3,132,3,267.3603254400
110,110,3,133,1,310.5562035200
110,110,3,133,2,302.8749017600
110,110,3,133,3,287.9130902400
110,110,3,134,1,245.9854969600
110,110,3,134,2,166.7288691171
110,110,3,134,3,232.1343715550
110,110,3,135,1,265.3026928000
110,110,3,135,2,292.1855574400
110,110,3,135,3,271.7899945600
110,110,3,136,1,251.2399785600
110,110,3,136,2,294.7796611200
110,110,3,136,3,267.0383296000
110,110,3,137,1,212.3965180800
110,110,3,137,2,262.6953110400
110,110,3,137,3,286.5073030400
110,110,3,138,1,181.9871459200
110,110,3,138,2,217.3016080000
110,110,3,138,3,209.1610249600
110,110,3,139,1,187.2799673600
110,110,3,139,2,209.2170240000
110,110,3,139,3,164.3521065600
110,110,3,140,1,228.7087945600
110,110,3,140,2,227.1117884800
110,110,3,140,3,148.6126643200
110,110,3,141,1,195.7259520000
110,110,3,141,2,257.2292339200
110,110,3,141,3,188.0473600000
110,110,3,142,1,262.1926835200
110,110,3,142,2,276.6825004800
110,110,3,142,3,158.1581017600
110,110,3,143,1,293.0179036800
110,110,3,143,2,244.7099660800
110,110,3,143,3,172.0369897600
110,110,3,144,1,266.5906764800
110,110,3,144,2,238.2998185600
110,110,3,144,3,189.2710400000
110,110,3,145,1,280.0438236800
110,110,3,145,2,249.6741097600
110,110,3,145,3,172.9846236800
110,110,3,146,1,264.7112387200
110,110,3,146,2,239.9500582400
110,110,3,146,3,169.7370035200
110,110,3,147,1,274.2086291200
110,110,3,147,2,224.2703619200
110,110,3,147,3,145.7697625600
110,110,3,148,1,300.1686780800
110,110,3,148,2,250.2317126400
110,110,3,148,3,189.6962169600
110,110,3,149,1,170.6226134400
110,110,3,149,2,293.5539200000
110,110,3,149,3,228.5613654400
110,110,3,150,1,107.5145545600
110,110,3,150,2,298.3332880000
110,110,3,150,3,175.6202304000
110,110,3,151,1,137.3101558400
110,110,3,151,2,274.2871648000
110,110,3,151,3,177.5154982400
110,110,3,152,1,224.9755334400
110,110,3,152,2,278.5359404800
110,110,3,152,3,185.9836963200
110,110,3,153,1,218.7534320000
110,110,3,153,2,272.9206454400
110,110,3,153,3,242.3559376000
110,110,3,154,1,294.8172800000
110,110,3,154,2,294.3833600000
110,110,3,154,3,60.5169065600
110,110,3,155,1,264.3052908800
110,110,3,155,2,290.9524176000
110,110,3,155,3,253.0040188800
110,110,3,156,1,240.0537600000
110,110,3,156,2,294.2056134400
110,110,3,156,3,202.5552272000
110,110,3,157,1,260.3078291200
110,110,3,157,2,304.8079187200
110,110,3,157,3,205.0233273600
110,110,3,158,1,212.2720758400
110,110,3,158,2,264.4309478400
110,110,3,158,3,187.9229180800
110,110,3,159,1,220.3423145600
110,110,3,159,2,229.2139945600
110,110,3,159,3,165.6236800000
110,110,3,160,1,180.5558236800
110,110,3,160,2,190.4739795200
110,110,3,160,3,181.4935865600
110,110,3,161,1,158.6516611200
110,110,3,161,2,176.7751593600
110,110,3,161,3,200.7404473600
110,110,3,162,1,87.2928540800
110,110,3,162,2,212.4276284800
110,110,3,162,3,173.8236745600
110,110,3,163,1,164.7717964800
110,110,3,163,2,218.3801059200
110,110,3,163,3,147.7148800000
110,110,3,164,1,176.3010134400
110,110,3,164,2,207.5854505600
110,110,3,164,3,169.6736000000
110,110,3,165,1,182.3622508800
110,110,3,165,2,172.4219660800
110,110,3,165,3,153.7555526400
110,110,3,166,1,224.9547932800
110,110,3,166,2,216.1712595200
110,110,3,166,3,183.6060204800
110,110,3,167,1,251.9437884800
110,110,3,167,2,251.6139388800
110,110,3,167,3,172.2936406400
110,110,3,168,1,275.5751484800
110,110,3,168,2,253.6108374400
110,110,3,168,3,216.0084480000
113,113,1,1,1,274.7112569600
113,113,1,1,2,288.1329897600
113,113,1,1,3,291.9969411200
113,113,1,2,1,278.1726454400
113,113,1,2,2,256.6323635200
113,113,1,2,3,236.3516096000
113,113,1,3,1,307.4868067200
113,113,1,3,2,290.0178441600
113,113,1,3,3,211.4217219200
113,113,1,4,1,317.9810710400
113,113,1,4,2,307.7172067200
113,113,1,4,3,234.9308963200
113,113,1,5,1,251.4490140800
113,113,1,5,2,315.0000550400
113,113,1,5,3,260.3836160000
113,113,1,6,1,269.0638934400
113,113,1,6,2,285.0779552000
113,113,1,6,3,253.4359648000
113,113,1,7,1,279.2034928000
113,113,1,7,2,304.9126400000
113,113,1,7,3,182.1154710400
113,113,1,8,1,294.7367049600
113,113,1,8,2,157.5263459200
113,113,1,8,3,214.3253696000
113,113,1,9,1,275.4337843200
113,113,1,9,2,249.1793356800
113,113,1,9,3,275.2688595200
113,113,1,10,1,296.3963660800
113,113,1,10,2,303.4801897600
113,113,1,10,3,278.1071360000
113,113,1,11,1,314.5702400000
113,113,1,11,2,306.1278374400
113,113,1,11,3,270.1561926400
113,113,1,12,1,318.0090576000
113,113,1,12,2,313.1417600000
113,113,1,12,3,267.3603254400
113,113,1,13,1,310.5562035200
113,113,1,13,2,302.8749017600
113,113,1,13,3,287.9130902400
113,113,1,14,1,245.9854969600
113,113,1,14,2,293.9405475200
113,113,1,14,3,294.9007187200
113,113,1,15,1,265.3026928000
113,113,1,15,2,292.1855574400
113,113,1,15,3,271.7899945600
113,113,1,16,1,251.2399785600
113,113,1,16,2,294.7796611200
113,113,1,16,3,267.0383296000
113,113,1,17,1,212.3965180800
113,113,1,17,2,262.6953110400
113,113,1,17,3,286.5073030400
113,113,1,18,1,181.9871459200
113,113,1,18,2,217.3016080000
113,113,1,18,3,209.1610249600
113,113,1,19,1,187.2799673600
113,113,1,19,2,209.2170240000
113,113,1,19,3,164.3521065600
113,113,1,20,1,228.7087945600
113,113,1,20,2,227.1117884800
113,113,1,20,3,148.6126643200
113,113,1,21,1,195.7259520000
113,113,1,21,2,257.2292339200
113,113,1,21,3,188.0473600000
113,113,1,22,1,262.1926835200
113,113,1,22,2,276.6825004800
113,113,1,22,3,158.1581017600
113,113,1,23,1,293.0179036800
113,113,1,23,2,244.7099660800
113,113,1,23,3,172.0369897600
113,113,1,24,1,266.5906764800
113,113,1,24,2,238.2998185600
113,113,1,24,3,189.2710400000
113,113,1,25,1,280.0438236800
113,113,1,25,2,249.6741097600
113,113,1,25,3,172.9846236800
113,113,1,26,1,264.7112387200
113,113,1,26,2,239.9500582400
113,113,1,26,3,169.7370035200
113,113,1,27,1,274.2086291200
113,113,1,27,2,224.2703619200
113,113,1,27,3,145.7697625600
113,113,1,28,1,300.1686780800
113,113,1,28,2,250.2317126400
113,113,1,28,3,189.6962169600
113,113,1,29,1,170.6226134400
113,113,1,29,2,293.5539200000
113,113,1,29,3,228.5613654400
113,113,1,30,1,107.5145545600
113,113,1,30,2,298.3332880000
113,113,1,30,3,175.6202304000
113,113,1,31,1,137.3101558400
113,113,1,31,2,274.2871648000
113,113,1,31,3,177.5154982400
113,113,1,32,1,224.9755334400
113,113,1,32,2,278.5359404800
113,113,1,32,3,185.9836963200
113,113,1,33,1,218.7534320000
113,113,1,33,2,272.9206454400
113,113,1,33,3,242.3559376000
113,113,1,34,1,294.8172800000
113,113,1,34,2,294.3833600000
113,113,1,34,3,60.5169065600
113,113,1,35,1,264.3052908800
113,113,1,35,2,290.9524176000
113,113,1,35,3,253.0040188800
113,113,1,36,1,240.0537600000
113,113,1,36,2,0.0000000000
113,113,1,36,3,202.5552272000
113,113,1,37,1,0.0000000000
113,113,1,37,2,304.8079187200
113,113,1,37,3,205.0233273600
113,113,1,38,1,212.2720758400
113,113,1,38,2,264.4309478400
113,113,1,38,3,187.9229180800
113,113,1,39,1,220.3423145600
113,113,1,39,2,229.2139945600
113,113,1,39,3,165.6236800000
113,113,1,40,1,180.5558236800
113,113,1,40,2,190.4739795200
113,113,1,40,3,181.4935865600
113,113,1,41,1,158.6516611200
113,113,1,41,2,176.7751593600
113,113,1,41,3,200.7404473600
113,113,1,42,1,87.2928540800
113,113,1,42,2,212.4276284800
113,113,1,42,3,173.8236745600
113,113,1,43,1,164.7717964800
113,113,1,43,2,218.3801059200
113,113,1,43,3,147.7148800000
113,113,1,44,1,176.3010134400
113,113,1,44,2,207.5854505600
113,113,1,44,3,169.6736000000
113,113,1,45,1,182.3622508800
113,113,1,45,2,172.4219660800
113,113,1,45,3,153.7555526400
113,113,1,46,1,224.9547932800
113,113,1,46,2,216.1712595200
113,113,1,46,3,183.6060204800
113,113,1,47,1,251.9437884800
113,113,1,47,2,251.6139388800
113,113,1,47,3,172.2936406400
113,113,1,48,1,275.5751484800
113,113,1,48,2,253.6108374400
113,113,1,48,3,216.0084480000
113,113,1,49,1,243.7973910400
113,113,1,49,2,283.1773939200
113,113,1,49,3,156.2430915200
113,113,1,50,1,211.8157884800
113,113,1,50,2,251.4725750400
113,113,1,50,3,249.8861558400
113,113,1,51,1,210.0839702400
113,113,1,51,2,269.9205859200
113,113,1,51,3,256.6480704000
113,113,1,52,1,218.0171497600
113,113,1,52,2,258.1873680000
113,113,1,52,3,237.4612176000
113,113,1,53,1,193.3295785600
113,113,1,53,2,276.7247785600
113,113,1,53,3,218.3844265600
113,113,1,54,1,253.1218224000
113,113,1,54,2,297.1305219200
113,113,1,54,3,180.5558236800
113,113,1,55,1,304.1401491200
113,113,1,55,2,270.3289708800
113,113,1,55,3,191.4280352000
113,113,1,56,1,319.0107120000
113,113,1,56,2,296.6619120000
113,113,1,56,3,230.4717235200
113,113,1,57,1,318.4444745600
113,113,1,57,2,302.3399049600
113,113,1,57,3,256.3653424000
113,113,1,58,1,319.2569600000
113,113,1,58,2,282.0379734400
113,113,1,58,3,286.5711785600
113,113,1,59,1,316.5524611200
113,113,1,59,2,266.7084800000
113,113,1,59,3,297.0485152000
113,113,1,60,1,309.8650035200
113,113,1,60,2,267.7530035200
113,113,1,60,3,271.4049084800
113,113,1,61,1,302.1056000000
113,113,1,61,2,259.7188121600
113,113,1,61,3,199.5167673600
113,113,1,62,1,273.2583484800
113,113,1,62,2,246.6284473600
113,113,1,62,3,213.3090928000
113,113,1,63,1,238.3100160000
113,113,1,63,2,209.2680105600
113,113,1,63,3,218.9452800000
113,113,1,64,1,196.7271920000
113,113,1,64,2,150.3499932800
113,113,1,64,3,202.5552272000
113,113,1,65,1,229.5695187200
113,113,1,65,2,195.4412908800
113,113,1,65,3,213.9661683200
113,113,1,66,1,233.5309235200
113,113,1,66,2,0.0000000000
113,113,1,66,3,209.0262128000
113,113,1,67,1,226.5932800000
113,113,1,67,2,0.0000000000
113,113,1,67,3,244.6373750400
113,113,1,68,1,259.0321494400
113,113,1,68,2,201.1611305600
113,113,1,68,3,237.7412121600
113,113,1,69,1,259.3182806400
113,113,1,69,2,224.8510915200
113,113,1,69,3,237.5554134400
113,113,1,70,1,273.4625411200
113,113,1,70,2,258.4700963200
113,113,1,70,3,230.6894969600
113,113,1,71,1,252.5563660800
113,113,1,71,2,264.6115795200
113,113,1,71,3,201.4559891200
113,113,1,72,1,272.3708963200
113,113,1,72,2,294.9314208000
113,113,1,72,3,185.7451824000
113,113,1,73,1,268.4127024000
113,113,1,73,2,299.8601763200
113,113,1,73,3,205.5522060800
113,113,1,74,1,236.1856867200
113,113,1,74,2,300.9301696000
113,113,1,74,3,147.9414236800
113,113,1,75,1,212.0231920000
113,113,1,75,2,302.7968000000
113,113,1,75,3,162.0769625600
113,113,1,76,1,228.7917558400
113,113,1,76,2,268.6718697600
113,113,1,76,3,169.1842169600
113,113,1,77,1,231.8551040000
113,113,1,77,2,266.8046489600
113,113,1,77,3,182.3918643200
113,113,1,78,1,256.6794848000
113,113,1,78,2,279.9495811200
113,113,1,78,3,153.7950374400
113,113,1,79,1,275.0411065600
113,113,1,79,2,196.3953465600
113,113,1,79,3,162.0177356800
113,113,1,80,1,296.0956745600
113,113,1,80,2,160.2606643200
113,113,1,80,3,199.3404745600
113,113,1,81,1,285.4706332800
113,113,1,81,2,289.3667840000
113,113,1,81,3,0.0000000000
113,113,1,82,1,313.6755200000
113,113,1,82,2,302.9725289600
113,113,1,82,3,233.7901776000
113,113,1,83,1,316.8642169600
113,113,1,83,2,317.1908412800
113,113,1,83,3,211.2661696000
113,113,1,84,1,306.6433084800
113,113,1,84,2,319.9020800000
113,113,1,84,3,0.0000000000
113,113,1,85,1,282.8553980800
113,113,1,85,2,316.5713356800
113,113,1,85,3,259.3654019200
113,113,1,86,1,253.8462454400
113,113,1,86,2,305.6826576000
113,113,1,86,3,275.8752854400
113,113,1,87,1,258.6271673600
113,113,1,87,2,303.5348611200
113,113,1,87,3,251.0170684800
113,113,1,88,1,258.8627740800
113,113,1,88,2,303.0154848000
113,113,1,88,3,158.0791321600
113,113,1,89,1,232.9605641600
113,113,1,89,2,296.7296000000
113,113,1,89,3,166.0451795200
113,113,1,90,1,225.2347878400
113,113,1,90,2,303.5192406400
113,113,1,90,3,167.4970665600
113,113,1,91,1,216.3857494400
113,113,1,91,2,271.0279376000
113,113,1,91,3,196.2605340800
113,113,1,92,1,157.7533830400
113,113,1,92,2,247.9306195200
113,113,1,92,3,242.4077884800
113,113,1,93,1,197.8990211200
113,113,1,93,2,262.3104867200
113,113,1,93,3,276.3369436800
113,113,1,94,1,233.3546304000
113,113,1,94,2,264.0287145600
113,113,1,94,3,256.7580204800
113,113,1,95,1,266.8969654400
113,113,1,95,2,261.6664950400
113,113,1,95,3,284.2621014400
113,113,1,96,1,288.3782825600
113,113,1,96,2,262.2005369600
113,113,1,96,3,279.5254889600
113,113,1,97,1,251.3469180800
113,113,1,97,2,296.0956745600
113,113,1,97,3,220.4541395200
113,113,1,98,1,208.6839974400
113,113,1,98,2,317.2931254400
113,113,1,98,3,234.9308963200
113,113,1,99,1,215.9223756800
113,113,1,99,2,309.1347526400
113,113,1,99,3,227.4747443200
113,113,1,100,1,235.2316310400
113,113,1,100,2,156.4405152000
113,113,1,100,3,274.0829721600
113,113,1,101,1,202.2726400000
113,113,1,101,2,178.6694400000
113,113,1,101,3,277.3966505600
113,113,1,102,1,216.9386521600
113,113,1,102,2,223.5859308800
113,113,1,102,3,309.9157696000
113,113,1,103,1,88.7658521600
113,113,1,103,2,166.4400272000
113,113,1,103,3,318.2778576000
113,113,1,104,1,77.0547417600
113,113,1,104,2,244.2951593600
113,113,1,104,3,320.0000000000
113,113,1,105,1,204.9889987200
113,113,1,105,2,240.7900419200
113,113,1,105,3,320.0000000000
113,113,1,106,1,232.3487241600
113,113,1,106,2,182.4065065600
113,113,1,106,3,314.4320000000
113,113,1,107,1,285.8711648000
113,113,1,107,2,209.7313843200
113,113,1,107,3,318.8135049600
113,113,1,108,1,294.2368540800
113,113,1,108,2,233.1575974400
113,113,1,108,3,317.0718374400
113,113,1,109,1,282.6017280000
113,113,1,109,2,284.3397206400
113,113,1,109,3,301.7385219200
113,113,1,110,1,262.4832649600
113,113,1,110,2,306.3426169600
113,113,1,110,3,311.3567459200
113,113,1,111,1,246.1514195200
113,113,1,111,2,316.2726400000
113,113,1,111,3,310.0544000000
113,113,1,112,1,273.0620096000
113,113,1,112,2,317.7688950400
113,113,1,112,3,299.7340691200
113,113,1,113,1,260.7947497600
113,113,1,113,2,316.5947660800
113,113,1,113,3,293.1239049600
113,113,1,114,1,227.2663040000
113,113,1,114,2,314.6370169600
113,113,1,114,3,312.7923200000
113,113,1,115,1,177.0219388800
113,113,1,115,2,289.7167008000
113,113,1,115,3,298.5988339200
113,113,1,116,1,216.7616441600
113,113,1,116,2,260.8340176000
113,113,1,116,3,314.7190236800
113,113,1,117,1,220.9519078400
113,113,1,117,2,197.9081814400
113,113,1,117,3,317.9303049600
113,113,1,118,1,197.1523689600
113,113,1,118,2,188.2443932800
113,113,1,118,3,313.0593625600
113,113,1,119,1,227.8377004800
113,113,1,119,2,260.5120217600
113,113,1,119,3,309.6012800000
113,113,1,120,1,270.7687702400
113,113,1,120,2,243.7559104000
113,113,1,120,3,308.8223459200
113,113,1,121,1,239.5041411200
113,113,1,121,2,258.3915606400
113,113,1,121,3,310.0407321600
113,113,1,122,1,224.7370195200
113,113,1,122,2,304.6009491200
113,113,1,122,3,302.0626441600
113,113,1,123,1,179.9240678400
113,113,1,123,2,316.1730169600
113,113,1,123,3,304.5814236800
113,113,1,124,1,143.1736406400
113,113,1,124,2,209.0573235200
113,113,1,124,3,316.7991321600
113,113,1,125,1,155.6064000000
113,113,1,125,2,0.0000000000
113,113,1,125,3,316.1811200000
113,113,1,126,1,125.9910726400
113,113,1,126,2,297.9232540800
113,113,1,126,3,318.3624678400
113,113,1,127,1,175.9064950400
113,113,1,127,2,298.4816812800
113,113,1,127,3,304.0464272000
113,113,1,128,1,184.6227526400
113,113,1,128,2,303.4255187200
113,113,1,128,3,294.3344812800
113,113,1,129,1,204.9851305600
113,113,1,129,2,295.1272134400
113,113,1,129,3,317.2469152000
113,113,1,130,1,213.9624134400
113,113,1,130,2,302.7123200000
113,113,1,130,3,318.3712000000
113,113,1,131,1,202.5759673600
113,113,1,131,2,290.1670617600
113,113,1,131,3,318.2017084800
113,113,1,132,1,245.5706902400
113,113,1,132,2,302.7577491200
113,113,1,132,3,318.8603660800
113,113,1,133,1,241.6241494400
113,113,1,133,2,316.1209491200
113,113,1,133,3,299.3251795200
113,113,1,134,1,189.2606697600
113,113,1,134,2,313.6334102400
113,113,1,134,3,284.0255782400
113,113,1,135,1,179.1343728000
113,113,1,135,2,299.7209600000
113,113,1,135,3,300.9036800000
113,113,1,136,1,190.8991564800
113,113,1,136,2,290.7717859200
113,113,1,136,3,274.9468636800
113,113,1,137,1,156.6478102400
113,113,1,137,2,279.9781516800
113,113,1,137,3,286.3423782400
113,113,1,138,1,150.9083734400
113,113,1,138,2,259.6190720000
113,113,1,138,3,247.7892556800
113,113,1,139,1,185.8799945600
113,113,1,139,2,259.4203769600
113,113,1,139,3,236.2139366400
113,113,1,140,1,222.8800441600
113,113,1,140,2,255.5878400000
113,113,1,140,3,253.9307388800
113,113,1,141,1,282.1407241600
113,113,1,141,2,250.4830265600
113,113,1,141,3,235.5427363200
113,113,1,142,1,193.7509532800
113,113,1,142,2,276.3447974400
113,113,1,142,3,234.1635036800
113,113,1,143,1,212.1232640000
113,113,1,143,2,279.4277120000
113,113,1,143,3,206.8795878400
113,113,1,144,1,179.0554035200
113,113,1,144,2,260.9439673600
113,113,1,144,3,225.4214508800
113,113,1,145,1,147.7834848000
113,113,1,145,2,278.3474550400
113,113,1,145,3,220.3608080000
113,113,1,146,1,144.7234169600
113,113,1,146,2,317.2163254400
113,113,1,146,3,196.2605340800
113,113,1,147,1,133.5492339200
113,113,1,147,2,310.1149289600
113,113,1,147,3,170.2996611200
113,113,1,148,1,116.3445369600
113,113,1,148,2,264.9649897600
113,113,1,148,3,160.9615187200
113,113,1,149,1,151.8693334400
113,113,1,149,2,230.0705705600
113,113,1,149,3,139.0177065600
113,113,1,150,1,171.1203308800
113,113,1,150,2,210.8202521600
113,113,1,150,3,172.6884880000
113,113,1,151,1,155.0684204800
113,113,1,151,2,150.0439865600
113,113,1,151,3,151.2581424000
113,113,1,152,1,264.8786006400
113,113,1,152,2,171.7704678400
113,113,1,152,3,210.5402576000
113,113,1,153,1,199.3612150400
113,113,1,153,2,101.9667958400
113,113,1,153,3,221.3252339200
113,113,1,154,1,206.9210684800
113,113,1,154,2,34.4230400000
113,113,1,154,3,206.3923625600
113,113,1,155,1,247.7421340800
113,113,1,155,2,109.3397910400
113,113,1,155,3,185.1459254400
113,113,1,156,1,227.2968960000
113,113,1,156,2,176.7949017600
113,113,1,156,3,247.5379417600
113,113,1,157,1,0.0000000000
113,113,1,157,2,203.2603987200
113,113,1,157,3,287.5282659200
113,113,1,158,1,202.9804041600
113,113,1,158,2,248.9987036800
113,113,1,158,3,269.9598534400
113,113,1,159,1,189.0874880000
113,113,1,159,2,284.5282060800
113,113,1,159,3,255.7036800000
113,113,1,160,1,155.9370848000
113,113,1,160,2,294.1197017600
113,113,1,160,3,241.5470643200
113,113,1,161,1,184.3068745600
113,113,1,161,2,273.7688297600
113,113,1,161,3,215.4246073600
113,113,1,162,1,144.1410169600
113,113,1,162,2,263.3471564800
113,113,1,162,3,218.3386249600
113,113,1,163,1,168.1765334400
113,113,1,163,2,266.5076905600
113,113,1,163,3,218.5667689600
113,113,1,164,1,128.4754441600
113,113,1,164,2,229.6317395200
113,113,1,164,3,220.6176425600
113,113,1,165,1,161.9782508800
113,113,1,165,2,234.8894156800
113,113,1,165,3,183.2013017600
113,113,1,166,1,119.1384297600
113,113,1,166,2,281.0098115200
113,113,1,166,3,193.2058041600
113,113,1,167,1,153.7061964800
113,113,1,167,2,291.4786060800
113,113,1,167,3,186.3673926400
113,113,1,168,1,150.4715734400
113,113,1,168,2,307.6851200000
113,113,1,168,3,242.4181587200
